time_s,roll_deg,pitch_deg,yaw_deg,gyro_x_dps,gyro_y_dps,gyro_z_dps
0.0024318695068359375,0.811,1.319,-166.13,-0.427,0.244,1.892
0.0073130130767822266,0.81,1.319,-166.129,-0.488,0.244,1.892
0.012282133102416992,0.809,1.319,-166.129,-0.488,0.244,1.831
0.017316102981567383,0.808,1.319,-166.129,-0.488,0.244,1.831
0.02231907844543457,0.808,1.319,-166.128,-0.366,0.244,1.831
0.027354955673217773,0.808,1.319,-166.128,-0.305,0.183,1.892
0.032366037368774414,0.808,1.319,-166.127,-0.305,0.183,1.892
0.03736114501953125,0.809,1.319,-166.127,-0.244,0.244,1.892
0.042326927185058594,0.809,1.319,-166.126,-0.305,0.305,1.892
0.04730701446533203,0.808,1.318,-166.126,-0.427,0.244,1.831
0.052323102951049805,0.807,1.318,-166.125,-0.488,0.244,1.831
0.05736589431762695,0.806,1.317,-166.125,-0.488,0.244,1.831
0.062391042709350586,0.806,1.317,-166.125,-0.366,0.244,1.892
0.06731796264648438,0.806,1.317,-166.124,-0.305,0.244,1.892
0.0723419189453125,0.806,1.316,-166.123,-0.305,0.305,1.953
0.07728981971740723,0.806,1.316,-166.123,-0.305,0.244,1.892
0.08234596252441406,0.806,1.317,-166.122,-0.366,0.244,1.892
0.08729910850524902,0.805,1.317,-166.122,-0.427,0.244,1.831
0.09235095977783203,0.805,1.317,-166.122,-0.427,0.244,1.831
0.09735393524169922,0.804,1.317,-166.122,-0.427,0.244,1.892
0.10230016708374023,0.804,1.318,-166.121,-0.427,0.183,1.892
0.10732316970825195,0.804,1.318,-166.121,-0.427,0.183,1.892
0.11237120628356934,0.804,1.318,-166.12,-0.305,0.183,1.892
0.11735105514526367,0.804,1.318,-166.12,-0.305,0.244,1.892
0.12231707572937012,0.804,1.317,-166.12,-0.366,0.244,1.892
0.12734103202819824,0.804,1.318,-166.119,-0.366,0.244,1.831
0.1323230266571045,0.803,1.318,-166.119,-0.427,0.244,1.831
0.1373448371887207,0.803,1.317,-166.119,-0.427,0.305,1.831
0.14227604866027832,0.803,1.317,-166.119,-0.366,0.244,1.831
0.14739298820495605,0.802,1.317,-166.119,-0.366,0.305,1.831
0.1522829532623291,0.802,1.317,-166.119,-0.366,0.183,1.831
0.15731406211853027,0.802,1.317,-166.119,-0.366,0.183,1.831
0.16230392456054688,0.802,1.317,-166.119,-0.366,0.183,1.831
0.16730403900146484,0.802,1.317,-166.118,-0.427,0.183,1.892
0.1723020076751709,0.801,1.317,-166.118,-0.427,0.244,1.892
0.17730188369750977,0.801,1.316,-166.118,-0.427,0.244,1.831
0.18230390548706055,0.8,1.316,-166.118,-0.366,0.244,1.831
0.18730401992797852,0.8,1.316,-166.117,-0.305,0.244,1.831
0.19231104850769043,0.8,1.315,-166.116,-0.305,0.244,1.831
0.19736599922180176,0.799,1.314,-166.116,-0.305,0.244,1.831
0.20231103897094727,0.799,1.315,-166.116,-0.305,0.244,1.831
0.20731401443481445,0.799,1.315,-166.115,-0.366,0.244,1.831
0.21228790283203125,0.798,1.315,-166.114,-0.427,0.244,1.892
0.21732401847839355,0.798,1.314,-166.114,-0.366,0.244,1.892
0.22230219841003418,0.798,1.314,-166.113,-0.366,0.244,1.892
0.22737908363342285,0.797,1.314,-166.112,-0.366,0.244,1.892
0.23231983184814453,0.797,1.313,-166.112,-0.366,0.244,1.831
0.23728394508361816,0.796,1.313,-166.111,-0.366,0.244,1.831
0.24227190017700195,0.796,1.313,-166.111,-0.427,0.244,1.831
0.2472679615020752,0.795,1.313,-166.111,-0.427,0.244,1.831
0.25227999687194824,0.795,1.313,-166.11,-0.427,0.244,1.831
0.25730299949645996,0.794,1.313,-166.109,-0.427,0.244,1.953
0.26228904724121094,0.794,1.312,-166.108,-0.366,0.244,1.953
0.267287015914917,0.794,1.312,-166.107,-0.305,0.183,1.953
0.27188611030578613,0.795,1.312,-166.107,-0.305,0.183,1.892
0.2769019603729248,0.795,1.311,-166.106,-0.305,0.244,1.892
0.28169703483581543,0.795,1.311,-166.106,-0.366,0.305,1.892
0.2866861820220947,0.794,1.311,-166.105,-0.366,0.244,1.892
0.291823148727417,0.794,1.312,-166.105,-0.427,0.183,1.831
0.2968418598175049,0.794,1.312,-166.106,-0.427,0.183,1.831
0.3017430305480957,0.794,1.312,-166.106,-0.427,0.183,1.831
0.3067500591278076,0.794,1.312,-166.106,-0.427,0.305,1.953
0.311830997467041,0.794,1.312,-166.106,-0.366,0.305,1.953
0.31675004959106445,0.794,1.311,-166.105,-0.305,0.305,1.953
0.32171010971069336,0.795,1.311,-166.105,-0.305,0.244,1.953
0.3268930912017822,0.795,1.311,-166.105,-0.305,0.244,1.892
0.33182716369628906,0.796,1.311,-166.105,-0.305,0.305,1.892
0.33682703971862793,0.796,1.312,-166.105,-0.427,0.183,1.892
0.3427131175994873,0.796,1.312,-166.105,-0.427,0.305,1.892
0.34683895111083984,0.796,1.312,-166.106,-0.366,0.244,1.831
0.351823091506958,0.796,1.312,-166.106,-0.366,0.244,1.892
0.35681605339050293,0.796,1.312,-166.106,-0.305,0.244,1.892
0.36181116104125977,0.797,1.313,-166.106,-0.305,0.244,1.892
0.3664839267730713,0.797,1.313,-166.106,-0.305,0.244,1.892
0.3718240261077881,0.797,1.313,-166.106,-0.366,0.244,1.892
0.37652087211608887,0.797,1.313,-166.106,-0.366,0.305,1.892
0.381803035736084,0.797,1.313,-166.106,-0.366,0.305,1.892
0.38647007942199707,0.797,1.312,-166.106,-0.427,0.305,1.892
0.391834020614624,0.797,1.312,-166.106,-0.427,0.244,1.831
0.39679598808288574,0.797,1.312,-166.107,-0.366,0.244,1.831
0.40184688568115234,0.797,1.312,-166.107,-0.366,0.244,1.831
0.4064629077911377,0.797,1.313,-166.107,-0.305,0.244,1.831
0.4115281105041504,0.798,1.313,-166.107,-0.366,0.244,1.892
0.41649603843688965,0.798,1.313,-166.107,-0.366,0.244,1.892
0.42157602310180664,0.799,1.312,-166.107,-0.366,0.244,1.892
0.4266500473022461,0.799,1.312,-166.108,-0.366,0.244,1.892
0.43181300163269043,0.799,1.313,-166.108,-0.366,0.244,1.892
0.4367821216583252,0.8,1.313,-166.108,-0.366,0.244,1.892
0.4414529800415039,0.8,1.314,-166.109,-0.366,0.244,1.892
0.44655823707580566,0.8,1.314,-166.109,-0.366,0.244,1.892
0.45179104804992676,0.801,1.313,-166.109,-0.366,0.244,1.831
0.45684099197387695,0.801,1.312,-166.11,-0.366,0.244,1.831
0.46144604682922363,0.801,1.312,-166.111,-0.366,0.183,1.831
0.4664738178253174,0.801,1.312,-166.111,-0.366,0.183,1.892
0.47185397148132324,0.801,1.311,-166.111,-0.366,0.244,1.892
0.476776123046875,0.802,1.311,-166.111,-0.366,0.244,1.892
0.4817771911621094,0.802,1.311,-166.111,-0.366,0.244,1.892
0.486483097076416,0.802,1.31,-166.112,-0.366,0.244,1.831
0.49164700508117676,0.802,1.31,-166.112,-0.427,0.244,1.892
0.49645519256591797,0.802,1.311,-166.112,-0.427,0.244,1.892
0.5018432140350342,0.802,1.311,-166.112,-0.427,0.244,1.892
0.5064849853515625,0.802,1.31,-166.113,-0.366,0.244,1.892
0.5114409923553467,0.802,1.311,-166.113,-0.366,0.183,1.892
0.5164780616760254,0.803,1.311,-166.113,-0.305,0.183,1.892
0.5217990875244141,0.804,1.31,-166.113,-0.305,0.244,1.892
0.5266690254211426,0.805,1.311,-166.113,-0.305,0.244,1.892
0.5316550731658936,0.805,1.311,-166.113,-0.427,0.244,1.892
0.5367341041564941,0.805,1.311,-166.113,-0.427,0.244,1.892
0.5417828559875488,0.805,1.311,-166.114,-0.427,0.244,1.892
0.5467691421508789,0.805,1.312,-166.113,-0.366,0.244,1.953
0.5517599582672119,0.805,1.312,-166.114,-0.366,0.244,1.892
0.5567789077758789,0.805,1.313,-166.114,-0.366,0.244,1.892
0.5614490509033203,0.805,1.314,-166.114,-0.366,0.244,1.892
0.5674359798431396,0.805,1.314,-166.114,-0.366,0.244,1.892
0.5717380046844482,0.805,1.314,-166.114,-0.366,0.244,1.892
0.5767669677734375,0.805,1.315,-166.114,-0.427,0.244,1.892
0.5818002223968506,0.806,1.315,-166.116,-0.488,0.244,1.892
0.5865159034729004,0.808,1.314,-166.12,-0.427,0.244,1.831
0.5917580127716064,0.81,1.315,-166.125,-0.366,0.244,1.831
0.596743106842041,0.814,1.315,-166.129,-0.244,0.244,1.892
0.6017110347747803,0.818,1.315,-166.134,-0.305,0.244,1.953
0.6067240238189697,0.821,1.316,-166.14,-0.305,0.244,1.953
0.6117868423461914,0.825,1.317,-166.145,-0.366,0.183,1.831
0.6166918277740479,0.828,1.318,-166.151,-0.366,0.183,1.831
0.6217379570007324,0.831,1.319,-166.156,-0.427,0.244,1.831
0.6267030239105225,0.833,1.319,-166.161,-0.427,0.244,1.953
0.6317520141601562,0.836,1.32,-166.166,-0.427,0.244,1.831
0.63673996925354,0.838,1.321,-166.171,-0.366,0.244,1.831
0.6416869163513184,0.841,1.321,-166.176,-0.366,0.244,1.892
0.6466951370239258,0.843,1.322,-166.181,-0.366,0.244,1.892
0.6517870426177979,0.846,1.323,-166.185,-0.305,0.244,1.892
0.6567189693450928,0.849,1.323,-166.19,-0.366,0.244,1.831
0.6616711616516113,0.851,1.324,-166.194,-0.366,0.183,1.831
0.6666600704193115,0.853,1.324,-166.199,-0.427,0.244,1.831
0.6716880798339844,0.855,1.325,-166.204,-0.427,0.244,1.831
0.6766738891601562,0.856,1.325,-166.208,-0.427,0.244,1.831
0.6825549602508545,0.859,1.325,-166.212,-0.366,0.244,1.831
0.6866910457611084,0.86,1.326,-166.216,-0.366,0.244,1.892
0.6916940212249756,0.863,1.326,-166.22,-0.366,0.244,1.892
0.6966581344604492,0.864,1.327,-166.224,-0.366,0.244,1.831
0.7014279365539551,0.866,1.327,-166.228,-0.366,0.244,1.831
0.7066950798034668,0.868,1.327,-166.232,-0.366,0.244,1.831
0.711663007736206,0.869,1.327,-166.235,-0.366,0.244,1.953
0.7166361808776855,0.871,1.327,-166.238,-0.427,0.244,1.892
0.721747875213623,0.872,1.327,-166.242,-0.427,0.244,1.892
0.7266180515289307,0.874,1.328,-166.245,-0.366,0.183,1.892
0.7316489219665527,0.875,1.329,-166.248,-0.427,0.183,1.892
0.7366659641265869,0.877,1.329,-166.252,-0.427,0.183,1.892
0.7416198253631592,0.878,1.329,-166.255,-0.427,0.244,1.892
0.746406078338623,0.879,1.329,-166.258,-0.427,0.244,1.892
0.7516200542449951,0.88,1.329,-166.261,-0.427,0.183,1.892
0.7566590309143066,0.881,1.33,-166.264,-0.427,0.244,1.892
0.7616760730743408,0.883,1.33,-166.267,-0.366,0.244,1.831
0.7664051055908203,0.885,1.33,-166.27,-0.366,0.244,1.892
0.7716169357299805,0.886,1.331,-166.273,-0.366,0.183,1.892
0.7765989303588867,0.887,1.331,-166.275,-0.366,0.183,1.892
0.7815580368041992,0.888,1.332,-166.278,-0.366,0.244,1.831
0.7865478992462158,0.889,1.332,-166.281,-0.366,0.244,1.831
0.791485071182251,0.89,1.333,-166.283,-0.366,0.244,1.831
0.7965850830078125,0.891,1.333,-166.286,-0.366,0.183,1.831
0.8016290664672852,0.891,1.333,-166.288,-0.366,0.183,1.831
0.8066160678863525,0.891,1.333,-166.29,-0.427,0.305,1.831
0.8117361068725586,0.891,1.333,-166.292,-0.427,0.305,1.892
0.816378116607666,0.892,1.333,-166.294,-0.427,0.244,1.892
0.8215980529785156,0.892,1.333,-166.296,-0.427,0.244,1.892
0.8266210556030273,0.892,1.334,-166.298,-0.366,0.244,1.953
0.8316278457641602,0.892,1.334,-166.299,-0.366,0.244,1.953
0.8366110324859619,0.892,1.334,-166.301,-0.366,0.183,1.953
0.8415729999542236,0.893,1.334,-166.303,-0.366,0.183,1.892
0.8466150760650635,0.893,1.335,-166.304,-0.366,0.183,1.892
0.8516252040863037,0.894,1.334,-166.306,-0.366,0.305,1.892
0.8563880920410156,0.894,1.334,-166.308,-0.488,0.244,1.892
0.861619234085083,0.893,1.334,-166.309,-0.488,0.244,1.953
0.8663861751556396,0.894,1.333,-166.311,-0.366,0.244,1.953
0.8715801239013672,0.895,1.333,-166.312,-0.305,0.244,1.892
0.876561164855957,0.895,1.333,-166.314,-0.305,0.244,1.892
0.8815557956695557,0.896,1.334,-166.316,-0.305,0.183,1.892
0.8865618705749512,0.896,1.334,-166.317,-0.366,0.244,1.892
0.8915770053863525,0.896,1.334,-166.319,-0.366,0.244,1.77
0.8974530696868896,0.896,1.333,-166.321,-0.427,0.244,1.77
0.9014298915863037,0.896,1.334,-166.323,-0.427,0.183,1.953
0.9084110260009766,0.896,1.334,-166.324,-0.366,0.183,1.831
0.9116110801696777,0.896,1.334,-166.326,-0.366,0.183,1.831
0.9164168834686279,0.896,1.335,-166.328,-0.366,0.183,1.892
0.9213740825653076,0.896,1.335,-166.329,-0.305,0.244,1.892
0.9265692234039307,0.897,1.335,-166.33,-0.305,0.244,1.892
0.9314348697662354,0.896,1.334,-166.332,-0.427,0.244,1.892
0.9364352226257324,0.896,1.334,-166.333,-0.427,0.244,1.831
0.9414889812469482,0.896,1.334,-166.335,-0.427,0.305,1.892
0.9464669227600098,0.897,1.334,-166.336,-0.366,0.244,1.892
0.9514989852905273,0.897,1.335,-166.337,-0.366,0.244,1.892
0.9566051959991455,0.897,1.335,-166.339,-0.305,0.244,1.892
0.9613840579986572,0.897,1.336,-166.34,-0.305,0.183,1.892
0.9665570259094238,0.897,1.336,-166.341,-0.366,0.183,1.831
0.9715390205383301,0.897,1.336,-166.343,-0.366,0.183,1.831
0.9764590263366699,0.896,1.337,-166.344,-0.427,0.183,1.831
0.9814538955688477,0.896,1.337,-166.346,-0.427,0.305,1.831
0.98636794090271,0.897,1.337,-166.348,-0.366,0.244,1.892
0.9915292263031006,0.898,1.337,-166.35,-0.366,0.244,1.892
0.9965591430664062,0.898,1.337,-166.352,-0.305,0.244,1.892
1.0015299320220947,0.899,1.337,-166.354,-0.305,0.244,1.892
1.0063447952270508,0.9,1.337,-166.356,-0.366,0.244,1.892
1.011348009109497,0.9,1.337,-166.358,-0.366,0.244,1.892
1.0165119171142578,0.9,1.337,-166.359,-0.427,0.244,1.892
1.02239990234375,0.901,1.338,-166.361,-0.427,0.244,1.892
1.0265209674835205,0.901,1.338,-166.363,-0.427,0.244,1.892
1.0315029621124268,0.901,1.338,-166.365,-0.427,0.244,1.892
1.0364949703216553,0.901,1.338,-166.366,-0.427,0.244,1.892
1.0413730144500732,0.902,1.338,-166.368,-0.305,0.244,1.892
1.0463409423828125,0.902,1.339,-166.37,-0.305,0.244,1.892
1.0514369010925293,0.902,1.339,-166.371,-0.305,0.183,1.892
1.0565118789672852,0.903,1.339,-166.373,-0.305,0.183,1.831
1.061486005783081,0.903,1.338,-166.375,-0.427,0.244,1.892
1.066329002380371,0.902,1.338,-166.376,-0.427,0.244,1.892
1.0714731216430664,0.902,1.338,-166.378,-0.427,0.244,1.892
1.0765480995178223,0.902,1.339,-166.381,-0.427,0.183,1.831
1.0813281536102295,0.903,1.34,-166.384,-0.427,0.183,1.831
1.0864839553833008,0.904,1.341,-166.387,-0.305,0.244,1.831
1.091459035873413,0.905,1.341,-166.389,-0.305,0.305,1.892
1.0964651107788086,0.906,1.341,-166.392,-0.305,0.244,1.892
1.101356029510498,0.907,1.342,-166.394,-0.366,0.183,1.892
1.1063551902770996,0.907,1.342,-166.397,-0.427,0.183,1.831
1.1115779876708984,0.908,1.342,-166.4,-0.427,0.183,1.831
1.1164889335632324,0.908,1.342,-166.402,-0.427,0.183,1.831
1.121377944946289,0.908,1.343,-166.405,-0.427,0.183,1.892
1.1264979839324951,0.909,1.343,-166.407,-0.366,0.183,1.831
1.1313369274139404,0.91,1.343,-166.41,-0.366,0.183,1.831
1.1364240646362305,0.91,1.343,-166.412,-0.366,0.183,1.892
1.1413319110870361,0.91,1.342,-166.414,-0.366,0.244,1.892
1.1464791297912598,0.911,1.342,-166.416,-0.366,0.244,1.892
1.1514458656311035,0.912,1.342,-166.418,-0.366,0.244,1.892
1.1564462184906006,0.912,1.342,-166.42,-0.366,0.244,1.892
1.161452054977417,0.912,1.342,-166.422,-0.427,0.183,1.892
1.1664340496063232,0.913,1.342,-166.425,-0.366,0.244,1.831
1.1714458465576172,0.913,1.341,-166.427,-0.366,0.244,1.892
1.1763079166412354,0.914,1.341,-166.429,-0.244,0.244,1.892
1.1814429759979248,0.914,1.342,-166.429,-0.244,0.244,1.892
1.18641996383667,0.914,1.341,-166.43,-0.305,0.244,1.892
1.1914420127868652,0.913,1.341,-166.431,-0.488,0.183,1.831
1.1964111328125,0.911,1.341,-166.432,-0.61,0.244,1.831
1.201352834701538,0.91,1.34,-166.433,-0.61,0.244,1.831
1.206413984298706,0.909,1.34,-166.434,-0.488,0.244,1.831
1.2114112377166748,0.91,1.339,-166.434,-0.244,0.305,1.892
1.216392993927002,0.91,1.339,-166.435,-0.122,0.244,1.892
1.221431016921997,0.911,1.339,-166.435,-0.122,0.183,1.953
1.2263870239257812,0.912,1.338,-166.436,-0.183,0.183,1.892
1.2313990592956543,0.911,1.338,-166.436,-0.366,0.305,1.892
1.2364048957824707,0.91,1.338,-166.437,-0.549,0.244,1.831
1.2413742542266846,0.909,1.338,-166.438,-0.671,0.244,1.831
1.2464029788970947,0.907,1.338,-166.439,-0.61,0.183,1.831
1.2516489028930664,0.907,1.339,-166.44,-0.427,0.183,1.831
1.2564141750335693,0.907,1.339,-166.44,-0.183,0.183,1.892
1.2614078521728516,0.908,1.34,-166.441,-0.183,0.244,1.892
1.2664029598236084,0.908,1.34,-166.442,-0.183,0.244,1.892
1.2713720798492432,0.908,1.34,-166.442,-0.305,0.122,1.831
1.2763659954071045,0.906,1.34,-166.442,-0.427,0.183,1.831
1.281369924545288,0.903,1.34,-166.44,-0.549,0.244,1.831
1.2863669395446777,0.901,1.339,-166.438,-0.549,0.244,1.77
1.2913157939910889,0.898,1.338,-166.434,-0.366,0.244,1.953
1.2963519096374512,0.895,1.338,-166.431,-0.244,0.183,1.892
1.3013899326324463,0.893,1.337,-166.428,-0.183,0.305,1.892
1.306394100189209,0.892,1.336,-166.425,-0.183,0.305,1.831
1.3114140033721924,0.889,1.335,-166.422,-0.305,0.305,1.831
1.316364049911499,0.886,1.334,-166.419,-0.427,0.244,1.831
1.3213040828704834,0.882,1.333,-166.416,-0.549,0.183,1.831
1.3263359069824219,0.879,1.333,-166.413,-0.549,0.244,1.831
1.3313441276550293,0.876,1.332,-166.411,-0.427,0.244,1.831
1.3363440036773682,0.874,1.331,-166.408,-0.366,0.244,1.831
1.3413360118865967,0.872,1.33,-166.406,-0.305,0.244,1.892
1.346336841583252,0.871,1.329,-166.403,-0.183,0.244,1.892
1.3513288497924805,0.869,1.328,-166.4,-0.244,0.244,1.892
1.3563292026519775,0.867,1.328,-166.397,-0.427,0.244,1.892
1.3613510131835938,0.864,1.328,-166.395,-0.488,0.244,1.892
1.3668100833892822,0.861,1.327,-166.392,-0.488,0.244,1.892
1.3713300228118896,0.859,1.326,-166.39,-0.488,0.244,1.892
1.3763391971588135,0.856,1.326,-166.386,-0.427,0.244,1.892
1.3813140392303467,0.854,1.325,-166.382,-0.366,0.244,1.831
1.3863341808319092,0.851,1.325,-166.378,-0.305,0.244,1.831
1.391313076019287,0.848,1.324,-166.373,-0.305,0.183,1.831
1.3963959217071533,0.845,1.324,-166.368,-0.305,0.183,1.831
1.4013521671295166,0.842,1.322,-166.363,-0.305,0.305,1.831
1.4063200950622559,0.839,1.321,-166.358,-0.366,0.305,1.831
1.411302089691162,0.836,1.321,-166.352,-0.427,0.244,1.892
1.4162988662719727,0.832,1.32,-166.348,-0.427,0.183,1.831
1.4212961196899414,0.829,1.32,-166.343,-0.427,0.244,1.892
1.4262840747833252,0.826,1.319,-166.338,-0.427,0.244,1.831
1.431264877319336,0.823,1.318,-166.333,-0.427,0.244,1.953
1.4362878799438477,0.82,1.317,-166.329,-0.305,0.244,1.831
1.441298007965088,0.818,1.316,-166.324,-0.244,0.244,1.831
1.4459550380706787,0.816,1.315,-166.32,-0.305,0.244,1.892
1.451030969619751,0.813,1.315,-166.316,-0.366,0.244,1.892
1.4557538032531738,0.811,1.315,-166.311,-0.366,0.244,1.892
1.4607939720153809,0.808,1.314,-166.307,-0.427,0.244,1.892
1.4657671451568604,0.805,1.314,-166.303,-0.427,0.244,1.831
1.4707551002502441,0.803,1.313,-166.299,-0.427,0.244,1.831
1.4764032363891602,0.801,1.313,-166.296,-0.366,0.183,1.831
1.4809460639953613,0.799,1.312,-166.291,-0.366,0.183,1.892
1.4858829975128174,0.796,1.311,-166.287,-0.366,0.244,1.892
1.4907290935516357,0.794,1.31,-166.283,-0.366,0.244,1.892
1.4958980083465576,0.791,1.309,-166.279,-0.427,0.244,1.892
1.5009000301361084,0.789,1.309,-166.275,-0.427,0.244,1.892
1.505950927734375,0.786,1.308,-166.271,-0.427,0.122,1.892
1.5108630657196045,0.784,1.308,-166.268,-0.366,0.244,1.892
1.5158398151397705,0.783,1.308,-166.264,-0.305,0.244,1.892
1.5208361148834229,0.781,1.307,-166.26,-0.305,0.244,1.892
1.525832176208496,0.78,1.307,-166.257,-0.305,0.244,1.892
1.5309648513793945,0.778,1.307,-166.253,-0.366,0.244,1.892
1.5357060432434082,0.776,1.306,-166.249,-0.366,0.244,1.831
1.5407159328460693,0.773,1.306,-166.245,-0.366,0.183,1.77
1.5456669330596924,0.771,1.305,-166.241,-0.366,0.244,1.831
1.5508880615234375,0.769,1.305,-166.236,-0.366,0.183,1.892
1.5558171272277832,0.767,1.304,-166.232,-0.366,0.244,1.831
1.5607311725616455,0.764,1.304,-166.228,-0.366,0.244,1.831
1.5658001899719238,0.762,1.303,-166.224,-0.366,0.244,1.831
1.5707979202270508,0.76,1.303,-166.221,-0.366,0.244,1.831
1.5757930278778076,0.758,1.303,-166.217,-0.366,0.244,1.831
1.5807900428771973,0.757,1.302,-166.213,-0.366,0.244,1.892
1.5857808589935303,0.755,1.302,-166.209,-0.366,0.244,1.892
1.591526985168457,0.753,1.302,-166.205,-0.366,0.244,1.892
1.5958349704742432,0.752,1.302,-166.202,-0.366,0.244,1.831
1.600822925567627,0.751,1.301,-166.198,-0.366,0.183,1.953
1.6056969165802002,0.749,1.3,-166.195,-0.427,0.244,1.892
1.6106758117675781,0.747,1.3,-166.191,-0.488,0.244,1.892
1.6156589984893799,0.746,1.299,-166.188,-0.427,0.244,1.892
1.62080717086792,0.744,1.298,-166.185,-0.366,0.244,1.892
1.6257739067077637,0.743,1.298,-166.181,-0.305,0.244,1.892
1.6306569576263428,0.743,1.297,-166.178,-0.305,0.244,1.892
1.6358561515808105,0.742,1.297,-166.175,-0.305,0.305,1.892
1.640787124633789,0.741,1.296,-166.172,-0.366,0.244,1.831
1.6458079814910889,0.739,1.296,-166.169,-0.427,0.244,1.892
1.650461196899414,0.738,1.295,-166.166,-0.427,0.244,1.892
1.6557879447937012,0.736,1.295,-166.163,-0.427,0.244,1.892
1.660681962966919,0.735,1.295,-166.161,-0.366,0.244,1.831
1.665647029876709,0.735,1.295,-166.158,-0.305,0.244,1.892
1.6704411506652832,0.734,1.296,-166.155,-0.305,0.183,1.892
1.6758060455322266,0.734,1.295,-166.152,-0.305,0.183,1.892
1.6806409358978271,0.733,1.295,-166.149,-0.427,0.244,1.892
1.6854848861694336,0.731,1.295,-166.146,-0.549,0.244,1.892
1.6907618045806885,0.729,1.294,-166.142,-0.488,0.244,1.892
1.6957600116729736,0.728,1.293,-166.139,-0.366,0.244,1.892
1.7004342079162598,0.727,1.292,-166.135,-0.305,0.244,1.892
1.7066740989685059,0.727,1.292,-166.132,-0.244,0.244,1.892
1.7107748985290527,0.727,1.291,-166.129,-0.244,0.244,1.892
1.7157621383666992,0.726,1.292,-166.126,-0.366,0.122,1.892
1.7206010818481445,0.724,1.292,-166.123,-0.549,0.122,1.892
1.7255370616912842,0.722,1.291,-166.12,-0.549,0.183,1.831
1.7306149005889893,0.721,1.29,-166.117,-0.549,0.244,1.831
1.735490083694458,0.72,1.29,-166.114,-0.427,0.244,1.831
1.7405989170074463,0.72,1.29,-166.112,-0.244,0.244,1.831
1.7455940246582031,0.721,1.289,-166.109,-0.183,0.244,1.953
1.7507109642028809,0.722,1.288,-166.106,-0.183,0.244,1.892
1.7558009624481201,0.722,1.288,-166.103,-0.244,0.244,1.892
1.760772943496704,0.721,1.288,-166.101,-0.549,0.244,1.77
1.7657220363616943,0.72,1.288,-166.099,-0.61,0.183,1.77
1.7709128856658936,0.718,1.288,-166.096,-0.61,0.183,1.831
1.7757370471954346,0.719,1.288,-166.094,-0.427,0.244,1.831
1.7807159423828125,0.72,1.288,-166.092,-0.244,0.244,1.892
1.7857298851013184,0.721,1.288,-166.089,-0.122,0.244,1.892
1.7905759811401367,0.723,1.289,-166.087,-0.061,0.244,1.892
1.7954201698303223,0.723,1.289,-166.084,-0.244,0.244,1.892
1.8004469871520996,0.722,1.288,-166.082,-0.488,0.244,1.831
1.8057620525360107,0.72,1.289,-166.08,-0.732,0.244,1.831
1.810708999633789,0.718,1.289,-166.078,-0.732,0.183,1.831
1.8155391216278076,0.718,1.289,-166.076,-0.549,0.183,1.831
1.8208229541778564,0.718,1.29,-166.074,-0.305,0.183,1.892
1.825721025466919,0.719,1.29,-166.071,-0.183,0.244,1.892
1.8307380676269531,0.721,1.29,-166.069,-0.122,0.244,1.892
1.835690975189209,0.721,1.291,-166.067,-0.244,0.122,1.892
1.8406682014465332,0.721,1.291,-166.065,-0.366,0.244,1.892
1.8455729484558105,0.72,1.291,-166.063,-0.488,0.244,1.831
1.8506860733032227,0.718,1.291,-166.061,-0.549,0.244,1.831
1.85567307472229,0.717,1.291,-166.059,-0.549,0.244,1.831
1.8607001304626465,0.717,1.291,-166.058,-0.427,0.183,1.831
1.8655860424041748,0.717,1.291,-166.056,-0.244,0.183,1.892
1.8705792427062988,0.718,1.291,-166.054,-0.183,0.305,1.892
1.8755829334259033,0.718,1.29,-166.052,-0.183,0.305,1.892
1.880537986755371,0.718,1.29,-166.049,-0.366,0.244,1.892
1.8856558799743652,0.717,1.29,-166.047,-0.366,0.183,1.892
1.8906569480895996,0.716,1.29,-166.045,-0.488,0.183,1.831
1.8956410884857178,0.715,1.29,-166.044,-0.549,0.244,1.831
1.9006640911102295,0.714,1.29,-166.042,-0.488,0.244,1.831
1.90568208694458,0.713,1.29,-166.04,-0.366,0.244,1.831
1.91062593460083,0.713,1.289,-166.039,-0.305,0.244,1.831
1.9156320095062256,0.714,1.289,-166.037,-0.244,0.305,1.892
1.9206440448760986,0.714,1.289,-166.035,-0.244,0.305,1.892
1.9257080554962158,0.714,1.289,-166.033,-0.305,0.244,1.892
1.931387186050415,0.714,1.289,-166.031,-0.427,0.183,1.831
1.935439109802246,0.713,1.289,-166.03,-0.427,0.183,1.831
1.9406309127807617,0.713,1.29,-166.028,-0.488,0.244,1.831
1.9456160068511963,0.712,1.289,-166.027,-0.427,0.244,1.892
1.950645923614502,0.712,1.29,-166.025,-0.366,0.183,1.892
1.9556078910827637,0.712,1.289,-166.023,-0.366,0.244,1.953
1.9606051445007324,0.712,1.289,-166.021,-0.305,0.244,1.892
1.9653840065002441,0.712,1.289,-166.019,-0.305,0.244,1.892
1.9703919887542725,0.712,1.289,-166.018,-0.366,0.244,1.892
1.9756379127502441,0.712,1.289,-166.016,-0.427,0.244,1.892
1.980417013168335,0.713,1.289,-166.015,-0.427,0.183,1.892
1.9855358600616455,0.713,1.288,-166.015,-0.427,0.244,1.831
1.990535020828247,0.714,1.289,-166.016,-0.427,0.244,1.831
1.9955379962921143,0.715,1.289,-166.017,-0.427,0.244,1.831
2.0005831718444824,0.716,1.289,-166.018,-0.427,0.244,1.831
2.0054781436920166,0.718,1.289,-166.019,-0.366,0.305,1.892
2.010409116744995,0.719,1.289,-166.02,-0.366,0.244,1.831
2.015484094619751,0.72,1.289,-166.02,-0.366,0.244,1.892
2.020563840866089,0.721,1.289,-166.021,-0.427,0.244,1.892
2.025535821914673,0.721,1.289,-166.022,-0.427,0.183,1.892
2.0304980278015137,0.722,1.29,-166.022,-0.427,0.244,1.892
2.0355570316314697,0.723,1.291,-166.023,-0.366,0.244,1.892
2.040395975112915,0.725,1.291,-166.024,-0.305,0.244,1.831
2.046536922454834,0.726,1.292,-166.024,-0.305,0.244,1.831
2.050565004348755,0.728,1.292,-166.025,-0.305,0.244,1.892
2.0555739402770996,0.729,1.292,-166.026,-0.366,0.244,1.831
2.0605931282043457,0.73,1.292,-166.026,-0.366,0.244,1.831
2.06557297706604,0.731,1.293,-166.027,-0.427,0.244,1.831
2.0706710815429688,0.732,1.293,-166.028,-0.427,0.244,1.831
2.0756421089172363,0.733,1.293,-166.029,-0.366,0.244,1.831
2.0803802013397217,0.735,1.293,-166.029,-0.366,0.244,1.831
2.0855631828308105,0.736,1.293,-166.03,-0.305,0.305,1.892
2.0905489921569824,0.738,1.293,-166.03,-0.244,0.305,1.892
2.095576047897339,0.739,1.293,-166.03,-0.305,0.244,1.892
2.100584030151367,0.739,1.293,-166.031,-0.366,0.244,1.892
2.10546612739563,0.74,1.293,-166.031,-0.488,0.244,1.892
2.1105740070343018,0.74,1.293,-166.031,-0.488,0.244,1.892
2.115582227706909,0.741,1.294,-166.031,-0.488,0.183,1.892
2.1206061840057373,0.742,1.294,-166.032,-0.305,0.183,1.892
2.125575065612793,0.743,1.295,-166.032,-0.305,0.183,1.953
2.1304259300231934,0.745,1.295,-166.032,-0.244,0.244,1.892
2.1355419158935547,0.746,1.295,-166.032,-0.244,0.244,1.892
2.140561103820801,0.747,1.295,-166.032,-0.366,0.244,1.892
2.1455800533294678,0.747,1.295,-166.033,-0.488,0.244,1.831
2.1504621505737305,0.747,1.296,-166.033,-0.488,0.244,1.831
2.1554698944091797,0.748,1.297,-166.034,-0.488,0.244,1.831
2.160614013671875,0.748,1.297,-166.034,-0.427,0.244,1.831
2.165505886077881,0.749,1.298,-166.034,-0.305,0.244,1.892
2.1703550815582275,0.75,1.298,-166.035,-0.305,0.244,1.892
2.1753580570220947,0.752,1.298,-166.036,-0.305,0.244,1.892
2.1804001331329346,0.754,1.298,-166.038,-0.305,0.244,1.892
2.185385227203369,0.756,1.299,-166.041,-0.427,0.183,1.831
2.19036602973938,0.758,1.299,-166.043,-0.488,0.183,1.831
2.195518970489502,0.759,1.3,-166.046,-0.488,0.183,1.831
2.200495958328247,0.761,1.301,-166.048,-0.427,0.183,1.892
2.205566167831421,0.763,1.301,-166.05,-0.305,0.244,1.892
2.2104291915893555,0.765,1.302,-166.052,-0.244,0.244,1.892
2.215498924255371,0.767,1.302,-166.054,-0.244,0.244,1.953
2.220425844192505,0.769,1.301,-166.056,-0.305,0.244,1.892
2.2253401279449463,0.77,1.302,-166.058,-0.427,0.244,1.831
2.230510950088501,0.771,1.302,-166.06,-0.488,0.122,1.831
2.2354860305786133,0.771,1.303,-166.062,-0.549,0.183,1.831
2.2404909133911133,0.772,1.303,-166.064,-0.488,0.183,1.831
2.245471954345703,0.774,1.304,-166.066,-0.366,0.183,1.892
2.2504820823669434,0.776,1.304,-166.068,-0.244,0.183,1.892
2.2554609775543213,0.778,1.305,-166.069,-0.244,0.183,1.892
2.2604899406433105,0.779,1.305,-166.071,-0.305,0.183,1.953
2.265496015548706,0.78,1.305,-166.072,-0.427,0.183,1.892
2.270461082458496,0.781,1.305,-166.074,-0.427,0.305,1.892
2.27559494972229,0.782,1.305,-166.075,-0.427,0.305,1.892
2.2804059982299805,0.784,1.305,-166.077,-0.366,0.183,1.831
2.2854042053222656,0.785,1.306,-166.079,-0.366,0.183,1.892
2.2904629707336426,0.786,1.306,-166.08,-0.305,0.183,1.892
2.2954399585723877,0.788,1.306,-166.082,-0.305,0.183,1.831
2.300441026687622,0.789,1.306,-166.083,-0.366,0.244,1.831
2.305450916290283,0.79,1.306,-166.084,-0.366,0.244,1.953
2.310443878173828,0.791,1.306,-166.086,-0.366,0.244,1.892
2.3154542446136475,0.792,1.306,-166.087,-0.366,0.244,1.892
2.3204891681671143,0.793,1.307,-166.088,-0.366,0.244,1.892
2.325531005859375,0.794,1.307,-166.089,-0.366,0.244,1.892
2.3303840160369873,0.794,1.307,-166.09,-0.366,0.244,1.892
2.3353629112243652,0.795,1.308,-166.091,-0.366,0.244,1.892
2.340419054031372,0.796,1.308,-166.092,-0.366,0.244,1.892
2.345322847366333,0.797,1.308,-166.094,-0.305,0.244,1.831
2.350396156311035,0.798,1.308,-166.095,-0.366,0.244,1.831
2.3553152084350586,0.798,1.309,-166.097,-0.427,0.122,1.831
2.360387086868286,0.799,1.309,-166.098,-0.427,0.183,1.892
2.365438222885132,0.799,1.309,-166.099,-0.427,0.244,1.831
2.37030291557312,0.8,1.309,-166.1,-0.427,0.244,1.831
2.375420093536377,0.8,1.309,-166.101,-0.366,0.244,1.831
2.380300998687744,0.801,1.309,-166.102,-0.366,0.183,1.831
2.386366844177246,0.802,1.309,-166.103,-0.366,0.244,1.892
2.3903920650482178,0.802,1.31,-166.104,-0.366,0.244,1.892
2.395411968231201,0.803,1.31,-166.105,-0.366,0.244,1.892
2.4002909660339355,0.803,1.31,-166.106,-0.427,0.244,1.892
2.405384063720703,0.804,1.31,-166.107,-0.427,0.244,1.892
2.410421848297119,0.804,1.309,-166.108,-0.427,0.244,1.892
2.4154200553894043,0.805,1.308,-166.109,-0.366,0.305,1.831
2.420387029647827,0.806,1.307,-166.11,-0.366,0.305,1.831
2.4253427982330322,0.807,1.307,-166.111,-0.305,0.244,1.831
2.430415153503418,0.808,1.307,-166.111,-0.305,0.244,1.892
2.4353129863739014,0.809,1.307,-166.112,-0.305,0.244,1.892
2.440380096435547,0.809,1.307,-166.113,-0.427,0.183,1.892
2.4453659057617188,0.809,1.307,-166.114,-0.488,0.183,1.892
2.4504051208496094,0.809,1.308,-166.115,-0.488,0.183,1.77
2.4553589820861816,0.809,1.307,-166.116,-0.488,0.183,1.77
2.4603140354156494,0.809,1.308,-166.117,-0.366,0.183,1.892
2.4653429985046387,0.81,1.308,-166.117,-0.305,0.183,1.892
2.47037410736084,0.811,1.309,-166.118,-0.244,0.183,1.892
2.4753708839416504,0.812,1.309,-166.119,-0.305,0.183,1.892
2.4803829193115234,0.812,1.309,-166.119,-0.366,0.183,1.953
2.485337018966675,0.812,1.309,-166.121,-0.488,0.183,1.831
2.490288019180298,0.812,1.309,-166.122,-0.488,0.244,1.831
2.495335102081299,0.812,1.309,-166.123,-0.488,0.244,1.831
2.500478982925415,0.813,1.309,-166.124,-0.366,0.244,1.831
2.505281925201416,0.813,1.309,-166.124,-0.305,0.244,1.953
2.510312080383301,0.814,1.309,-166.125,-0.305,0.244,1.953
2.5153119564056396,0.815,1.31,-166.125,-0.305,0.244,1.953
2.5202741622924805,0.815,1.31,-166.126,-0.366,0.183,1.831
2.5252771377563477,0.816,1.31,-166.127,-0.488,0.244,1.831
2.530350923538208,0.815,1.31,-166.128,-0.549,0.244,1.892
2.535309076309204,0.815,1.311,-166.129,-0.549,0.244,1.892
2.5403079986572266,0.815,1.311,-166.13,-0.366,0.244,1.892
2.5452880859375,0.816,1.311,-166.13,-0.305,0.244,1.892
2.550342082977295,0.817,1.311,-166.131,-0.244,0.244,1.892
2.5553131103515625,0.818,1.311,-166.132,-0.244,0.244,1.831
2.5603041648864746,0.818,1.311,-166.133,-0.366,0.244,1.831
2.565260887145996,0.818,1.312,-166.133,-0.427,0.183,1.892
2.570280075073242,0.817,1.312,-166.133,-0.488,0.183,1.892
2.575263023376465,0.817,1.312,-166.133,-0.488,0.183,1.892
2.5803041458129883,0.817,1.312,-166.132,-0.366,0.183,1.892
2.5853049755096436,0.817,1.313,-166.132,-0.305,0.183,1.892
2.590301036834717,0.817,1.314,-166.132,-0.244,0.183,1.892
2.5952630043029785,0.818,1.315,-166.131,-0.244,0.183,1.892
2.600260019302368,0.818,1.315,-166.131,-0.244,0.244,1.892
2.604520082473755,0.817,1.315,-166.131,-0.427,0.183,1.892
2.609858989715576,0.817,1.314,-166.13,-0.488,0.183,1.831
2.6154978275299072,0.816,1.315,-166.13,-0.549,0.183,1.831
2.620007038116455,0.815,1.315,-166.13,-0.488,0.183,1.831
2.6246020793914795,0.815,1.315,-166.13,-0.366,0.244,1.831
2.6299471855163574,0.815,1.314,-166.13,-0.244,0.244,1.953
2.6347250938415527,0.816,1.314,-166.129,-0.244,0.244,1.953
2.6400439739227295,0.816,1.314,-166.129,-0.305,0.183,1.953
2.6445119380950928,0.816,1.314,-166.128,-0.366,0.183,1.953
2.649923086166382,0.815,1.314,-166.127,-0.488,0.244,1.953
2.6549248695373535,0.814,1.314,-166.127,-0.488,0.244,1.892
2.659518241882324,0.813,1.313,-166.127,-0.488,0.244,1.892
2.664854049682617,0.813,1.313,-166.126,-0.366,0.244,1.953
2.6695621013641357,0.813,1.312,-166.125,-0.305,0.244,1.953
2.6748311519622803,0.813,1.313,-166.124,-0.244,0.244,1.892
2.679471015930176,0.813,1.312,-166.123,-0.244,0.244,1.892
2.684828042984009,0.812,1.312,-166.122,-0.366,0.183,1.892
2.6898040771484375,0.811,1.313,-166.122,-0.488,0.183,1.892
2.6944990158081055,0.81,1.313,-166.121,-0.488,0.183,1.831
2.699463129043579,0.809,1.314,-166.121,-0.488,0.183,1.831
2.7044708728790283,0.808,1.314,-166.121,-0.427,0.183,1.831
2.7098159790039062,0.808,1.314,-166.121,-0.305,0.183,1.831
2.714488983154297,0.808,1.315,-166.121,-0.305,0.183,1.831
2.7194631099700928,0.808,1.314,-166.12,-0.305,0.183,1.831
2.724853038787842,0.808,1.314,-166.12,-0.366,0.244,1.831
2.7307791709899902,0.808,1.314,-166.12,-0.427,0.244,1.831
2.7348289489746094,0.807,1.314,-166.119,-0.427,0.244,1.892
2.739454984664917,0.807,1.314,-166.119,-0.427,0.244,1.953
2.744813919067383,0.806,1.313,-166.118,-0.366,0.244,1.892
2.749488115310669,0.806,1.313,-166.118,-0.305,0.244,1.892
2.754789113998413,0.806,1.313,-166.117,-0.305,0.244,1.892
2.759711980819702,0.806,1.313,-166.117,-0.366,0.244,1.892
2.7645108699798584,0.805,1.313,-166.116,-0.366,0.305,1.892
2.769456148147583,0.805,1.313,-166.114,-0.305,0.305,1.892
2.7747812271118164,0.804,1.312,-166.112,-0.305,0.244,1.892
2.779742956161499,0.803,1.312,-166.11,-0.427,0.183,1.892
2.784456968307495,0.801,1.312,-166.108,-0.549,0.183,1.892
2.7894420623779297,0.799,1.311,-166.107,-0.549,0.183,1.831
2.794542074203491,0.798,1.31,-166.105,-0.366,0.244,1.892
2.7996649742126465,0.799,1.31,-166.103,-0.122,0.244,1.892
2.804429054260254,0.799,1.31,-166.101,-0.0,0.244,1.892
2.809723138809204,0.799,1.31,-166.099,-0.0,0.244,1.953
2.814741849899292,0.797,1.31,-166.097,-0.305,0.183,1.892
2.8194620609283447,0.795,1.309,-166.096,-0.61,0.244,1.77
2.824457883834839,0.792,1.309,-166.095,-0.854,0.244,1.77
2.8297650814056396,0.79,1.308,-166.094,-0.916,0.244,1.77
2.8347418308258057,0.789,1.307,-166.093,-0.671,0.244,1.831
2.8402888774871826,0.791,1.307,-166.091,-0.183,0.183,2.014
2.8444619178771973,0.794,1.306,-166.088,0.061,0.305,2.075
2.8497350215911865,0.797,1.306,-166.086,0.183,0.305,1.953
2.8547050952911377,0.797,1.307,-166.084,-0.0,0.244,1.953
2.8594348430633545,0.796,1.307,-166.083,-0.427,0.183,1.892
2.864504098892212,0.793,1.307,-166.082,-0.854,0.183,1.77
2.8697550296783447,0.789,1.308,-166.081,-1.038,0.183,1.77
2.8744380474090576,0.788,1.308,-166.082,-0.854,0.183,1.77
2.8794479370117188,0.79,1.307,-166.082,-0.427,0.305,1.831
2.8846960067749023,0.793,1.307,-166.081,-0.0,0.244,2.014
2.889768123626709,0.797,1.306,-166.081,0.244,0.305,2.014
2.8944308757781982,0.8,1.306,-166.08,0.183,0.305,2.014
2.8997302055358887,0.801,1.306,-166.08,-0.183,0.244,1.831
2.904722213745117,0.798,1.307,-166.08,-0.793,0.122,1.831
2.9097189903259277,0.795,1.306,-166.081,-1.099,0.122,1.709
2.9144270420074463,0.792,1.306,-166.082,-1.099,0.183,1.709
2.9196360111236572,0.792,1.306,-166.082,-0.671,0.244,1.831
2.9247331619262695,0.795,1.305,-166.081,-0.183,0.305,1.953
2.929715871810913,0.799,1.304,-166.081,0.122,0.305,2.014
2.9344170093536377,0.802,1.304,-166.08,0.244,0.305,2.014
2.939689874649048,0.804,1.304,-166.079,-0.0,0.244,2.014
2.944423198699951,0.804,1.304,-166.079,-0.427,0.244,1.892
2.949739933013916,0.802,1.305,-166.079,-0.916,0.122,1.831
2.955322027206421,0.799,1.305,-166.08,-1.038,0.183,1.77
2.9597389698028564,0.798,1.305,-166.08,-0.854,0.183,1.77
2.964423179626465,0.8,1.305,-166.08,-0.427,0.244,1.892
2.9697539806365967,0.804,1.305,-166.08,-0.061,0.244,1.892
2.974721908569336,0.806,1.304,-166.078,0.183,0.244,1.953
2.9795749187469482,0.808,1.305,-166.076,0.183,0.244,1.953
2.984468936920166,0.808,1.304,-166.075,-0.122,0.244,1.892
2.989531993865967,0.806,1.304,-166.074,-0.61,0.183,1.831
2.994504928588867,0.803,1.304,-166.073,-0.916,0.183,1.709
2.99948787689209,0.8,1.304,-166.072,-0.977,0.183,1.77
3.004415988922119,0.799,1.304,-166.072,-0.732,0.183,1.77
3.0095231533050537,0.8,1.304,-166.071,-0.305,0.244,1.831
3.0145111083984375,0.803,1.305,-166.069,-0.0,0.244,1.892
3.019425868988037,0.807,1.304,-166.068,0.122,0.305,2.014
3.024472951889038,0.808,1.304,-166.065,-0.0,0.244,2.075
3.029470205307007,0.808,1.303,-166.063,-0.305,0.244,2.014
3.0344648361206055,0.806,1.303,-166.062,-0.61,0.183,1.831
3.0394210815429688,0.804,1.303,-166.062,-0.854,0.183,1.831
3.044468879699707,0.802,1.303,-166.061,-0.793,0.183,1.709
3.0494320392608643,0.802,1.303,-166.06,-0.488,0.183,1.892
3.0544519424438477,0.803,1.303,-166.059,-0.122,0.305,1.953
3.0593881607055664,0.805,1.303,-166.057,-0.0,0.244,1.953
3.064484119415283,0.807,1.302,-166.056,-0.0,0.244,1.953
3.070441246032715,0.806,1.303,-166.055,-0.244,0.183,1.953
3.0745229721069336,0.805,1.303,-166.054,-0.488,0.183,1.892
3.079385995864868,0.803,1.303,-166.054,-0.732,0.183,1.831
3.0845401287078857,0.802,1.302,-166.053,-0.732,0.183,1.831
3.0894079208374023,0.802,1.302,-166.053,-0.61,0.183,1.831
3.094388008117676,0.803,1.302,-166.053,-0.305,0.244,1.892
3.099663019180298,0.806,1.301,-166.052,-0.061,0.305,1.892
3.1045632362365723,0.808,1.302,-166.052,-0.0,0.244,1.892
3.1093909740448,0.809,1.302,-166.051,-0.122,0.244,1.953
3.1145341396331787,0.809,1.302,-166.05,-0.366,0.244,1.831
3.1196131706237793,0.808,1.302,-166.05,-0.61,0.183,1.831
3.124627113342285,0.806,1.303,-166.049,-0.732,0.122,1.831
3.129392147064209,0.804,1.303,-166.047,-0.671,0.122,1.831
3.1346018314361572,0.803,1.303,-166.046,-0.427,0.183,1.831
3.1395812034606934,0.804,1.303,-166.044,-0.183,0.183,1.892
3.144382953643799,0.805,1.302,-166.042,-0.122,0.244,1.892
3.149397850036621,0.806,1.302,-166.041,-0.122,0.244,1.892
3.1545820236206055,0.806,1.302,-166.039,-0.305,0.183,1.892
3.1596200466156006,0.805,1.302,-166.038,-0.549,0.183,1.831
3.1643779277801514,0.803,1.302,-166.036,-0.61,0.183,1.831
3.169466972351074,0.802,1.301,-166.035,-0.61,0.183,1.831
3.174600124359131,0.801,1.301,-166.034,-0.549,0.244,1.831
3.17938494682312,0.801,1.3,-166.032,-0.366,0.244,1.892
3.184640884399414,0.801,1.3,-166.031,-0.305,0.244,1.892
3.189558982849121,0.802,1.3,-166.029,-0.122,0.183,1.953
3.194589138031006,0.802,1.3,-166.027,-0.183,0.244,1.953
3.199582099914551,0.801,1.3,-166.025,-0.366,0.244,1.953
3.20436692237854,0.8,1.3,-166.024,-0.488,0.244,1.953
3.209367036819458,0.799,1.301,-166.023,-0.549,0.183,1.831
3.214416980743408,0.797,1.301,-166.022,-0.549,0.183,1.831
3.219561815261841,0.797,1.301,-166.021,-0.366,0.183,1.892
3.2245709896087646,0.797,1.301,-166.02,-0.244,0.244,1.892
3.2295961380004883,0.796,1.301,-166.019,-0.244,0.244,1.892
3.234556198120117,0.796,1.301,-166.018,-0.244,0.244,1.953
3.239370822906494,0.796,1.301,-166.016,-0.366,0.244,1.953
3.244382858276367,0.795,1.301,-166.016,-0.427,0.244,1.831
3.2495110034942627,0.793,1.301,-166.015,-0.488,0.244,1.831
3.2543699741363525,0.792,1.302,-166.014,-0.488,0.183,1.831
3.259542942047119,0.791,1.302,-166.013,-0.427,0.183,1.892
3.2645270824432373,0.791,1.303,-166.012,-0.305,0.183,2.014
3.269364833831787,0.792,1.303,-166.012,-0.183,0.244,1.831
3.2743778228759766,0.793,1.304,-166.013,-0.244,0.183,1.77
3.2795259952545166,0.794,1.305,-166.013,-0.366,0.183,1.831
3.2845520973205566,0.794,1.305,-166.013,-0.427,0.183,1.831
3.2893500328063965,0.794,1.305,-166.013,-0.427,0.244,1.892
3.2944400310516357,0.794,1.305,-166.013,-0.488,0.244,1.892
3.2997748851776123,0.794,1.305,-166.013,-0.427,0.244,1.892
3.30458402633667,0.795,1.305,-166.013,-0.366,0.244,1.892
3.309360980987549,0.796,1.305,-166.013,-0.305,0.244,1.892
3.314552068710327,0.798,1.306,-166.013,-0.183,0.244,1.892
3.319370985031128,0.799,1.305,-166.013,-0.244,0.244,1.892
3.3243680000305176,0.8,1.305,-166.013,-0.366,0.183,1.892
3.329514980316162,0.8,1.305,-166.013,-0.427,0.183,1.892
3.3345229625701904,0.8,1.306,-166.013,-0.488,0.183,1.892
3.3393471240997314,0.8,1.306,-166.013,-0.488,0.244,1.831
3.3443381786346436,0.8,1.306,-166.014,-0.427,0.183,1.831
3.349518060684204,0.801,1.306,-166.014,-0.366,0.244,1.831
3.3545150756835938,0.802,1.306,-166.014,-0.305,0.244,1.892
3.3593389987945557,0.803,1.306,-166.014,-0.366,0.244,1.892
3.364349126815796,0.803,1.306,-166.014,-0.366,0.305,1.892
3.3693809509277344,0.804,1.306,-166.015,-0.366,0.244,1.831
3.374351978302002,0.806,1.307,-166.018,-0.366,0.183,1.831
3.3793489933013916,0.807,1.308,-166.02,-0.366,0.244,1.953
3.384511947631836,0.809,1.309,-166.023,-0.366,0.244,1.892
3.389491081237793,0.811,1.309,-166.027,-0.366,0.244,1.892
3.3943450450897217,0.813,1.31,-166.03,-0.366,0.244,1.831
3.399336099624634,0.815,1.311,-166.034,-0.366,0.183,1.892
3.4044930934906006,0.817,1.312,-166.037,-0.366,0.183,1.892
3.410376787185669,0.819,1.312,-166.04,-0.366,0.244,1.831
3.414323091506958,0.82,1.313,-166.044,-0.366,0.244,1.831
3.419431209564209,0.822,1.313,-166.047,-0.366,0.244,1.831
3.424463987350464,0.824,1.314,-166.05,-0.366,0.244,1.831
3.4293291568756104,0.826,1.315,-166.053,-0.366,0.244,1.892
3.4344701766967773,0.828,1.315,-166.056,-0.366,0.305,1.892
3.4394500255584717,0.829,1.315,-166.059,-0.366,0.244,1.831
3.4443249702453613,0.831,1.316,-166.062,-0.366,0.244,1.831
3.449342966079712,0.832,1.316,-166.065,-0.366,0.183,1.892
3.4544990062713623,0.834,1.317,-166.068,-0.366,0.183,1.892
3.4594900608062744,0.835,1.318,-166.07,-0.366,0.183,1.892
3.464345932006836,0.836,1.318,-166.073,-0.427,0.183,1.892
3.469330072402954,0.838,1.319,-166.075,-0.427,0.244,1.892
3.4744510650634766,0.839,1.319,-166.077,-0.366,0.244,1.892
3.4794228076934814,0.84,1.32,-166.08,-0.366,0.244,1.892
3.484435796737671,0.841,1.32,-166.082,-0.366,0.244,1.892
3.489321231842041,0.842,1.32,-166.083,-0.366,0.244,1.892
3.4944510459899902,0.843,1.32,-166.085,-0.427,0.244,1.892
3.4994289875030518,0.844,1.32,-166.087,-0.427,0.244,1.892
3.5043070316314697,0.845,1.32,-166.089,-0.366,0.244,1.892
3.50941801071167,0.846,1.321,-166.09,-0.366,0.183,1.892
3.5143189430236816,0.846,1.322,-166.092,-0.366,0.183,1.892
3.5194220542907715,0.847,1.322,-166.094,-0.366,0.183,1.77
3.524333953857422,0.848,1.323,-166.096,-0.366,0.183,1.831
3.529426097869873,0.849,1.324,-166.098,-0.366,0.183,1.892
3.534317970275879,0.85,1.324,-166.099,-0.366,0.183,1.892
3.5394070148468018,0.85,1.325,-166.101,-0.427,0.183,1.892
3.544398069381714,0.851,1.326,-166.103,-0.427,0.183,1.831
3.549409866333008,0.851,1.326,-166.104,-0.427,0.183,1.831
3.554295063018799,0.851,1.327,-166.106,-0.427,0.244,1.831
3.5592880249023438,0.852,1.327,-166.108,-0.366,0.183,1.831
3.5644140243530273,0.853,1.327,-166.109,-0.366,0.183,1.953
3.5693228244781494,0.854,1.327,-166.11,-0.366,0.183,1.953
3.5743138790130615,0.855,1.327,-166.111,-0.427,0.244,1.953
3.5792980194091797,0.855,1.328,-166.113,-0.427,0.244,1.892
3.5843560695648193,0.856,1.328,-166.115,-0.427,0.244,1.892
3.589390993118286,0.857,1.328,-166.117,-0.427,0.244,1.892
3.5942869186401367,0.858,1.328,-166.118,-0.366,0.244,1.892
3.5993881225585938,0.859,1.329,-166.12,-0.366,0.244,1.831
3.6042919158935547,0.86,1.33,-166.123,-0.366,0.244,1.831
3.6092939376831055,0.86,1.33,-166.124,-0.366,0.244,1.892
3.614288091659546,0.861,1.331,-166.126,-0.366,0.244,1.892
3.6193671226501465,0.862,1.331,-166.128,-0.366,0.244,1.831
3.6243181228637695,0.862,1.331,-166.129,-0.366,0.244,1.892
3.6292881965637207,0.863,1.331,-166.131,-0.366,0.244,1.892
3.6344029903411865,0.863,1.331,-166.133,-0.366,0.244,1.892
3.6394500732421875,0.864,1.331,-166.134,-0.366,0.244,1.831
3.6442878246307373,0.864,1.331,-166.136,-0.366,0.244,1.953
3.6492981910705566,0.865,1.331,-166.137,-0.366,0.244,1.892
3.6543898582458496,0.865,1.331,-166.138,-0.366,0.244,1.892
3.6593189239501953,0.865,1.331,-166.14,-0.366,0.244,1.892
3.6642978191375732,0.866,1.331,-166.141,-0.366,0.244,1.892
3.6693620681762695,0.867,1.331,-166.143,-0.366,0.244,1.892
3.674370050430298,0.867,1.331,-166.144,-0.366,0.305,1.892
3.6793341636657715,0.867,1.331,-166.145,-0.366,0.183,1.892
3.684267044067383,0.867,1.332,-166.147,-0.366,0.183,1.831
3.689340114593506,0.867,1.332,-166.149,-0.366,0.244,1.831
3.6942780017852783,0.867,1.332,-166.15,-0.427,0.244,1.77
3.6992781162261963,0.867,1.332,-166.151,-0.427,0.183,1.953
3.7042641639709473,0.867,1.332,-166.152,-0.427,0.183,1.953
3.709299087524414,0.867,1.332,-166.154,-0.305,0.183,1.953
3.714270830154419,0.868,1.332,-166.155,-0.305,0.183,1.953
3.719273090362549,0.869,1.333,-166.157,-0.366,0.244,1.831
3.7243409156799316,0.869,1.333,-166.158,-0.366,0.244,1.892
3.7292799949645996,0.869,1.333,-166.159,-0.366,0.244,1.892
3.7343249320983887,0.869,1.333,-166.161,-0.427,0.244,1.892
3.739262819290161,0.87,1.333,-166.162,-0.427,0.244,1.892
3.7443108558654785,0.87,1.332,-166.164,-0.366,0.244,1.892
3.749274969100952,0.87,1.333,-166.165,-0.366,0.183,1.892
3.754775047302246,0.87,1.334,-166.166,-0.366,0.183,1.892
3.759286880493164,0.871,1.334,-166.168,-0.366,0.244,1.892
3.7643139362335205,0.871,1.334,-166.169,-0.366,0.244,1.892
3.769253969192505,0.871,1.334,-166.17,-0.427,0.244,1.892
3.774290084838867,0.871,1.334,-166.171,-0.427,0.183,1.892
3.7789130210876465,0.871,1.335,-166.173,-0.427,0.183,1.892
3.783766984939575,0.871,1.335,-166.174,-0.427,0.244,1.892
3.7885119915008545,0.872,1.335,-166.175,-0.305,0.244,1.892
3.7939329147338867,0.872,1.335,-166.176,-0.305,0.244,1.892
3.7988619804382324,0.872,1.335,-166.177,-0.366,0.244,1.892
3.80348801612854,0.872,1.335,-166.178,-0.366,0.244,1.892
3.8085579872131348,0.872,1.334,-166.18,-0.427,0.305,1.892
3.8138768672943115,0.872,1.334,-166.181,-0.427,0.244,1.831
3.8185160160064697,0.872,1.334,-166.182,-0.427,0.244,1.831
3.8234951496124268,0.872,1.334,-166.184,-0.427,0.183,1.831
3.828852891921997,0.871,1.334,-166.185,-0.366,0.244,1.892
3.8335258960723877,0.872,1.334,-166.186,-0.305,0.244,1.892
3.8384768962860107,0.872,1.334,-166.187,-0.305,0.244,1.892
3.843842029571533,0.873,1.334,-166.188,-0.305,0.244,1.892
3.8488540649414062,0.873,1.334,-166.189,-0.305,0.244,1.831
3.8534910678863525,0.873,1.334,-166.19,-0.427,0.244,1.831
3.8585550785064697,0.872,1.334,-166.192,-0.427,0.244,1.831
3.8643131256103516,0.872,1.334,-166.193,-0.427,0.305,1.831
3.86885404586792,0.872,1.333,-166.194,-0.427,0.305,1.831
3.8738229274749756,0.872,1.333,-166.195,-0.305,0.244,1.892
3.8784611225128174,0.872,1.333,-166.195,-0.305,0.244,1.953
3.883894920349121,0.872,1.332,-166.196,-0.305,0.244,1.953
3.8888020515441895,0.873,1.332,-166.197,-0.366,0.244,1.831
3.8934590816497803,0.872,1.332,-166.198,-0.366,0.244,1.953
3.898665189743042,0.872,1.333,-166.198,-0.366,0.183,1.953
3.9038848876953125,0.872,1.333,-166.199,-0.366,0.183,1.953
3.9084579944610596,0.872,1.332,-166.2,-0.366,0.244,1.831
3.913451910018921,0.872,1.333,-166.201,-0.366,0.183,1.892
3.9188120365142822,0.872,1.333,-166.202,-0.366,0.183,1.892
3.9238739013671875,0.872,1.333,-166.202,-0.366,0.244,1.892
3.928455114364624,0.872,1.333,-166.203,-0.305,0.244,1.892
3.933804988861084,0.873,1.333,-166.204,-0.366,0.244,1.892
3.938636064529419,0.872,1.333,-166.205,-0.427,0.183,1.892
3.9436771869659424,0.872,1.333,-166.205,-0.427,0.244,1.892
3.9484610557556152,0.872,1.333,-166.206,-0.427,0.183,1.892
3.9537880420684814,0.872,1.333,-166.207,-0.427,0.183,1.892
3.95847487449646,0.872,1.333,-166.207,-0.366,0.244,1.892
3.9634439945220947,0.872,1.334,-166.209,-0.366,0.244,1.892
3.9684650897979736,0.873,1.334,-166.212,-0.366,0.244,1.892
3.973797082901001,0.875,1.334,-166.215,-0.366,0.244,1.892
3.979473114013672,0.877,1.334,-166.219,-0.427,0.244,1.831
3.983459949493408,0.878,1.334,-166.223,-0.427,0.244,1.831
3.98858904838562,0.88,1.334,-166.227,-0.427,0.183,1.892
3.9936978816986084,0.881,1.335,-166.23,-0.427,0.183,1.892
3.998654842376709,0.883,1.335,-166.234,-0.427,0.244,1.892
4.003472089767456,0.884,1.336,-166.237,-0.366,0.244,1.892
4.008583068847656,0.886,1.336,-166.241,-0.366,0.244,1.892
4.013545036315918,0.887,1.336,-166.244,-0.366,0.244,1.892
4.018460035324097,0.889,1.336,-166.247,-0.366,0.244,1.953
4.023468971252441,0.89,1.337,-166.251,-0.366,0.244,1.892
4.028465032577515,0.891,1.336,-166.254,-0.366,0.244,1.831
4.033437013626099,0.892,1.336,-166.258,-0.366,0.183,1.831
4.038486003875732,0.893,1.337,-166.261,-0.366,0.183,1.892
4.043521881103516,0.894,1.337,-166.264,-0.366,0.183,1.892
4.048537015914917,0.895,1.337,-166.267,-0.366,0.244,1.892
4.053434133529663,0.896,1.337,-166.27,-0.305,0.244,1.892
4.0585620403289795,0.898,1.337,-166.273,-0.305,0.244,1.892
4.063492059707642,0.899,1.337,-166.277,-0.366,0.244,1.892
4.06848406791687,0.901,1.338,-166.281,-0.427,0.244,1.892
4.073477029800415,0.902,1.338,-166.285,-0.427,0.305,1.892
4.078546047210693,0.903,1.339,-166.289,-0.427,0.244,1.892
4.083621978759766,0.904,1.339,-166.292,-0.427,0.244,1.892
4.088428974151611,0.905,1.339,-166.296,-0.427,0.244,1.892
4.0943779945373535,0.907,1.339,-166.3,-0.366,0.244,1.892
4.0987229347229,0.908,1.339,-166.304,-0.366,0.244,1.892
4.103435039520264,0.91,1.339,-166.307,-0.366,0.244,1.892
4.108703851699829,0.911,1.34,-166.311,-0.427,0.244,1.892
4.113687038421631,0.912,1.34,-166.314,-0.427,0.244,1.892
4.118727207183838,0.913,1.34,-166.318,-0.427,0.244,1.892
4.12363600730896,0.914,1.339,-166.321,-0.366,0.244,1.831
4.128424167633057,0.916,1.339,-166.324,-0.366,0.244,1.892
4.133609056472778,0.916,1.339,-166.328,-0.366,0.244,1.892
4.138593912124634,0.917,1.339,-166.331,-0.366,0.244,1.892
4.143412828445435,0.918,1.34,-166.334,-0.366,0.244,1.831
4.1485841274261475,0.919,1.34,-166.338,-0.427,0.244,1.831
4.153687953948975,0.919,1.34,-166.341,-0.427,0.244,1.831
4.1587748527526855,0.92,1.34,-166.344,-0.427,0.244,1.831
4.163412809371948,0.919,1.34,-166.346,-0.427,0.244,1.831
4.168670177459717,0.918,1.34,-166.347,-0.366,0.244,1.831
4.173410892486572,0.917,1.339,-166.346,-0.305,0.244,1.892
4.178440093994141,0.916,1.339,-166.345,-0.366,0.183,1.892
4.18346095085144,0.913,1.338,-166.342,-0.366,0.183,1.892
4.188671827316284,0.91,1.338,-166.34,-0.427,0.183,1.892
4.193399906158447,0.908,1.338,-166.338,-0.427,0.244,1.831
4.198660135269165,0.906,1.337,-166.337,-0.427,0.244,1.831
4.203657865524292,0.904,1.337,-166.335,-0.305,0.244,1.831
4.208468914031982,0.903,1.336,-166.333,-0.305,0.305,1.892
4.213395118713379,0.901,1.335,-166.331,-0.305,0.305,1.831
4.218632936477661,0.899,1.334,-166.33,-0.366,0.305,1.831
4.223625898361206,0.897,1.333,-166.328,-0.366,0.244,1.892
4.228398084640503,0.896,1.333,-166.326,-0.366,0.183,1.892
4.233386993408203,0.894,1.333,-166.324,-0.366,0.183,1.892
4.238629102706909,0.892,1.333,-166.323,-0.366,0.183,1.831
4.243639945983887,0.89,1.333,-166.321,-0.366,0.183,1.892
4.2486231327056885,0.889,1.332,-166.32,-0.366,0.183,1.892
4.253395080566406,0.887,1.332,-166.318,-0.305,0.244,1.892
4.2586750984191895,0.886,1.332,-166.316,-0.305,0.183,1.892
4.263396978378296,0.885,1.331,-166.315,-0.305,0.244,1.831
4.268397092819214,0.884,1.331,-166.315,-0.366,0.244,1.892
4.273658037185669,0.883,1.331,-166.315,-0.427,0.244,1.892
4.278622150421143,0.883,1.33,-166.316,-0.427,0.244,1.892
4.283385992050171,0.883,1.33,-166.317,-0.366,0.244,1.892
4.288382053375244,0.883,1.33,-166.318,-0.366,0.244,1.892
4.293604135513306,0.883,1.33,-166.319,-0.366,0.244,1.892
4.298369884490967,0.883,1.329,-166.32,-0.366,0.244,1.892
4.303398132324219,0.883,1.329,-166.321,-0.366,0.244,1.831
4.308422088623047,0.883,1.329,-166.323,-0.366,0.244,1.831
4.31361198425293,0.883,1.329,-166.324,-0.366,0.244,1.831
4.319304943084717,0.883,1.329,-166.325,-0.427,0.244,1.831
4.32359504699707,0.882,1.329,-166.326,-0.427,0.244,1.831
4.328609943389893,0.881,1.329,-166.328,-0.427,0.244,1.831
4.3336181640625,0.881,1.328,-166.329,-0.427,0.244,1.831
4.338385105133057,0.88,1.328,-166.33,-0.427,0.244,1.831
4.343548059463501,0.88,1.328,-166.331,-0.427,0.244,1.831
4.348381042480469,0.88,1.328,-166.332,-0.366,0.244,1.892
4.3533899784088135,0.879,1.327,-166.333,-0.366,0.244,1.831
4.3583760261535645,0.879,1.327,-166.334,-0.366,0.183,1.831
4.363570213317871,0.879,1.327,-166.336,-0.488,0.183,1.831
4.368384838104248,0.879,1.327,-166.337,-0.427,0.244,1.831
4.3735620975494385,0.879,1.327,-166.338,-0.366,0.244,1.77
4.378366231918335,0.879,1.326,-166.339,-0.366,0.244,1.831
4.383561849594116,0.879,1.326,-166.34,-0.366,0.183,1.892
4.388382196426392,0.878,1.326,-166.341,-0.366,0.244,1.892
4.393364906311035,0.878,1.325,-166.342,-0.366,0.244,1.892
4.398557186126709,0.878,1.325,-166.343,-0.366,0.244,1.892
4.403604984283447,0.878,1.325,-166.343,-0.427,0.305,1.892
4.408381223678589,0.877,1.324,-166.344,-0.427,0.305,1.892
4.413551092147827,0.877,1.325,-166.345,-0.366,0.183,1.831
4.418546199798584,0.878,1.325,-166.346,-0.366,0.183,1.831
4.4235520362854,0.878,1.326,-166.348,-0.366,0.183,1.831
4.428364038467407,0.879,1.326,-166.349,-0.305,0.183,1.831
4.434409856796265,0.878,1.326,-166.349,-0.366,0.244,1.892
4.438543081283569,0.878,1.326,-166.35,-0.366,0.244,1.831
4.4435858726501465,0.878,1.326,-166.351,-0.366,0.244,1.892
4.448362827301025,0.878,1.325,-166.352,-0.366,0.244,1.892
4.453554153442383,0.878,1.325,-166.352,-0.366,0.244,1.892
4.458523988723755,0.878,1.325,-166.353,-0.366,0.244,1.892
4.463346004486084,0.878,1.325,-166.354,-0.366,0.183,1.892
4.468347072601318,0.877,1.324,-166.353,-0.366,0.183,1.892
4.473531007766724,0.876,1.324,-166.352,-0.305,0.305,1.892
4.478366136550903,0.875,1.324,-166.35,-0.305,0.244,1.892
4.483353137969971,0.873,1.324,-166.348,-0.366,0.183,1.892
4.4885170459747314,0.872,1.324,-166.346,-0.366,0.183,1.892
4.493402004241943,0.87,1.324,-166.344,-0.366,0.183,1.892
4.49853515625,0.869,1.324,-166.343,-0.366,0.244,1.831
4.5033440589904785,0.867,1.324,-166.341,-0.366,0.244,1.953
4.508507013320923,0.866,1.323,-166.339,-0.366,0.244,1.892
4.513345956802368,0.864,1.322,-166.337,-0.366,0.244,1.892
4.518497943878174,0.863,1.321,-166.335,-0.366,0.305,1.892
4.523514986038208,0.861,1.321,-166.334,-0.427,0.305,1.892
4.528378009796143,0.859,1.32,-166.332,-0.427,0.244,1.892
4.5333709716796875,0.857,1.32,-166.331,-0.427,0.183,1.892
4.538355827331543,0.856,1.319,-166.329,-0.427,0.183,1.953
4.543510913848877,0.855,1.319,-166.327,-0.366,0.244,1.892
4.548649072647095,0.854,1.319,-166.326,-0.366,0.244,1.892
4.553342819213867,0.853,1.319,-166.324,-0.366,0.244,1.892
4.558383941650391,0.852,1.319,-166.323,-0.366,0.183,1.892
4.563521862030029,0.85,1.319,-166.322,-0.366,0.244,1.892
4.568335056304932,0.849,1.318,-166.32,-0.366,0.183,1.892
4.573470115661621,0.848,1.318,-166.319,-0.366,0.183,1.892
4.57846212387085,0.847,1.318,-166.318,-0.427,0.183,1.892
4.583475828170776,0.846,1.317,-166.316,-0.427,0.183,1.892
4.588337182998657,0.845,1.317,-166.315,-0.366,0.183,1.892
4.593461036682129,0.844,1.316,-166.314,-0.305,0.244,1.892
4.598457098007202,0.843,1.317,-166.313,-0.305,0.244,1.892
4.603332042694092,0.842,1.316,-166.311,-0.305,0.183,1.953
4.608360052108765,0.841,1.316,-166.31,-0.366,0.183,1.831
4.613449811935425,0.84,1.315,-166.31,-0.488,0.244,1.831
4.618450164794922,0.839,1.315,-166.309,-0.488,0.244,1.831
4.62343692779541,0.838,1.315,-166.308,-0.427,0.244,1.831
4.628306150436401,0.837,1.314,-166.307,-0.366,0.244,1.831
4.633450031280518,0.836,1.314,-166.306,-0.305,0.244,1.892
4.638322114944458,0.836,1.313,-166.305,-0.305,0.305,1.892
4.643320083618164,0.836,1.313,-166.305,-0.305,0.305,1.831
4.648432970046997,0.836,1.313,-166.304,-0.305,0.244,1.831
4.653455972671509,0.835,1.313,-166.303,-0.366,0.244,1.892
4.6583170890808105,0.835,1.313,-166.302,-0.366,0.244,1.892
4.663445949554443,0.834,1.313,-166.301,-0.366,0.244,1.892
4.668455123901367,0.833,1.312,-166.3,-0.366,0.244,1.892
4.673465967178345,0.832,1.311,-166.299,-0.366,0.305,1.831
4.678452968597412,0.832,1.311,-166.298,-0.305,0.244,1.892
4.6833319664001465,0.831,1.311,-166.296,-0.305,0.183,1.892
4.688425064086914,0.83,1.311,-166.296,-0.366,0.183,1.831
4.693305969238281,0.829,1.31,-166.295,-0.427,0.183,1.831
4.698409080505371,0.828,1.31,-166.294,-0.427,0.183,1.831
4.703406095504761,0.827,1.31,-166.293,-0.427,0.183,1.831
4.708298921585083,0.826,1.31,-166.292,-0.427,0.305,1.892
4.71329402923584,0.826,1.309,-166.291,-0.305,0.305,1.892
4.718327045440674,0.826,1.308,-166.29,-0.305,0.305,1.953
4.723369121551514,0.826,1.308,-166.289,-0.305,0.244,1.953
4.728319883346558,0.825,1.307,-166.288,-0.366,0.244,1.892
4.7333760261535645,0.824,1.307,-166.287,-0.366,0.244,1.892
4.738325834274292,0.823,1.307,-166.286,-0.488,0.183,1.892
4.74331521987915,0.822,1.307,-166.285,-0.488,0.183,1.953
4.748353004455566,0.821,1.307,-166.284,-0.427,0.244,1.953
4.753293991088867,0.821,1.307,-166.282,-0.366,0.244,1.953
4.758352994918823,0.821,1.307,-166.281,-0.305,0.244,1.953
4.763316869735718,0.82,1.308,-166.281,-0.305,0.183,1.831
4.768347978591919,0.82,1.308,-166.28,-0.366,0.183,1.892
4.7742650508880615,0.82,1.307,-166.28,-0.366,0.183,1.831
4.778359889984131,0.82,1.308,-166.28,-0.366,0.183,1.831
4.783277988433838,0.82,1.308,-166.281,-0.427,0.183,1.831
4.7883079051971436,0.819,1.308,-166.28,-0.427,0.183,1.892
4.7933900356292725,0.819,1.308,-166.28,-0.427,0.183,1.892
4.798334836959839,0.819,1.309,-166.28,-0.366,0.183,1.892
4.803282022476196,0.819,1.309,-166.28,-0.366,0.183,1.953
4.808377027511597,0.819,1.309,-166.279,-0.366,0.183,1.892
4.813349962234497,0.819,1.309,-166.279,-0.366,0.244,1.892
4.818274974822998,0.819,1.31,-166.279,-0.366,0.244,1.892
4.823276042938232,0.819,1.309,-166.279,-0.366,0.244,1.892
4.828344106674194,0.819,1.309,-166.279,-0.366,0.244,1.892
4.833281993865967,0.819,1.309,-166.279,-0.366,0.244,1.892
4.838280916213989,0.819,1.309,-166.279,-0.366,0.244,1.892
4.8432700634002686,0.819,1.309,-166.278,-0.366,0.244,1.892
4.848330020904541,0.819,1.309,-166.278,-0.305,0.244,1.892
4.853309154510498,0.818,1.309,-166.278,-0.366,0.183,1.892
4.858350038528442,0.817,1.309,-166.278,-0.427,0.244,1.892
4.863324165344238,0.817,1.308,-166.279,-0.427,0.183,1.831
4.868328094482422,0.817,1.308,-166.279,-0.427,0.244,1.831
4.873278856277466,0.817,1.308,-166.279,-0.427,0.305,1.892
4.878335952758789,0.817,1.308,-166.279,-0.366,0.244,1.892
4.88332200050354,0.817,1.309,-166.28,-0.366,0.244,1.892
4.888510227203369,0.818,1.309,-166.28,-0.366,0.244,1.892
4.893270015716553,0.818,1.308,-166.28,-0.366,0.305,1.953
4.8983049392700195,0.818,1.308,-166.28,-0.366,0.244,1.953
4.90333104133606,0.818,1.308,-166.279,-0.366,0.244,1.953
4.9083099365234375,0.818,1.308,-166.28,-0.366,0.183,1.892
4.9132609367370605,0.818,1.308,-166.28,-0.366,0.183,1.892
4.918298006057739,0.818,1.307,-166.28,-0.366,0.244,1.892
4.92326807975769,0.818,1.307,-166.28,-0.366,0.244,1.892
4.928303003311157,0.818,1.306,-166.28,-0.305,0.244,1.892
4.933288097381592,0.818,1.307,-166.281,-0.305,0.244,1.831
4.938262939453125,0.819,1.307,-166.281,-0.366,0.244,1.892
4.942512035369873,0.819,1.306,-166.281,-0.427,0.244,1.892
4.947848081588745,0.819,1.306,-166.281,-0.427,0.244,1.892
4.952852964401245,0.819,1.306,-166.281,-0.366,0.244,1.892
4.957832098007202,0.819,1.307,-166.281,-0.366,0.244,1.892
4.962463855743408,0.819,1.307,-166.282,-0.366,0.244,1.892
4.967653036117554,0.821,1.308,-166.283,-0.305,0.183,1.831
4.972649097442627,0.821,1.308,-166.285,-0.366,0.183,1.831
4.977788209915161,0.823,1.309,-166.288,-0.427,0.183,1.892
4.982631206512451,0.824,1.309,-166.291,-0.427,0.183,1.831
4.987844944000244,0.826,1.31,-166.294,-0.366,0.183,1.77
4.992678165435791,0.828,1.311,-166.297,-0.366,0.183,1.892
4.998532056808472,0.83,1.312,-166.3,-0.305,0.183,1.892
5.003414869308472,0.831,1.312,-166.302,-0.366,0.183,1.892
5.007624864578247,0.832,1.312,-166.305,-0.366,0.244,1.831
5.012505054473877,0.834,1.313,-166.308,-0.366,0.183,1.831
5.017547845840454,0.834,1.312,-166.31,-0.427,0.244,1.831
5.022578001022339,0.836,1.312,-166.313,-0.427,0.305,1.831
5.027552843093872,0.837,1.312,-166.316,-0.427,0.183,1.831
5.032489061355591,0.838,1.312,-166.318,-0.427,0.183,1.831
5.037538051605225,0.84,1.313,-166.321,-0.427,0.183,1.831
5.042504787445068,0.841,1.314,-166.323,-0.427,0.183,1.892
5.047454833984375,0.841,1.315,-166.325,-0.427,0.183,1.892
5.052455186843872,0.842,1.315,-166.327,-0.427,0.244,1.892
5.057514905929565,0.843,1.315,-166.329,-0.366,0.244,1.831
5.062494993209839,0.844,1.315,-166.331,-0.366,0.244,1.892
5.067468881607056,0.845,1.315,-166.332,-0.366,0.244,1.831
5.072473049163818,0.845,1.314,-166.333,-0.366,0.244,1.831
5.077525854110718,0.845,1.315,-166.334,-0.366,0.244,1.831
5.082592964172363,0.845,1.315,-166.334,-0.366,0.244,1.892
5.087446928024292,0.845,1.315,-166.335,-0.305,0.244,1.892
5.09261417388916,0.846,1.315,-166.335,-0.305,0.244,1.892
5.0975987911224365,0.846,1.315,-166.335,-0.366,0.244,1.892
5.102463960647583,0.846,1.315,-166.336,-0.366,0.244,1.892
5.107672929763794,0.846,1.315,-166.336,-0.427,0.244,1.892
5.112649917602539,0.846,1.316,-166.337,-0.427,0.244,1.892
5.118721961975098,0.845,1.316,-166.337,-0.427,0.244,1.831
5.1224448680877686,0.846,1.316,-166.338,-0.366,0.244,1.831
5.127795219421387,0.845,1.315,-166.339,-0.366,0.244,1.831
5.132775068283081,0.845,1.315,-166.339,-0.366,0.244,1.831
5.137845039367676,0.845,1.315,-166.34,-0.366,0.244,1.892
5.1424548625946045,0.845,1.315,-166.34,-0.366,0.244,1.892
5.147812128067017,0.845,1.315,-166.34,-0.366,0.183,1.892
5.1524598598480225,0.845,1.315,-166.341,-0.366,0.244,1.892
5.1574461460113525,0.845,1.315,-166.341,-0.366,0.244,1.831
5.162796974182129,0.845,1.315,-166.342,-0.366,0.244,1.831
5.167785167694092,0.845,1.315,-166.342,-0.366,0.244,1.831
5.172438859939575,0.845,1.315,-166.343,-0.366,0.244,1.892
5.177438974380493,0.845,1.315,-166.343,-0.366,0.244,1.892
5.182755947113037,0.845,1.315,-166.343,-0.366,0.244,1.892
5.187801122665405,0.845,1.315,-166.344,-0.366,0.244,1.831
5.1924309730529785,0.845,1.315,-166.344,-0.366,0.244,1.831
5.197520017623901,0.845,1.315,-166.345,-0.366,0.244,1.831
5.202803134918213,0.844,1.315,-166.345,-0.366,0.244,1.892
5.207809925079346,0.844,1.315,-166.346,-0.366,0.244,1.831
5.212425947189331,0.844,1.315,-166.346,-0.366,0.244,1.831
5.217754125595093,0.844,1.314,-166.347,-0.366,0.244,1.831
5.222483158111572,0.844,1.315,-166.347,-0.366,0.244,1.831
5.228343963623047,0.844,1.315,-166.348,-0.366,0.244,1.831
5.232432126998901,0.845,1.315,-166.348,-0.366,0.244,1.953
5.237779855728149,0.844,1.314,-166.348,-0.366,0.183,1.953
5.242445945739746,0.844,1.314,-166.348,-0.427,0.183,1.892
5.247423887252808,0.844,1.314,-166.348,-0.427,0.183,1.892
5.252725839614868,0.843,1.314,-166.349,-0.427,0.183,1.831
5.257713079452515,0.843,1.314,-166.349,-0.427,0.183,1.831
5.262423992156982,0.843,1.314,-166.35,-0.366,0.183,1.892
5.26742696762085,0.843,1.315,-166.35,-0.366,0.183,1.892
5.272723913192749,0.843,1.315,-166.35,-0.366,0.183,1.892
5.277425050735474,0.843,1.315,-166.35,-0.366,0.244,1.892
5.282426118850708,0.842,1.315,-166.351,-0.366,0.244,1.831
5.2875449657440186,0.842,1.315,-166.351,-0.366,0.183,1.831
5.292723178863525,0.842,1.315,-166.352,-0.366,0.183,1.831
5.297430992126465,0.842,1.316,-166.352,-0.427,0.183,1.831
5.302726984024048,0.841,1.316,-166.353,-0.427,0.244,1.831
5.307687044143677,0.841,1.316,-166.353,-0.305,0.244,1.831
5.312428951263428,0.841,1.317,-166.353,-0.305,0.244,1.892
5.3174052238464355,0.84,1.317,-166.353,-0.305,0.244,1.892
5.322696924209595,0.84,1.317,-166.354,-0.366,0.244,1.892
5.32769513130188,0.839,1.318,-166.354,-0.366,0.183,1.892
5.332417964935303,0.839,1.317,-166.354,-0.427,0.244,1.892
5.337400913238525,0.839,1.318,-166.354,-0.427,0.244,1.892
5.343461036682129,0.838,1.317,-166.354,-0.427,0.244,1.953
5.347718000411987,0.838,1.318,-166.354,-0.366,0.244,1.892
5.35268497467041,0.838,1.318,-166.354,-0.305,0.244,1.892
5.357412099838257,0.838,1.317,-166.354,-0.366,0.244,1.892
5.3626790046691895,0.837,1.317,-166.352,-0.366,0.244,1.892
5.3674211502075195,0.836,1.316,-166.351,-0.366,0.244,1.831
5.372735977172852,0.834,1.315,-166.349,-0.366,0.244,1.831
5.3776538372039795,0.833,1.314,-166.347,-0.366,0.244,1.831
5.382414102554321,0.831,1.314,-166.345,-0.366,0.183,1.831
5.387397050857544,0.83,1.313,-166.343,-0.366,0.183,1.831
5.392643928527832,0.828,1.314,-166.341,-0.366,0.183,1.892
5.397640943527222,0.826,1.314,-166.339,-0.366,0.183,1.892
5.402405023574829,0.825,1.314,-166.336,-0.366,0.183,1.892
5.407410144805908,0.824,1.314,-166.334,-0.366,0.183,1.892
5.412559986114502,0.822,1.314,-166.332,-0.488,0.244,1.892
5.417526006698608,0.82,1.314,-166.33,-0.488,0.244,1.892
5.422389030456543,0.819,1.313,-166.328,-0.427,0.244,1.892
5.427386999130249,0.818,1.313,-166.326,-0.305,0.244,1.892
5.4326231479644775,0.817,1.313,-166.324,-0.305,0.244,1.892
5.437391996383667,0.816,1.313,-166.322,-0.366,0.183,1.892
5.442382097244263,0.815,1.312,-166.32,-0.366,0.244,1.892
5.447389125823975,0.814,1.312,-166.318,-0.366,0.244,1.892
5.452632904052734,0.813,1.311,-166.316,-0.366,0.244,1.831
5.458611965179443,0.812,1.311,-166.315,-0.427,0.244,1.831
5.46258807182312,0.811,1.311,-166.313,-0.366,0.244,1.831
5.467612028121948,0.811,1.311,-166.312,-0.305,0.244,1.831
5.4725868701934814,0.811,1.31,-166.311,-0.305,0.366,1.892
5.477417945861816,0.81,1.309,-166.31,-0.305,0.244,1.892
5.482661962509155,0.81,1.309,-166.309,-0.305,0.183,1.831
5.487608909606934,0.81,1.309,-166.308,-0.366,0.183,1.831
5.492541074752808,0.809,1.309,-166.307,-0.427,0.183,1.892
5.497385263442993,0.809,1.309,-166.307,-0.427,0.244,1.831
5.502587080001831,0.808,1.309,-166.306,-0.427,0.244,1.831
5.507385969161987,0.808,1.308,-166.305,-0.366,0.244,1.831
5.512595891952515,0.808,1.308,-166.304,-0.244,0.244,1.831
5.517363786697388,0.808,1.308,-166.304,-0.305,0.244,1.831
5.522563934326172,0.808,1.308,-166.303,-0.305,0.183,1.831
5.527377128601074,0.808,1.308,-166.302,-0.366,0.183,1.831
5.5323638916015625,0.807,1.307,-166.302,-0.427,0.183,1.831
5.537587881088257,0.807,1.307,-166.301,-0.427,0.244,1.831
5.542587995529175,0.806,1.307,-166.3,-0.427,0.244,1.892
5.547595024108887,0.806,1.307,-166.299,-0.427,0.244,1.892
5.552417993545532,0.805,1.307,-166.298,-0.427,0.244,1.892
5.557585000991821,0.805,1.307,-166.297,-0.305,0.244,1.892
5.562611103057861,0.805,1.306,-166.296,-0.305,0.305,1.892
5.567560195922852,0.805,1.306,-166.296,-0.305,0.305,1.892
5.57243800163269,0.804,1.306,-166.295,-0.366,0.244,1.831
5.577553033828735,0.804,1.307,-166.294,-0.427,0.183,1.892
5.582364082336426,0.803,1.307,-166.293,-0.427,0.244,1.892
5.587368011474609,0.803,1.307,-166.293,-0.427,0.244,1.892
5.592531204223633,0.802,1.307,-166.292,-0.366,0.244,1.892
5.597534894943237,0.802,1.308,-166.291,-0.366,0.244,1.892
5.6023499965667725,0.802,1.308,-166.29,-0.366,0.244,1.892
5.60736083984375,0.802,1.308,-166.29,-0.305,0.183,1.892
5.612581014633179,0.802,1.308,-166.289,-0.305,0.305,1.892
5.617371082305908,0.803,1.307,-166.288,-0.305,0.305,1.892
5.622529983520508,0.803,1.307,-166.287,-0.427,0.183,1.892
5.627547025680542,0.802,1.307,-166.287,-0.427,0.183,1.892
5.632513046264648,0.802,1.307,-166.286,-0.366,0.183,1.831
5.637513875961304,0.802,1.307,-166.285,-0.366,0.244,1.953
5.642452001571655,0.802,1.307,-166.285,-0.366,0.244,1.892
5.647430181503296,0.801,1.307,-166.284,-0.366,0.244,1.831
5.652343034744263,0.801,1.307,-166.284,-0.305,0.183,1.831
5.6573381423950195,0.801,1.306,-166.283,-0.305,0.244,1.831
5.662504196166992,0.801,1.306,-166.284,-0.427,0.244,1.831
5.667558193206787,0.801,1.306,-166.284,-0.427,0.244,1.831
5.672489166259766,0.801,1.306,-166.284,-0.427,0.183,1.892
5.677343845367432,0.801,1.306,-166.284,-0.488,0.183,1.892
5.683282136917114,0.801,1.305,-166.285,-0.366,0.305,1.892
5.687355041503906,0.801,1.305,-166.285,-0.366,0.305,1.892
5.692351818084717,0.802,1.305,-166.285,-0.366,0.244,1.831
5.697566986083984,0.802,1.305,-166.286,-0.305,0.183,1.831
5.702491044998169,0.803,1.306,-166.286,-0.305,0.183,1.831
5.707326889038086,0.803,1.306,-166.286,-0.366,0.244,1.831
5.712345123291016,0.803,1.306,-166.287,-0.488,0.244,1.831
5.717490196228027,0.802,1.306,-166.287,-0.488,0.183,1.831
5.722347974777222,0.802,1.306,-166.288,-0.488,0.183,1.831
5.727497816085815,0.802,1.306,-166.288,-0.366,0.244,1.831
5.732331037521362,0.803,1.306,-166.288,-0.305,0.305,1.892
5.737491846084595,0.804,1.306,-166.288,-0.244,0.244,1.892
5.742347955703735,0.804,1.307,-166.288,-0.244,0.122,1.892
5.747482061386108,0.804,1.307,-166.288,-0.366,0.183,1.892
5.75247597694397,0.803,1.306,-166.289,-0.427,0.183,1.831
5.75744891166687,0.803,1.306,-166.29,-0.61,0.244,1.831
5.762434959411621,0.804,1.307,-166.293,-0.61,0.244,1.831
5.767385005950928,0.806,1.308,-166.295,-0.427,0.122,1.892
5.772329807281494,0.808,1.308,-166.297,-0.305,0.183,1.892
5.777405023574829,0.81,1.309,-166.299,-0.183,0.244,1.892
5.782450199127197,0.813,1.309,-166.302,-0.183,0.244,1.831
5.787446975708008,0.815,1.309,-166.304,-0.305,0.244,1.892
5.792435169219971,0.816,1.31,-166.306,-0.427,0.183,1.892
5.798419952392578,0.817,1.31,-166.308,-0.427,0.183,1.831
5.802440166473389,0.818,1.31,-166.311,-0.488,0.244,1.831
5.807410001754761,0.819,1.309,-166.313,-0.488,0.244,1.831
5.812439918518066,0.82,1.309,-166.315,-0.427,0.244,1.831
5.817438840866089,0.823,1.309,-166.317,-0.305,0.244,1.831
5.822451114654541,0.826,1.309,-166.319,-0.122,0.244,1.892
5.827445030212402,0.829,1.31,-166.32,-0.122,0.244,1.953
5.832427024841309,0.831,1.311,-166.322,-0.305,0.183,1.892
5.837400913238525,0.831,1.311,-166.324,-0.549,0.183,1.892
5.842430114746094,0.831,1.312,-166.325,-0.671,0.183,1.892
5.847434997558594,0.831,1.312,-166.327,-0.671,0.183,1.892
5.852403879165649,0.833,1.313,-166.328,-0.549,0.183,1.953
5.857393026351929,0.835,1.313,-166.33,-0.305,0.183,1.831
5.862397193908691,0.837,1.314,-166.33,-0.061,0.183,2.014
5.867377996444702,0.839,1.314,-166.329,-0.0,0.183,1.953
5.872393846511841,0.839,1.314,-166.329,-0.183,0.244,1.953
5.877408981323242,0.838,1.314,-166.329,-0.427,0.244,1.953
5.882447957992554,0.836,1.313,-166.33,-0.671,0.244,1.892
5.887349843978882,0.835,1.313,-166.33,-0.793,0.244,1.892
5.892305135726929,0.834,1.313,-166.33,-0.671,0.183,1.831
5.897416830062866,0.835,1.313,-166.331,-0.427,0.244,1.892
5.90239405632019,0.837,1.313,-166.331,-0.183,0.305,1.892
5.90737509727478,0.839,1.313,-166.331,-0.061,0.244,1.953
5.912593126296997,0.84,1.313,-166.331,-0.061,0.183,1.953
5.917378902435303,0.84,1.313,-166.331,-0.244,0.183,1.892
5.922302961349487,0.839,1.313,-166.331,-0.549,0.183,1.892
5.927286863327026,0.838,1.313,-166.332,-0.732,0.244,1.831
5.932375907897949,0.836,1.312,-166.332,-0.732,0.244,1.831
5.937363862991333,0.837,1.312,-166.333,-0.488,0.244,1.831
5.942353010177612,0.838,1.313,-166.333,-0.244,0.244,1.892
5.947320938110352,0.839,1.313,-166.332,-0.061,0.244,2.014
5.952388048171997,0.841,1.312,-166.332,-0.061,0.244,1.953
5.957390069961548,0.841,1.312,-166.331,-0.183,0.244,1.953
5.962383985519409,0.84,1.311,-166.33,-0.427,0.244,1.953
5.967395067214966,0.838,1.311,-166.328,-0.61,0.183,1.831
5.972391128540039,0.835,1.311,-166.326,-0.61,0.183,1.831
5.97733998298645,0.833,1.31,-166.324,-0.488,0.244,1.831
5.982326030731201,0.832,1.31,-166.322,-0.305,0.244,1.831
5.987347841262817,0.831,1.31,-166.32,-0.183,0.244,1.953
5.99229621887207,0.831,1.309,-166.317,-0.183,0.244,1.953
5.997283935546875,0.829,1.309,-166.315,-0.244,0.244,1.892
6.00230598449707,0.827,1.308,-166.313,-0.488,0.244,1.831
6.007344007492065,0.825,1.308,-166.311,-0.61,0.183,1.831
6.012289047241211,0.823,1.308,-166.31,-0.61,0.183,1.831
6.01731014251709,0.821,1.308,-166.308,-0.488,0.183,1.831
6.02231502532959,0.821,1.308,-166.306,-0.244,0.183,1.831
6.027498960494995,0.821,1.308,-166.305,-0.183,0.183,1.831
6.032268047332764,0.821,1.308,-166.303,-0.183,0.244,1.953
6.0373311042785645,0.82,1.308,-166.301,-0.183,0.244,1.892
6.0422890186309814,0.819,1.308,-166.299,-0.427,0.183,1.831
6.047346115112305,0.817,1.308,-166.298,-0.61,0.244,1.831
6.052321910858154,0.815,1.308,-166.296,-0.61,0.244,1.831
6.057342052459717,0.814,1.308,-166.295,-0.488,0.244,1.831
6.0623719692230225,0.814,1.308,-166.294,-0.244,0.244,1.831
6.067301988601685,0.814,1.308,-166.293,-0.183,0.244,1.892
6.07227897644043,0.814,1.308,-166.292,-0.183,0.244,1.892
6.077333927154541,0.814,1.307,-166.291,-0.305,0.244,1.892
6.082288980484009,0.813,1.308,-166.29,-0.549,0.183,1.892
6.087278127670288,0.811,1.308,-166.289,-0.61,0.244,1.892
6.092281103134155,0.81,1.307,-166.288,-0.61,0.244,1.831
6.097301959991455,0.809,1.307,-166.288,-0.427,0.183,1.831
6.102283954620361,0.809,1.307,-166.287,-0.244,0.244,1.831
6.106700897216797,0.81,1.307,-166.286,-0.122,0.244,1.892
6.112437009811401,0.811,1.306,-166.285,-0.122,0.244,1.953
6.116684913635254,0.811,1.306,-166.284,-0.305,0.244,1.953
6.1215760707855225,0.81,1.306,-166.283,-0.427,0.244,1.892
6.126726150512695,0.808,1.306,-166.282,-0.61,0.244,1.892
6.131916046142578,0.807,1.306,-166.281,-0.61,0.244,1.892
6.136881113052368,0.806,1.305,-166.28,-0.61,0.244,1.892
6.141584157943726,0.806,1.305,-166.28,-0.366,0.183,1.892
6.14688515663147,0.808,1.306,-166.279,-0.183,0.183,1.953
6.151787042617798,0.81,1.306,-166.278,-0.061,0.183,1.953
6.156866073608398,0.811,1.307,-166.277,-0.122,0.183,1.953
6.161897897720337,0.811,1.306,-166.276,-0.366,0.244,1.892
6.166729927062988,0.811,1.306,-166.276,-0.549,0.183,1.892
6.171610116958618,0.81,1.306,-166.275,-0.61,0.183,1.892
6.176731109619141,0.81,1.306,-166.275,-0.549,0.244,1.892
6.18168306350708,0.81,1.306,-166.275,-0.488,0.244,1.892
6.186699867248535,0.811,1.306,-166.274,-0.305,0.244,1.831
6.191822052001953,0.813,1.306,-166.274,-0.183,0.244,1.831
6.196818113327026,0.815,1.306,-166.274,-0.183,0.244,1.953
6.201843976974487,0.816,1.305,-166.273,-0.183,0.244,1.953
6.206815958023071,0.816,1.305,-166.272,-0.305,0.244,1.892
6.211796998977661,0.815,1.304,-166.272,-0.488,0.244,1.892
6.216794967651367,0.814,1.304,-166.271,-0.549,0.244,1.892
6.2218170166015625,0.814,1.303,-166.271,-0.549,0.244,1.892
6.2268359661102295,0.813,1.303,-166.271,-0.549,0.183,1.892
6.231571912765503,0.814,1.303,-166.27,-0.305,0.244,1.892
6.23651909828186,0.815,1.303,-166.27,-0.183,0.244,1.892
6.241907119750977,0.816,1.303,-166.27,-0.183,0.244,1.892
6.246582984924316,0.816,1.303,-166.269,-0.305,0.244,1.953
6.252408981323242,0.815,1.303,-166.268,-0.366,0.244,1.892
6.256626129150391,0.815,1.303,-166.268,-0.488,0.244,1.892
6.2616119384765625,0.814,1.303,-166.268,-0.488,0.244,1.892
6.266662120819092,0.813,1.303,-166.268,-0.427,0.244,1.831
6.271688222885132,0.814,1.303,-166.268,-0.244,0.244,1.831
6.276663064956665,0.814,1.303,-166.268,-0.244,0.244,1.831
6.281790256500244,0.814,1.303,-166.267,-0.305,0.244,1.892
6.28678297996521,0.814,1.302,-166.267,-0.305,0.244,1.892
6.2917540073394775,0.814,1.302,-166.267,-0.488,0.244,1.892
6.2964770793914795,0.813,1.303,-166.267,-0.488,0.244,1.831
6.301776170730591,0.813,1.303,-166.267,-0.488,0.183,1.77
6.306643962860107,0.812,1.303,-166.267,-0.488,0.183,1.77
6.311622142791748,0.813,1.303,-166.267,-0.305,0.305,1.831
6.316781997680664,0.813,1.303,-166.267,-0.305,0.244,1.892
6.32175612449646,0.813,1.302,-166.267,-0.244,0.305,1.892
6.326766014099121,0.813,1.302,-166.266,-0.305,0.305,1.892
6.331429958343506,0.813,1.302,-166.266,-0.305,0.183,1.892
6.3367531299591064,0.812,1.302,-166.266,-0.366,0.183,1.892
6.341747045516968,0.811,1.301,-166.266,-0.488,0.244,1.831
6.346428155899048,0.811,1.301,-166.266,-0.488,0.244,1.77
6.351441144943237,0.811,1.301,-166.266,-0.488,0.122,1.77
6.356761932373047,0.811,1.301,-166.267,-0.427,0.183,1.892
6.361751079559326,0.811,1.302,-166.266,-0.366,0.183,1.953
6.367582082748413,0.812,1.301,-166.266,-0.244,0.244,1.953
6.371747970581055,0.812,1.301,-166.266,-0.305,0.244,1.953
6.376776933670044,0.812,1.301,-166.266,-0.366,0.244,1.953
6.3817620277404785,0.812,1.301,-166.266,-0.366,0.183,1.831
6.386523008346558,0.812,1.3,-166.266,-0.427,0.183,1.953
6.391764879226685,0.812,1.3,-166.267,-0.427,0.244,1.892
6.396759033203125,0.812,1.3,-166.267,-0.427,0.244,1.892
6.401768207550049,0.812,1.301,-166.267,-0.427,0.122,1.892
6.406448125839233,0.812,1.302,-166.267,-0.366,0.122,1.892
6.411712884902954,0.812,1.302,-166.267,-0.366,0.183,1.892
6.416450023651123,0.812,1.302,-166.268,-0.305,0.183,1.892
6.421422004699707,0.812,1.303,-166.268,-0.305,0.244,1.831
6.426702976226807,0.812,1.303,-166.268,-0.366,0.244,1.892
6.431753873825073,0.812,1.303,-166.268,-0.427,0.244,1.892
6.436578035354614,0.812,1.303,-166.268,-0.427,0.244,1.892
6.441677093505859,0.812,1.303,-166.269,-0.427,0.244,1.831
6.446681976318359,0.812,1.303,-166.269,-0.366,0.244,1.831
6.4517340660095215,0.813,1.304,-166.27,-0.305,0.183,1.892
6.45670485496521,0.812,1.304,-166.268,-0.305,0.244,1.892
6.461701154708862,0.811,1.303,-166.266,-0.366,0.244,1.892
6.466705083847046,0.809,1.302,-166.263,-0.366,0.244,1.892
6.471693992614746,0.807,1.302,-166.26,-0.488,0.244,1.831
6.4766740798950195,0.804,1.301,-166.256,-0.488,0.244,1.953
6.481705904006958,0.802,1.3,-166.252,-0.488,0.244,1.953
6.486694097518921,0.8,1.299,-166.249,-0.427,0.244,1.831
6.491683006286621,0.798,1.299,-166.245,-0.366,0.244,1.892
6.49642014503479,0.796,1.298,-166.242,-0.305,0.244,1.831
6.501657009124756,0.795,1.298,-166.239,-0.305,0.244,1.831
6.506667852401733,0.794,1.297,-166.236,-0.305,0.244,1.892
6.511401176452637,0.792,1.297,-166.233,-0.305,0.244,1.831
6.5166802406311035,0.79,1.297,-166.23,-0.427,0.244,1.831
6.521667003631592,0.789,1.296,-166.227,-0.427,0.244,1.892
6.526408910751343,0.787,1.296,-166.224,-0.427,0.244,1.892
6.531667947769165,0.785,1.295,-166.221,-0.427,0.244,1.892
6.536670207977295,0.784,1.294,-166.218,-0.366,0.244,1.892
6.541674852371216,0.783,1.293,-166.215,-0.305,0.244,1.892
6.546408176422119,0.782,1.293,-166.212,-0.305,0.244,1.892
6.5516510009765625,0.781,1.293,-166.209,-0.366,0.244,1.892
6.556643009185791,0.779,1.292,-166.206,-0.366,0.244,1.892
6.56169319152832,0.777,1.292,-166.201,-0.366,0.244,1.892
6.566398859024048,0.774,1.291,-166.196,-0.366,0.244,1.892
6.571619987487793,0.771,1.29,-166.191,-0.366,0.183,1.892
6.576667070388794,0.769,1.29,-166.185,-0.366,0.183,1.892
6.5816450119018555,0.766,1.29,-166.18,-0.305,0.183,1.892
6.586397171020508,0.763,1.29,-166.174,-0.366,0.183,1.892
6.591685056686401,0.761,1.289,-166.169,-0.366,0.183,1.892
6.596556901931763,0.758,1.289,-166.164,-0.427,0.183,1.892
6.601388931274414,0.756,1.288,-166.159,-0.427,0.183,1.892
6.606598138809204,0.753,1.287,-166.154,-0.427,0.183,1.892
6.611401796340942,0.751,1.287,-166.149,-0.366,0.183,1.892
6.6163859367370605,0.749,1.286,-166.144,-0.305,0.183,1.892
6.62161922454834,0.747,1.286,-166.139,-0.305,0.183,1.892
6.626595973968506,0.745,1.285,-166.134,-0.305,0.244,1.953
6.631390810012817,0.742,1.284,-166.129,-0.366,0.183,1.953
6.636595964431763,0.74,1.284,-166.125,-0.366,0.183,1.831
6.641456127166748,0.738,1.284,-166.121,-0.366,0.183,1.892
6.646543979644775,0.736,1.284,-166.116,-0.427,0.244,1.892
6.651379108428955,0.733,1.283,-166.112,-0.427,0.244,1.892
6.656498193740845,0.731,1.282,-166.108,-0.488,0.244,1.831
6.6614990234375,0.73,1.282,-166.104,-0.488,0.183,1.831
6.666514158248901,0.728,1.281,-166.1,-0.427,0.244,1.892
6.671381950378418,0.728,1.28,-166.096,-0.244,0.244,1.892
6.676606178283691,0.727,1.28,-166.093,-0.122,0.244,1.892
6.68156886100769,0.727,1.28,-166.089,-0.122,0.305,1.892
6.686610221862793,0.726,1.28,-166.085,-0.366,0.244,1.892
6.691592216491699,0.725,1.279,-166.081,-0.488,0.244,1.892
6.696567058563232,0.723,1.28,-166.078,-0.61,0.183,1.831
6.701596021652222,0.721,1.281,-166.075,-0.549,0.183,1.831
6.707441091537476,0.72,1.281,-166.072,-0.488,0.183,1.831
6.711571216583252,0.719,1.281,-166.068,-0.366,0.244,1.831
6.716475009918213,0.719,1.281,-166.065,-0.244,0.244,1.892
6.7215049266815186,0.719,1.28,-166.061,-0.183,0.244,1.953
6.726471185684204,0.719,1.28,-166.058,-0.183,0.244,1.892
6.731487989425659,0.717,1.28,-166.055,-0.427,0.183,1.892
6.73641300201416,0.715,1.28,-166.052,-0.549,0.183,1.892
6.741563081741333,0.714,1.28,-166.049,-0.549,0.183,1.831
6.746583938598633,0.712,1.279,-166.046,-0.549,0.244,1.831
6.751533031463623,0.711,1.279,-166.043,-0.427,0.244,1.892
6.756366014480591,0.711,1.279,-166.04,-0.244,0.244,1.892
6.761358976364136,0.711,1.279,-166.037,-0.183,0.244,1.892
6.766550064086914,0.712,1.279,-166.034,-0.183,0.244,1.892
6.771539926528931,0.711,1.279,-166.032,-0.427,0.244,1.892
6.776382207870483,0.709,1.279,-166.029,-0.61,0.183,1.831
6.781360149383545,0.707,1.279,-166.027,-0.61,0.183,1.831
6.7865378856658936,0.706,1.279,-166.024,-0.549,0.183,1.953
6.791543960571289,0.705,1.279,-166.021,-0.427,0.183,1.953
6.796546936035156,0.706,1.279,-166.018,-0.183,0.183,1.953
6.8015220165252686,0.706,1.279,-166.015,-0.183,0.183,1.953
6.806568145751953,0.706,1.278,-166.013,-0.305,0.244,1.892
6.811546087265015,0.705,1.278,-166.01,-0.488,0.244,1.892
6.8163440227508545,0.704,1.278,-166.008,-0.61,0.244,1.831
6.821596145629883,0.703,1.278,-166.006,-0.549,0.244,1.831
6.826534032821655,0.702,1.278,-166.004,-0.488,0.183,1.892
6.8315088748931885,0.702,1.278,-166.001,-0.366,0.183,1.892
6.836510181427002,0.702,1.277,-165.999,-0.244,0.305,1.953
6.841544151306152,0.704,1.277,-165.997,-0.122,0.366,1.892
6.846401929855347,0.704,1.277,-165.994,-0.244,0.183,1.892
6.851368188858032,0.704,1.277,-165.992,-0.427,0.183,1.892
6.856455087661743,0.703,1.277,-165.991,-0.61,0.183,1.892
6.861480236053467,0.703,1.277,-165.991,-0.671,0.183,1.831
6.866348028182983,0.703,1.278,-165.991,-0.61,0.183,1.831
6.8713459968566895,0.704,1.278,-165.992,-0.366,0.183,1.831
6.876500844955444,0.706,1.279,-165.992,-0.183,0.244,1.953
6.881342887878418,0.708,1.279,-165.992,-0.0,0.244,1.953
6.886482000350952,0.711,1.28,-165.992,-0.122,0.244,1.892
6.891472101211548,0.712,1.28,-165.993,-0.427,0.244,1.892
6.896512031555176,0.711,1.279,-165.993,-0.732,0.244,1.831
6.9014811515808105,0.71,1.279,-165.993,-0.732,0.244,1.892
6.906476020812988,0.711,1.279,-165.994,-0.549,0.244,1.831
6.911480903625488,0.713,1.279,-165.995,-0.305,0.244,1.831
6.916471004486084,0.717,1.28,-165.995,-0.061,0.244,1.892
6.921313047409058,0.721,1.28,-165.995,-0.0,0.244,1.892
6.926483154296875,0.724,1.28,-165.995,-0.122,0.244,1.953
6.931481122970581,0.725,1.281,-165.995,-0.366,0.244,1.892
6.936776161193848,0.724,1.28,-165.995,-0.732,0.244,1.831
6.941474914550781,0.723,1.281,-165.996,-0.854,0.183,1.831
6.946473836898804,0.724,1.281,-165.996,-0.732,0.183,1.831
6.951440095901489,0.726,1.282,-165.997,-0.427,0.183,1.831
6.95644211769104,0.728,1.282,-165.996,-0.122,0.244,1.831
6.961292028427124,0.73,1.282,-165.995,-0.0,0.244,1.892
6.966310024261475,0.732,1.283,-165.993,-0.0,0.244,1.953
6.9714391231536865,0.733,1.283,-165.991,-0.183,0.244,1.953
6.976459980010986,0.732,1.283,-165.99,-0.488,0.244,1.892
6.9814372062683105,0.73,1.283,-165.989,-0.732,0.244,1.892
6.986377000808716,0.729,1.283,-165.989,-0.732,0.244,1.709
6.99137806892395,0.728,1.283,-165.988,-0.61,0.244,1.831
6.9964330196380615,0.73,1.282,-165.987,-0.366,0.244,1.892
7.001382112503052,0.732,1.282,-165.986,-0.061,0.244,1.953
7.006332159042358,0.734,1.282,-165.984,-0.0,0.244,1.953
7.011347055435181,0.734,1.282,-165.983,-0.244,0.244,1.831
7.016341924667358,0.733,1.282,-165.983,-0.427,0.183,1.831
7.021327972412109,0.731,1.282,-165.982,-0.671,0.183,1.831
7.026374101638794,0.73,1.282,-165.981,-0.671,0.183,1.831
7.031306028366089,0.73,1.282,-165.98,-0.549,0.183,1.831
7.036365985870361,0.732,1.282,-165.979,-0.305,0.244,1.892
7.04131007194519,0.734,1.282,-165.978,-0.122,0.244,1.892
7.046355962753296,0.736,1.283,-165.977,-0.061,0.244,1.892
7.051646947860718,0.738,1.283,-165.976,-0.061,0.244,1.892
7.0563271045684814,0.738,1.283,-165.975,-0.305,0.244,1.892
7.061306953430176,0.737,1.283,-165.974,-0.549,0.244,1.892
7.066287994384766,0.735,1.283,-165.972,-0.671,0.244,1.831
7.071355104446411,0.733,1.283,-165.971,-0.671,0.244,1.831
7.07638692855835,0.733,1.283,-165.969,-0.488,0.244,1.831
7.081363201141357,0.735,1.283,-165.968,-0.244,0.244,1.892
7.086287975311279,0.736,1.283,-165.966,-0.122,0.244,1.892
7.091382026672363,0.738,1.284,-165.965,-0.122,0.244,1.892
7.096299886703491,0.738,1.284,-165.963,-0.244,0.244,1.892
7.101366996765137,0.737,1.284,-165.962,-0.427,0.244,1.892
7.106300115585327,0.736,1.284,-165.96,-0.61,0.183,1.831
7.111392021179199,0.735,1.284,-165.959,-0.61,0.183,1.831
7.116371154785156,0.735,1.284,-165.958,-0.549,0.183,1.831
7.121374845504761,0.736,1.284,-165.956,-0.305,0.183,1.953
7.12634801864624,0.738,1.285,-165.955,-0.183,0.183,1.953
7.131309986114502,0.739,1.285,-165.953,-0.183,0.244,1.831
7.136309862136841,0.74,1.285,-165.952,-0.244,0.244,1.831
7.1414079666137695,0.741,1.284,-165.951,-0.305,0.244,1.831
7.146356821060181,0.741,1.285,-165.95,-0.427,0.244,1.831
7.151347875595093,0.741,1.285,-165.95,-0.488,0.244,1.831
7.156274080276489,0.741,1.285,-165.95,-0.488,0.244,1.831
7.161445140838623,0.741,1.285,-165.95,-0.488,0.244,1.831
7.166279077529907,0.742,1.286,-165.95,-0.427,0.244,1.892
7.17127799987793,0.743,1.286,-165.95,-0.366,0.244,1.892
7.176329851150513,0.745,1.286,-165.95,-0.305,0.244,1.892
7.181355953216553,0.747,1.286,-165.949,-0.305,0.244,1.892
7.186347961425781,0.749,1.286,-165.949,-0.305,0.244,1.831
7.191270112991333,0.749,1.287,-165.949,-0.427,0.244,1.831
7.196364879608154,0.75,1.287,-165.949,-0.427,0.244,1.831
7.201338052749634,0.75,1.287,-165.949,-0.427,0.305,1.892
7.206261873245239,0.75,1.287,-165.949,-0.427,0.244,1.892
7.211347818374634,0.751,1.287,-165.948,-0.427,0.244,1.892
7.216308832168579,0.752,1.287,-165.948,-0.305,0.183,1.892
7.221264123916626,0.753,1.287,-165.948,-0.366,0.183,1.892
7.226257085800171,0.754,1.287,-165.948,-0.366,0.244,1.831
7.2313032150268555,0.754,1.288,-165.947,-0.366,0.244,1.892
7.236299991607666,0.755,1.288,-165.947,-0.366,0.244,1.892
7.241267204284668,0.755,1.288,-165.947,-0.366,0.244,1.892
7.246276140213013,0.756,1.288,-165.946,-0.366,0.244,1.892
7.251326084136963,0.758,1.288,-165.949,-0.366,0.244,1.892
7.256318092346191,0.761,1.288,-165.952,-0.366,0.244,1.892
7.261296987533569,0.764,1.289,-165.955,-0.366,0.244,1.892
7.26630711555481,0.767,1.29,-165.96,-0.366,0.244,1.892
7.270644903182983,0.771,1.292,-165.964,-0.366,0.244,1.892
7.276435852050781,0.774,1.293,-165.969,-0.366,0.244,1.892
7.28054404258728,0.778,1.293,-165.973,-0.366,0.244,1.831
7.285523176193237,0.78,1.294,-165.978,-0.427,0.244,1.831
7.290952920913696,0.783,1.294,-165.982,-0.366,0.244,1.831
7.295482158660889,0.786,1.295,-165.987,-0.427,0.244,1.831
7.300962924957275,0.789,1.295,-165.991,-0.427,0.244,1.831
7.3055579662323,0.791,1.295,-165.995,-0.427,0.244,1.831
7.3105199337005615,0.794,1.296,-165.999,-0.427,0.244,1.831
7.315684080123901,0.796,1.297,-166.003,-0.427,0.244,1.831
7.3206939697265625,0.799,1.298,-166.007,-0.366,0.183,1.831
7.325984001159668,0.801,1.299,-166.011,-0.366,0.244,1.831
7.330857992172241,0.804,1.3,-166.014,-0.366,0.244,1.831
7.3358659744262695,0.806,1.301,-166.018,-0.366,0.244,1.831
7.3404741287231445,0.809,1.302,-166.021,-0.366,0.244,1.831
7.345508098602295,0.81,1.302,-166.025,-0.427,0.244,1.831
7.350539922714233,0.813,1.303,-166.029,-0.488,0.244,1.831
7.355808973312378,0.816,1.303,-166.035,-0.427,0.244,1.831
7.3604772090911865,0.819,1.304,-166.04,-0.427,0.244,1.831
7.365466117858887,0.823,1.305,-166.047,-0.305,0.183,1.831
7.370779991149902,0.827,1.305,-166.054,-0.305,0.244,1.831
7.375638961791992,0.831,1.306,-166.06,-0.305,0.244,1.831
7.380488872528076,0.835,1.307,-166.066,-0.305,0.183,1.831
7.385457992553711,0.838,1.308,-166.072,-0.427,0.244,1.831
7.391624212265015,0.841,1.308,-166.078,-0.427,0.244,1.892
7.39549708366394,0.843,1.309,-166.084,-0.427,0.244,1.892
7.400808095932007,0.846,1.31,-166.089,-0.427,0.244,1.831
7.4058449268341064,0.849,1.311,-166.095,-0.427,0.244,1.831
7.4107911586761475,0.852,1.312,-166.101,-0.366,0.244,1.831
7.415464162826538,0.855,1.313,-166.106,-0.305,0.244,1.831
7.42079496383667,0.858,1.315,-166.111,-0.244,0.244,1.953
7.425809144973755,0.862,1.315,-166.116,-0.305,0.244,1.831
7.430797100067139,0.864,1.316,-166.121,-0.427,0.244,1.831
7.435510873794556,0.866,1.317,-166.126,-0.488,0.244,1.831
7.440835952758789,0.867,1.318,-166.131,-0.549,0.244,1.892
7.445756196975708,0.869,1.318,-166.136,-0.488,0.244,1.892
7.450512170791626,0.872,1.319,-166.14,-0.305,0.244,1.892
7.455463171005249,0.876,1.319,-166.144,-0.183,0.244,1.892
7.460798978805542,0.878,1.32,-166.147,-0.244,0.183,2.014
7.465781927108765,0.881,1.32,-166.151,-0.244,0.183,1.892
7.470782995223999,0.883,1.321,-166.155,-0.366,0.244,1.831
7.475738048553467,0.884,1.321,-166.159,-0.488,0.244,1.831
7.4807610511779785,0.885,1.322,-166.163,-0.549,0.244,1.892
7.4854559898376465,0.887,1.322,-166.167,-0.366,0.244,1.892
7.490433931350708,0.889,1.323,-166.171,-0.305,0.244,1.77
7.495754957199097,0.891,1.324,-166.175,-0.305,0.183,1.892
7.500739097595215,0.893,1.324,-166.178,-0.305,0.244,1.892
7.50581693649292,0.894,1.325,-166.181,-0.366,0.244,1.892
7.510762929916382,0.896,1.325,-166.185,-0.366,0.244,1.892
7.515765905380249,0.897,1.326,-166.188,-0.488,0.183,1.892
7.5207579135894775,0.897,1.326,-166.191,-0.488,0.183,1.892
7.525759935379028,0.898,1.327,-166.194,-0.488,0.183,1.892
7.530654191970825,0.899,1.327,-166.198,-0.427,0.244,1.831
7.535623073577881,0.901,1.327,-166.201,-0.305,0.244,1.831
7.540430068969727,0.903,1.327,-166.204,-0.244,0.244,1.831
7.545750856399536,0.905,1.327,-166.207,-0.244,0.244,1.892
7.550439119338989,0.906,1.327,-166.21,-0.366,0.244,1.892
7.555757999420166,0.907,1.327,-166.213,-0.488,0.244,1.892
7.560425043106079,0.907,1.328,-166.216,-0.488,0.244,1.892
7.565716981887817,0.908,1.328,-166.218,-0.488,0.244,1.892
7.570729970932007,0.908,1.328,-166.221,-0.427,0.244,1.892
7.575777053833008,0.909,1.328,-166.224,-0.366,0.244,1.892
7.580510139465332,0.911,1.328,-166.226,-0.305,0.244,1.892
7.58574104309082,0.912,1.328,-166.229,-0.305,0.244,1.892
7.59076714515686,0.912,1.328,-166.231,-0.427,0.244,1.892
7.595741033554077,0.912,1.327,-166.234,-0.427,0.244,1.831
7.600704908370972,0.913,1.327,-166.237,-0.427,0.244,1.892
7.605772972106934,0.914,1.327,-166.239,-0.366,0.244,1.892
7.610587120056152,0.914,1.328,-166.241,-0.305,0.244,1.892
7.616338014602661,0.915,1.328,-166.244,-0.305,0.244,1.892
7.620572090148926,0.916,1.327,-166.246,-0.305,0.305,1.892
7.625601053237915,0.917,1.327,-166.248,-0.305,0.305,1.892
7.630690097808838,0.917,1.327,-166.25,-0.427,0.305,1.892
7.6354310512542725,0.918,1.327,-166.252,-0.427,0.244,1.892
7.640756845474243,0.918,1.327,-166.255,-0.427,0.244,1.892
7.645427227020264,0.919,1.327,-166.257,-0.366,0.244,1.892
7.650695085525513,0.92,1.327,-166.26,-0.366,0.244,1.892
7.6555750370025635,0.922,1.328,-166.263,-0.366,0.244,1.892
7.660720109939575,0.923,1.329,-166.267,-0.366,0.244,1.892
7.665449857711792,0.924,1.329,-166.269,-0.305,0.244,2.014
7.67050313949585,0.926,1.33,-166.272,-0.305,0.244,1.953
7.675655126571655,0.926,1.331,-166.275,-0.488,0.244,1.892
7.6804258823394775,0.927,1.331,-166.279,-0.549,0.183,1.892
7.6854939460754395,0.927,1.331,-166.282,-0.549,0.183,1.831
7.690440893173218,0.927,1.331,-166.285,-0.488,0.244,1.831
7.695526123046875,0.928,1.332,-166.289,-0.427,0.244,1.77
7.700661897659302,0.928,1.333,-166.292,-0.366,0.244,1.831
7.705475091934204,0.93,1.333,-166.295,-0.244,0.244,1.892
7.710648059844971,0.931,1.334,-166.298,-0.244,0.244,1.892
7.715631008148193,0.932,1.334,-166.3,-0.366,0.244,1.892
7.7206950187683105,0.932,1.334,-166.303,-0.427,0.244,1.892
7.725399017333984,0.932,1.335,-166.306,-0.488,0.244,1.892
7.731533050537109,0.932,1.335,-166.309,-0.488,0.183,1.831
7.735645055770874,0.932,1.336,-166.312,-0.427,0.183,1.831
7.740619897842407,0.933,1.336,-166.314,-0.366,0.183,1.831
7.745659112930298,0.934,1.336,-166.317,-0.305,0.305,1.892
7.75065803527832,0.935,1.336,-166.32,-0.244,0.305,1.892
7.755645036697388,0.936,1.336,-166.322,-0.183,0.305,1.953
7.760639905929565,0.936,1.336,-166.325,-0.244,0.244,1.892
7.765639066696167,0.937,1.337,-166.328,-0.427,0.244,1.831
7.770657062530518,0.936,1.337,-166.33,-0.61,0.183,1.831
7.775618076324463,0.936,1.337,-166.333,-0.61,0.183,1.892
7.780649900436401,0.936,1.337,-166.335,-0.488,0.183,1.892
7.785658121109009,0.937,1.338,-166.338,-0.305,0.183,1.892
7.790598154067993,0.94,1.338,-166.34,-0.061,0.305,1.953
7.795567035675049,0.943,1.338,-166.342,-0.0,0.305,1.892
7.800414085388184,0.944,1.338,-166.345,-0.122,0.305,1.892
7.805606126785278,0.945,1.338,-166.347,-0.305,0.183,1.892
7.810611963272095,0.944,1.338,-166.349,-0.549,0.183,1.831
7.815448999404907,0.943,1.339,-166.352,-0.732,0.183,1.77
7.8206188678741455,0.942,1.339,-166.355,-0.732,0.183,1.77
7.825395822525024,0.942,1.339,-166.357,-0.488,0.122,1.831
7.830606937408447,0.944,1.339,-166.36,-0.244,0.183,1.892
7.835623025894165,0.946,1.339,-166.361,-0.061,0.244,1.953
7.840492010116577,0.948,1.339,-166.363,-0.061,0.305,1.892
7.84569787979126,0.949,1.339,-166.365,-0.183,0.244,2.014
7.850632905960083,0.948,1.339,-166.367,-0.427,0.244,1.831
7.855591058731079,0.947,1.339,-166.37,-0.671,0.183,1.831
7.860595226287842,0.946,1.339,-166.372,-0.732,0.183,1.831
7.865607023239136,0.945,1.338,-166.375,-0.671,0.244,1.831
7.870605945587158,0.946,1.337,-166.377,-0.427,0.305,1.831
7.875554084777832,0.948,1.337,-166.38,-0.122,0.244,1.892
7.8804731369018555,0.951,1.337,-166.381,-0.0,0.244,1.953
7.885479211807251,0.953,1.337,-166.383,-0.0,0.305,1.892
7.890389919281006,0.954,1.337,-166.385,-0.244,0.244,1.892
7.895594835281372,0.953,1.337,-166.387,-0.488,0.183,1.892
7.900489807128906,0.951,1.337,-166.389,-0.732,0.183,1.892
7.905495882034302,0.95,1.337,-166.391,-0.671,0.183,1.892
7.910604953765869,0.95,1.338,-166.394,-0.549,0.183,1.831
7.915586948394775,0.952,1.338,-166.396,-0.305,0.183,1.831
7.920567989349365,0.953,1.339,-166.398,-0.061,0.183,1.892
7.925534248352051,0.955,1.338,-166.399,-0.061,0.305,1.892
7.930490970611572,0.956,1.338,-166.401,-0.183,0.244,1.892
7.935439109802246,0.955,1.338,-166.403,-0.427,0.244,1.892
7.940568923950195,0.954,1.338,-166.405,-0.671,0.183,1.831
7.945466995239258,0.952,1.338,-166.407,-0.732,0.183,1.831
7.9505720138549805,0.95,1.338,-166.409,-0.61,0.244,1.831
7.9555559158325195,0.95,1.337,-166.411,-0.427,0.244,1.831
7.960792064666748,0.951,1.338,-166.413,-0.183,0.244,1.892
7.965367078781128,0.953,1.338,-166.414,-0.0,0.244,1.892
7.970571041107178,0.953,1.338,-166.416,-0.061,0.244,1.892
7.975593090057373,0.953,1.338,-166.417,-0.305,0.244,1.892
7.980529069900513,0.951,1.337,-166.419,-0.549,0.244,1.892
7.985492944717407,0.949,1.337,-166.421,-0.671,0.244,1.77
7.990442991256714,0.948,1.338,-166.423,-0.671,0.183,1.77
7.995455980300903,0.948,1.338,-166.425,-0.549,0.183,1.77
8.000452041625977,0.949,1.338,-166.427,-0.305,0.183,1.892
8.005470037460327,0.951,1.338,-166.428,-0.122,0.244,1.892
8.010460138320923,0.951,1.337,-166.429,-0.122,0.244,1.953
8.015413999557495,0.951,1.337,-166.431,-0.183,0.244,1.892
8.020380020141602,0.95,1.337,-166.432,-0.427,0.244,1.892
8.025360107421875,0.949,1.337,-166.433,-0.549,0.183,1.892
8.030381917953491,0.948,1.337,-166.435,-0.549,0.183,1.892
8.035377025604248,0.946,1.337,-166.436,-0.549,0.183,1.892
8.040421962738037,0.946,1.338,-166.437,-0.427,0.183,1.892
8.045395135879517,0.946,1.337,-166.439,-0.244,0.244,1.892
8.050367832183838,0.947,1.337,-166.44,-0.122,0.305,1.892
8.055420160293579,0.947,1.336,-166.441,-0.122,0.244,1.892
8.06042218208313,0.947,1.337,-166.443,-0.183,0.183,1.892
8.06541895866394,0.946,1.337,-166.444,-0.366,0.183,1.892
8.071376085281372,0.945,1.337,-166.445,-0.549,0.183,1.892
8.075411796569824,0.944,1.337,-166.447,-0.671,0.183,1.831
8.080360174179077,0.942,1.337,-166.448,-0.671,0.183,1.831
8.085355043411255,0.942,1.336,-166.45,-0.427,0.183,1.831
8.090399980545044,0.942,1.336,-166.451,-0.183,0.244,1.831
8.095399141311646,0.944,1.336,-166.452,-0.061,0.305,1.953
8.100330829620361,0.944,1.336,-166.453,-0.183,0.244,1.953
8.105381965637207,0.944,1.336,-166.454,-0.305,0.183,1.953
8.110437154769897,0.943,1.337,-166.455,-0.549,0.183,1.892
8.115400791168213,0.941,1.337,-166.456,-0.671,0.183,1.77
8.12044095993042,0.939,1.337,-166.458,-0.671,0.244,1.831
8.125442028045654,0.939,1.336,-166.459,-0.488,0.244,1.831
8.130438089370728,0.94,1.336,-166.461,-0.244,0.183,1.831
8.135447025299072,0.942,1.336,-166.462,-0.061,0.183,1.892
8.140447854995728,0.944,1.336,-166.462,-0.122,0.305,1.953
8.145459175109863,0.944,1.336,-166.463,-0.183,0.244,1.953
8.150383949279785,0.943,1.336,-166.464,-0.427,0.183,1.831
8.155379056930542,0.941,1.336,-166.466,-0.61,0.183,1.831
8.160459041595459,0.94,1.336,-166.467,-0.671,0.183,1.831
8.165496110916138,0.938,1.336,-166.468,-0.671,0.183,1.831
8.170444965362549,0.938,1.336,-166.469,-0.427,0.183,1.892
8.175395965576172,0.94,1.337,-166.47,-0.183,0.244,1.953
8.180361986160278,0.94,1.336,-166.47,-0.122,0.305,1.953
8.185383081436157,0.941,1.336,-166.472,-0.122,0.244,1.831
8.19044017791748,0.941,1.336,-166.473,-0.366,0.244,1.831
8.19531798362732,0.939,1.336,-166.474,-0.549,0.183,1.831
8.200432062149048,0.938,1.337,-166.475,-0.61,0.183,1.831
8.205342054367065,0.936,1.337,-166.477,-0.61,0.183,1.77
8.210423946380615,0.936,1.337,-166.477,-0.427,0.183,1.892
8.2154221534729,0.937,1.337,-166.478,-0.244,0.244,1.892
8.220302104949951,0.937,1.337,-166.479,-0.122,0.244,1.892
8.22528886795044,0.938,1.338,-166.48,-0.122,0.244,1.953
8.230441808700562,0.938,1.338,-166.48,-0.244,0.244,1.892
8.235306978225708,0.938,1.339,-166.481,-0.427,0.244,1.892
8.240403175354004,0.936,1.339,-166.482,-0.549,0.244,1.77
8.24539589881897,0.935,1.339,-166.484,-0.549,0.244,1.831
8.250380039215088,0.935,1.339,-166.486,-0.549,0.244,1.831
8.255287885665894,0.935,1.339,-166.488,-0.427,0.183,1.831
8.260288000106812,0.937,1.339,-166.491,-0.244,0.244,1.831
8.265385866165161,0.938,1.339,-166.492,-0.122,0.244,1.953
8.270384073257446,0.939,1.338,-166.494,-0.183,0.244,1.892
8.275300025939941,0.939,1.338,-166.496,-0.305,0.244,1.892
8.280288934707642,0.938,1.338,-166.498,-0.488,0.183,1.892
8.285361051559448,0.937,1.338,-166.501,-0.549,0.244,1.77
8.290405988693237,0.936,1.338,-166.503,-0.549,0.244,1.831
8.295392036437988,0.936,1.338,-166.505,-0.427,0.183,1.831
8.300631999969482,0.937,1.337,-166.507,-0.305,0.244,1.892
8.30537486076355,0.938,1.338,-166.508,-0.183,0.183,1.892
8.310365200042725,0.939,1.337,-166.51,-0.183,0.244,1.953
8.315371036529541,0.939,1.337,-166.511,-0.244,0.244,1.953
8.32034707069397,0.939,1.337,-166.513,-0.427,0.244,1.892
8.325273036956787,0.938,1.337,-166.515,-0.549,0.244,1.831
8.330351114273071,0.937,1.336,-166.517,-0.61,0.244,1.831
8.335347175598145,0.936,1.336,-166.519,-0.549,0.244,1.77
8.340291976928711,0.936,1.336,-166.521,-0.366,0.305,1.77
8.345332860946655,0.936,1.336,-166.522,-0.183,0.183,1.892
8.350281953811646,0.936,1.336,-166.522,-0.183,0.183,1.892
8.355395078659058,0.936,1.336,-166.521,-0.183,0.244,1.892
8.360294103622437,0.934,1.335,-166.521,-0.366,0.305,1.892
8.365331172943115,0.933,1.334,-166.522,-0.488,0.305,1.831
8.370293855667114,0.93,1.334,-166.522,-0.61,0.183,1.831
8.375323057174683,0.928,1.334,-166.522,-0.61,0.183,1.831
8.380303144454956,0.927,1.333,-166.522,-0.427,0.305,1.892
8.385331869125366,0.926,1.332,-166.522,-0.305,0.305,1.953
8.390310049057007,0.926,1.332,-166.521,-0.061,0.244,1.953
8.395347118377686,0.926,1.332,-166.521,-0.183,0.244,1.953
8.400259017944336,0.925,1.331,-166.521,-0.305,0.244,1.953
8.405297994613647,0.923,1.332,-166.521,-0.488,0.244,1.831
8.410333156585693,0.921,1.332,-166.521,-0.61,0.244,1.831
8.415847063064575,0.919,1.332,-166.521,-0.61,0.183,1.892
8.420318126678467,0.918,1.332,-166.521,-0.488,0.183,1.892
8.425342082977295,0.918,1.332,-166.521,-0.366,0.183,1.892
8.430366039276123,0.917,1.332,-166.521,-0.244,0.183,1.892
8.435294151306152,0.918,1.332,-166.522,-0.183,0.183,1.892
8.440296173095703,0.918,1.332,-166.521,-0.244,0.183,1.953
8.444920063018799,0.916,1.332,-166.519,-0.427,0.183,1.953
8.449897050857544,0.912,1.331,-166.516,-0.488,0.244,1.953
8.45454716682434,0.909,1.331,-166.514,-0.549,0.183,1.831
8.459845066070557,0.906,1.331,-166.511,-0.549,0.183,1.831
8.464915990829468,0.904,1.33,-166.509,-0.366,0.183,1.77
8.469865798950195,0.903,1.33,-166.507,-0.183,0.244,1.892
8.474867820739746,0.902,1.329,-166.504,-0.183,0.183,1.892
8.479866981506348,0.901,1.329,-166.502,-0.183,0.244,1.892
8.484806060791016,0.899,1.328,-166.499,-0.305,0.244,1.892
8.489857912063599,0.896,1.328,-166.497,-0.488,0.244,1.892
8.494860887527466,0.893,1.327,-166.494,-0.488,0.244,1.892
8.499539852142334,0.89,1.326,-166.492,-0.549,0.244,1.892
8.504858016967773,0.888,1.326,-166.49,-0.488,0.244,1.892
8.50984787940979,0.886,1.326,-166.488,-0.305,0.244,1.892
8.514839887619019,0.885,1.325,-166.485,-0.122,0.244,1.892
8.519831895828247,0.884,1.325,-166.483,-0.183,0.244,1.892
8.525295972824097,0.883,1.324,-166.481,-0.244,0.244,1.892
8.529827117919922,0.881,1.324,-166.479,-0.427,0.244,1.892
8.534810066223145,0.879,1.324,-166.477,-0.488,0.244,1.892
8.539538145065308,0.876,1.324,-166.475,-0.549,0.183,1.892
8.54469609260559,0.874,1.323,-166.474,-0.488,0.244,1.831
8.549690008163452,0.873,1.323,-166.473,-0.366,0.305,1.831
8.554689884185791,0.873,1.323,-166.473,-0.244,0.305,1.831
8.559705972671509,0.873,1.323,-166.474,-0.244,0.244,1.831
8.56468915939331,0.873,1.323,-166.475,-0.244,0.244,1.892
8.569679975509644,0.873,1.323,-166.475,-0.366,0.244,1.892
8.574493169784546,0.872,1.323,-166.476,-0.549,0.183,1.831
8.580250024795532,0.872,1.323,-166.477,-0.488,0.183,1.831
8.584848165512085,0.871,1.324,-166.478,-0.488,0.183,1.831
8.589782953262329,0.871,1.324,-166.479,-0.427,0.183,1.892
8.59462285041809,0.871,1.324,-166.48,-0.305,0.244,1.892
8.599805116653442,0.872,1.323,-166.48,-0.244,0.244,1.892
8.604804992675781,0.872,1.323,-166.481,-0.244,0.244,1.892
8.609459161758423,0.873,1.323,-166.482,-0.244,0.244,1.831
8.614494800567627,0.873,1.323,-166.483,-0.366,0.244,1.831
8.619795799255371,0.872,1.322,-166.483,-0.488,0.244,1.892
8.624835968017578,0.872,1.322,-166.484,-0.488,0.244,1.892
8.62945818901062,0.871,1.322,-166.484,-0.488,0.244,1.892
8.634891033172607,0.872,1.322,-166.485,-0.366,0.244,1.892
8.640510082244873,0.872,1.321,-166.486,-0.305,0.305,1.892
8.644750118255615,0.873,1.321,-166.487,-0.305,0.305,1.892
8.64975094795227,0.874,1.321,-166.488,-0.305,0.244,1.892
8.654772996902466,0.875,1.322,-166.49,-0.305,0.244,1.892
8.659725904464722,0.875,1.322,-166.491,-0.427,0.244,1.831
8.6647469997406,0.875,1.322,-166.493,-0.488,0.244,1.831
8.669778108596802,0.875,1.322,-166.494,-0.427,0.244,1.892
8.67476487159729,0.875,1.322,-166.495,-0.427,0.183,1.831
8.679795980453491,0.875,1.322,-166.497,-0.366,0.183,1.892
8.684623956680298,0.876,1.322,-166.498,-0.305,0.244,1.892
8.68962287902832,0.876,1.322,-166.499,-0.305,0.244,1.892
8.694756984710693,0.877,1.323,-166.5,-0.305,0.244,1.892
8.699733018875122,0.877,1.323,-166.501,-0.427,0.183,1.831
8.704706907272339,0.877,1.323,-166.503,-0.427,0.183,1.831
8.709711074829102,0.876,1.324,-166.504,-0.488,0.183,1.892
8.714706182479858,0.876,1.324,-166.505,-0.488,0.244,1.892
8.719486236572266,0.876,1.323,-166.506,-0.366,0.305,1.953
8.724756956100464,0.877,1.323,-166.507,-0.244,0.305,1.892
8.72973108291626,0.878,1.324,-166.508,-0.244,0.244,1.892
8.73474407196045,0.878,1.324,-166.508,-0.366,0.244,1.892
8.7394380569458,0.878,1.324,-166.509,-0.488,0.244,1.953
8.744755983352661,0.878,1.324,-166.51,-0.488,0.183,1.892
8.749744176864624,0.877,1.324,-166.51,-0.488,0.183,1.892
8.755640029907227,0.877,1.325,-166.511,-0.366,0.244,1.953
8.759806156158447,0.878,1.325,-166.511,-0.244,0.244,1.953
8.764681816101074,0.878,1.324,-166.511,-0.244,0.244,1.953
8.769536972045898,0.878,1.324,-166.512,-0.305,0.244,1.953
8.774539947509766,0.877,1.324,-166.512,-0.488,0.244,1.892
8.779572010040283,0.877,1.325,-166.513,-0.488,0.183,1.831
8.784631967544556,0.876,1.324,-166.514,-0.488,0.244,1.831
8.789610862731934,0.877,1.324,-166.515,-0.427,0.244,1.831
8.794636011123657,0.877,1.324,-166.516,-0.305,0.183,1.831
8.799699068069458,0.878,1.323,-166.516,-0.183,0.183,1.892
8.80470895767212,0.879,1.324,-166.517,-0.183,0.244,1.892
8.809715032577515,0.879,1.323,-166.518,-0.244,0.244,1.831
8.81447696685791,0.879,1.324,-166.518,-0.366,0.183,1.831
8.819693088531494,0.878,1.324,-166.519,-0.549,0.183,1.892
8.824606895446777,0.877,1.324,-166.519,-0.671,0.183,1.892
8.829647064208984,0.875,1.324,-166.52,-0.61,0.244,1.892
8.834573984146118,0.875,1.324,-166.52,-0.427,0.244,1.892
8.839488983154297,0.876,1.324,-166.521,-0.183,0.244,1.892
8.84459900856018,0.875,1.324,-166.519,-0.122,0.183,1.892
8.849776029586792,0.874,1.324,-166.516,-0.122,0.244,1.892
8.854862928390503,0.871,1.324,-166.513,-0.305,0.244,1.831
8.859675168991089,0.867,1.324,-166.508,-0.549,0.244,1.831
8.86466097831726,0.862,1.323,-166.504,-0.671,0.244,1.831
8.86978816986084,0.858,1.322,-166.5,-0.61,0.244,1.892
8.874704122543335,0.856,1.321,-166.496,-0.427,0.244,1.892
8.879409074783325,0.854,1.321,-166.492,-0.183,0.244,1.892
8.884681940078735,0.853,1.32,-166.488,-0.183,0.244,1.953
8.889647006988525,0.851,1.32,-166.483,-0.183,0.244,1.953
8.894665002822876,0.848,1.319,-166.479,-0.366,0.244,1.953
8.899672985076904,0.845,1.319,-166.475,-0.427,0.244,1.892
8.904672861099243,0.842,1.318,-166.472,-0.61,0.244,1.831
8.909617185592651,0.838,1.318,-166.469,-0.61,0.183,1.831
8.914663076400757,0.835,1.318,-166.465,-0.549,0.183,1.892
8.919631958007812,0.833,1.318,-166.462,-0.366,0.244,1.892
8.924625158309937,0.832,1.318,-166.458,-0.183,0.244,1.892
8.929610967636108,0.831,1.318,-166.455,-0.183,0.244,1.892
8.93461298942566,0.829,1.317,-166.452,-0.305,0.244,1.892
8.939601182937622,0.827,1.316,-166.449,-0.366,0.244,1.892
8.944614171981812,0.823,1.316,-166.444,-0.427,0.244,1.892
8.94963002204895,0.82,1.316,-166.44,-0.488,0.244,1.892
8.954590082168579,0.817,1.316,-166.436,-0.488,0.244,1.831
8.959599018096924,0.815,1.315,-166.431,-0.305,0.244,2.014
8.96461296081543,0.813,1.314,-166.426,-0.305,0.244,1.953
8.969641923904419,0.811,1.314,-166.422,-0.366,0.244,1.892
8.974617004394531,0.809,1.312,-166.418,-0.366,0.305,1.892
8.98038387298584,0.806,1.311,-166.414,-0.366,0.305,1.892
8.984493017196655,0.804,1.31,-166.41,-0.366,0.305,1.892
8.989489078521729,0.802,1.309,-166.406,-0.305,0.305,1.953
8.994546175003052,0.8,1.308,-166.402,-0.366,0.244,1.831
8.999475955963135,0.798,1.307,-166.399,-0.427,0.244,1.831
9.004467248916626,0.796,1.307,-166.396,-0.427,0.244,1.831
9.009458065032959,0.794,1.306,-166.393,-0.427,0.244,1.77
9.014469146728516,0.792,1.306,-166.389,-0.427,0.244,1.892
9.0194091796875,0.79,1.306,-166.386,-0.427,0.244,1.953
9.024441003799438,0.789,1.305,-166.382,-0.366,0.244,1.892
9.029402017593384,0.788,1.305,-166.379,-0.305,0.244,1.892
9.034425020217896,0.786,1.305,-166.376,-0.305,0.183,1.892
9.039489984512329,0.784,1.305,-166.373,-0.366,0.244,1.831
9.044366121292114,0.782,1.304,-166.368,-0.427,0.183,1.831
9.049355030059814,0.778,1.304,-166.363,-0.488,0.183,1.77
9.05491018295288,0.774,1.303,-166.358,-0.549,0.183,1.77
9.05945110321045,0.77,1.302,-166.352,-0.549,0.244,1.831
9.064343929290771,0.768,1.301,-166.347,-0.427,0.244,1.831
9.069348096847534,0.766,1.3,-166.342,-0.305,0.244,1.831
9.074358940124512,0.765,1.3,-166.337,-0.061,0.244,1.831
9.079357147216797,0.763,1.3,-166.331,-0.0,0.244,1.953
9.084338188171387,0.761,1.3,-166.325,-0.183,0.122,1.953
9.089341163635254,0.758,1.301,-166.32,-0.427,0.122,1.892
9.095302104949951,0.753,1.301,-166.316,-0.793,0.183,1.77
9.099382877349854,0.749,1.3,-166.312,-0.916,0.183,1.709
9.104304075241089,0.747,1.299,-166.308,-0.732,0.183,1.77
9.109314918518066,0.747,1.298,-166.303,-0.366,0.244,1.892
9.11428713798523,0.748,1.298,-166.298,-0.0,0.305,1.892
9.119384050369263,0.749,1.297,-166.293,0.183,0.305,2.014
9.124317169189453,0.748,1.297,-166.288,0.061,0.305,2.014
9.129305124282837,0.746,1.296,-166.283,-0.244,0.244,1.831
9.134323835372925,0.743,1.296,-166.279,-0.671,0.244,1.831
9.139326095581055,0.739,1.296,-166.276,-0.977,0.183,1.77
9.144306182861328,0.735,1.296,-166.272,-0.916,0.183,1.77
9.149441957473755,0.735,1.296,-166.269,-0.549,0.183,1.831
9.154403924942017,0.736,1.296,-166.266,-0.244,0.183,1.831
9.159426927566528,0.74,1.296,-166.264,0.122,0.244,1.953
9.164386987686157,0.742,1.296,-166.262,0.122,0.244,1.953
9.169378995895386,0.743,1.297,-166.26,-0.061,0.183,1.953
9.174377202987671,0.741,1.297,-166.258,-0.488,0.183,1.892
9.179336071014404,0.737,1.297,-166.257,-0.854,0.183,1.831
9.184355020523071,0.734,1.296,-166.255,-1.038,0.183,1.831
9.189395904541016,0.733,1.296,-166.254,-0.793,0.183,1.831
9.194342136383057,0.734,1.296,-166.253,-0.427,0.244,1.831
9.199290990829468,0.737,1.297,-166.251,-0.0,0.244,1.953
9.204334020614624,0.74,1.297,-166.248,0.183,0.305,2.014
9.20932126045227,0.741,1.297,-166.247,0.061,0.305,1.953
9.214333057403564,0.741,1.297,-166.245,-0.244,0.244,1.953
9.219300985336304,0.739,1.297,-166.243,-0.671,0.244,1.892
9.2243070602417,0.736,1.298,-166.242,-0.916,0.183,1.831
9.229308128356934,0.734,1.298,-166.241,-0.793,0.183,1.831
9.234314918518066,0.735,1.299,-166.24,-0.549,0.183,1.831
9.239302158355713,0.737,1.299,-166.238,-0.305,0.183,1.892
9.24429988861084,0.74,1.299,-166.237,-0.061,0.244,1.953
9.249295949935913,0.743,1.299,-166.235,-0.0,0.305,1.953
9.254306077957153,0.745,1.299,-166.233,-0.061,0.305,1.953
9.25940489768982,0.745,1.299,-166.232,-0.305,0.244,1.892
9.264312028884888,0.744,1.299,-166.23,-0.61,0.244,1.892
9.2693190574646,0.742,1.299,-166.229,-0.793,0.183,1.831
9.27428913116455,0.742,1.299,-166.229,-0.671,0.244,1.831
9.279282093048096,0.743,1.299,-166.228,-0.427,0.183,1.831
9.284305095672607,0.745,1.299,-166.226,-0.183,0.244,1.892
9.28928804397583,0.747,1.299,-166.225,-0.122,0.244,1.953
9.294400930404663,0.749,1.299,-166.223,-0.183,0.244,1.953
9.29929494857788,0.749,1.299,-166.222,-0.366,0.244,1.953
9.304311990737915,0.749,1.299,-166.22,-0.61,0.244,1.892
9.309300899505615,0.748,1.299,-166.219,-0.61,0.244,1.892
9.314397096633911,0.748,1.3,-166.218,-0.549,0.244,1.831
9.319313049316406,0.749,1.3,-166.218,-0.366,0.183,1.831
9.324378967285156,0.751,1.3,-166.217,-0.244,0.244,1.831
9.329299211502075,0.752,1.3,-166.215,-0.244,0.244,1.953
9.334275960922241,0.754,1.299,-166.214,-0.244,0.244,1.892
9.339292049407959,0.754,1.299,-166.213,-0.366,0.183,1.892
9.34426498413086,0.754,1.299,-166.211,-0.427,0.183,1.892
9.349390983581543,0.751,1.299,-166.207,-0.549,0.244,1.892
9.3543541431427,0.749,1.298,-166.204,-0.549,0.244,1.892
9.359337091445923,0.747,1.298,-166.201,-0.488,0.183,1.892
9.364297866821289,0.747,1.298,-166.198,-0.244,0.183,1.892
9.369293928146362,0.746,1.298,-166.194,-0.122,0.244,1.953
9.374320983886719,0.746,1.298,-166.191,-0.122,0.244,1.953
9.37927794456482,0.746,1.299,-166.188,-0.244,0.244,1.953
9.384366989135742,0.744,1.3,-166.184,-0.488,0.183,1.953
9.389364957809448,0.742,1.3,-166.182,-0.61,0.183,1.831
9.394378900527954,0.741,1.3,-166.179,-0.61,0.244,1.831
9.39926290512085,0.739,1.299,-166.176,-0.549,0.244,1.892
9.404354095458984,0.739,1.299,-166.174,-0.305,0.244,1.892
9.40944504737854,0.739,1.298,-166.171,-0.183,0.244,1.953
9.414258003234863,0.739,1.298,-166.168,-0.122,0.305,1.953
9.419280052185059,0.74,1.297,-166.165,-0.122,0.305,1.953
9.424340009689331,0.739,1.297,-166.162,-0.366,0.305,1.831
9.42928409576416,0.738,1.297,-166.16,-0.488,0.183,1.892
9.434280157089233,0.737,1.297,-166.157,-0.549,0.183,1.892
9.439443111419678,0.735,1.297,-166.155,-0.549,0.183,1.953
9.444375038146973,0.735,1.296,-166.153,-0.427,0.305,1.77
9.449284076690674,0.735,1.295,-166.152,-0.366,0.305,1.892
9.45438003540039,0.736,1.294,-166.15,-0.244,0.244,1.953
9.459370851516724,0.737,1.294,-166.148,-0.122,0.183,1.953
9.464368104934692,0.738,1.293,-166.147,-0.183,0.305,1.892
9.469343900680542,0.737,1.293,-166.146,-0.427,0.244,1.892
9.474342107772827,0.737,1.293,-166.145,-0.427,0.244,1.892
9.479387998580933,0.736,1.293,-166.143,-0.427,0.183,1.892
9.484358072280884,0.736,1.293,-166.142,-0.488,0.183,1.892
9.489300012588501,0.735,1.292,-166.141,-0.488,0.183,1.892
9.494345903396606,0.735,1.291,-166.14,-0.427,0.244,1.831
9.499341011047363,0.735,1.291,-166.138,-0.427,0.244,1.831
9.504328966140747,0.735,1.291,-166.136,-0.305,0.244,1.892
9.509345054626465,0.735,1.291,-166.134,-0.244,0.183,1.892
9.514328956604004,0.736,1.291,-166.131,-0.244,0.244,1.953
9.519337892532349,0.735,1.291,-166.129,-0.366,0.183,1.892
9.524313926696777,0.734,1.291,-166.127,-0.488,0.183,1.831
9.529340028762817,0.733,1.291,-166.125,-0.488,0.244,1.831
9.534389972686768,0.732,1.29,-166.123,-0.488,0.244,1.831
9.539281129837036,0.732,1.289,-166.121,-0.427,0.244,1.831
9.544323921203613,0.731,1.29,-166.12,-0.366,0.183,1.831
9.549405097961426,0.731,1.29,-166.118,-0.244,0.183,1.831
9.554309129714966,0.731,1.289,-166.116,-0.244,0.244,1.892
9.559278964996338,0.732,1.289,-166.114,-0.244,0.244,1.892
9.564288854598999,0.731,1.289,-166.112,-0.427,0.244,1.831
9.569267988204956,0.731,1.289,-166.111,-0.427,0.183,1.831
9.574261903762817,0.73,1.289,-166.109,-0.488,0.183,1.831
9.57925295829773,0.73,1.29,-166.108,-0.366,0.183,1.831
9.584300994873047,0.73,1.289,-166.106,-0.366,0.305,1.831
9.589273929595947,0.731,1.289,-166.105,-0.366,0.244,1.831
9.593920946121216,0.731,1.288,-166.104,-0.305,0.244,1.831
9.599321126937866,0.731,1.287,-166.102,-0.305,0.244,1.831
9.603480100631714,0.731,1.287,-166.101,-0.366,0.244,1.892
9.608446836471558,0.731,1.287,-166.1,-0.427,0.244,1.892
9.613534212112427,0.731,1.286,-166.098,-0.427,0.244,1.892
9.618507862091064,0.731,1.286,-166.097,-0.366,0.244,1.892
9.623487949371338,0.731,1.286,-166.095,-0.366,0.244,1.892
9.628522872924805,0.731,1.285,-166.094,-0.366,0.244,1.892
9.633466958999634,0.731,1.285,-166.093,-0.366,0.244,1.892
9.638471126556396,0.731,1.285,-166.091,-0.427,0.244,1.892
9.643869161605835,0.731,1.285,-166.09,-0.427,0.183,1.892
9.64891791343689,0.731,1.285,-166.089,-0.488,0.183,1.831
9.653964042663574,0.73,1.285,-166.088,-0.427,0.183,1.892
9.658944845199585,0.73,1.285,-166.087,-0.305,0.244,1.892
9.664344072341919,0.731,1.285,-166.085,-0.244,0.183,1.892
9.668934106826782,0.731,1.286,-166.084,-0.244,0.244,1.831
9.673443078994751,0.732,1.285,-166.084,-0.366,0.244,1.831
9.678452968597412,0.732,1.286,-166.083,-0.488,0.183,1.831
9.683526039123535,0.732,1.286,-166.082,-0.488,0.183,1.831
9.68847393989563,0.731,1.286,-166.081,-0.549,0.244,1.831
9.693520069122314,0.731,1.286,-166.08,-0.488,0.244,1.831
9.69841980934143,0.732,1.286,-166.079,-0.366,0.244,1.831
9.703442096710205,0.733,1.287,-166.078,-0.183,0.183,1.892
9.708420038223267,0.734,1.287,-166.077,-0.183,0.183,1.892
9.713413000106812,0.734,1.288,-166.076,-0.183,0.244,1.892
9.71840500831604,0.734,1.288,-166.075,-0.427,0.244,1.892
9.723456859588623,0.733,1.287,-166.074,-0.671,0.183,1.831
9.728462934494019,0.732,1.287,-166.073,-0.671,0.183,1.831
9.733422040939331,0.732,1.287,-166.073,-0.488,0.244,1.831
9.738420963287354,0.735,1.288,-166.074,-0.305,0.244,1.892
9.743412017822266,0.74,1.29,-166.077,-0.061,0.122,2.014
9.748420000076294,0.746,1.291,-166.08,-0.061,0.183,1.892
9.753522157669067,0.751,1.292,-166.084,-0.183,0.244,1.953
9.758423089981079,0.755,1.293,-166.088,-0.366,0.244,1.892
9.763592958450317,0.758,1.294,-166.094,-0.61,0.183,1.892
9.768414974212646,0.76,1.295,-166.1,-0.854,0.183,1.831
9.773438215255737,0.764,1.296,-166.105,-0.671,0.183,1.77
9.779422044754028,0.769,1.297,-166.111,-0.366,0.244,1.831
9.783395051956177,0.774,1.298,-166.116,-0.122,0.244,1.953
9.788414239883423,0.781,1.299,-166.12,-0.0,0.244,1.953
9.793389081954956,0.785,1.3,-166.125,-0.122,0.183,1.953
9.798419952392578,0.789,1.3,-166.13,-0.366,0.244,1.892
9.8035728931427,0.791,1.301,-166.134,-0.61,0.244,1.892
9.8086519241333,0.792,1.302,-166.139,-0.793,0.244,1.831
9.813476085662842,0.794,1.302,-166.144,-0.793,0.244,1.831
9.818392992019653,0.797,1.302,-166.148,-0.549,0.244,1.892
9.823405027389526,0.801,1.302,-166.152,-0.183,0.244,1.892
9.828442096710205,0.805,1.303,-166.156,-0.0,0.244,1.953
9.833379030227661,0.81,1.303,-166.16,-0.0,0.244,1.953
9.838417053222656,0.813,1.303,-166.164,-0.183,0.244,1.892
9.843383073806763,0.813,1.303,-166.167,-0.427,0.244,1.892
9.84840703010559,0.813,1.303,-166.171,-0.793,0.183,1.709
9.853379011154175,0.813,1.304,-166.174,-0.793,0.183,1.709
9.858396053314209,0.814,1.304,-166.178,-0.549,0.183,1.77
9.863391876220703,0.817,1.305,-166.181,-0.305,0.183,1.831
9.868407011032104,0.82,1.305,-166.183,-0.061,0.183,1.953
9.873440980911255,0.823,1.305,-166.185,-0.061,0.366,2.014
9.878387928009033,0.825,1.306,-166.188,-0.305,0.244,1.892
9.8833909034729,0.825,1.306,-166.191,-0.488,0.183,1.831
9.88842511177063,0.825,1.307,-166.194,-0.61,0.183,1.831
9.893452882766724,0.825,1.307,-166.196,-0.671,0.244,1.831
9.898432970046997,0.825,1.308,-166.199,-0.61,0.244,1.831
9.903390169143677,0.827,1.309,-166.202,-0.366,0.244,1.831
9.908418893814087,0.831,1.309,-166.204,-0.122,0.244,1.892
9.9133780002594,0.835,1.308,-166.206,-0.0,0.244,1.892
9.918394088745117,0.839,1.309,-166.209,-0.061,0.244,1.892
9.923380851745605,0.841,1.309,-166.211,-0.305,0.244,1.831
9.92841911315918,0.841,1.309,-166.213,-0.549,0.183,1.831
9.933406114578247,0.841,1.31,-166.216,-0.671,0.183,1.831
9.93836784362793,0.841,1.31,-166.217,-0.671,0.183,1.831
9.943376064300537,0.841,1.311,-166.217,-0.427,0.183,1.831
9.948374032974243,0.843,1.31,-166.217,-0.244,0.244,1.892
9.953392028808594,0.844,1.31,-166.217,-0.183,0.244,1.831
9.958441972732544,0.844,1.31,-166.216,-0.183,0.244,1.892
9.963409185409546,0.844,1.309,-166.216,-0.305,0.244,1.892
9.96841311454773,0.842,1.309,-166.216,-0.488,0.305,1.892
9.973416090011597,0.84,1.309,-166.215,-0.61,0.305,1.892
9.97843599319458,0.839,1.31,-166.215,-0.61,0.183,1.953
9.983381032943726,0.838,1.31,-166.215,-0.488,0.183,1.831
9.988395929336548,0.838,1.31,-166.215,-0.305,0.244,1.831
9.993394136428833,0.839,1.311,-166.215,-0.244,0.305,1.831
9.998380899429321,0.84,1.311,-166.215,-0.244,0.244,1.953
10.004296779632568,0.84,1.311,-166.214,-0.244,0.183,1.953
10.008522987365723,0.841,1.311,-166.214,-0.244,0.183,1.892
10.013502836227417,0.84,1.31,-166.214,-0.488,0.244,1.77
10.018376111984253,0.839,1.311,-166.214,-0.549,0.244,1.831
10.023424863815308,0.838,1.311,-166.214,-0.549,0.244,1.831
10.028394937515259,0.839,1.311,-166.214,-0.427,0.244,1.831
10.033427953720093,0.839,1.311,-166.214,-0.305,0.244,1.892
10.038480043411255,0.84,1.311,-166.214,-0.244,0.305,1.831
10.04350209236145,0.841,1.311,-166.215,-0.244,0.305,1.831
10.048518180847168,0.842,1.311,-166.217,-0.366,0.183,1.892
10.053455114364624,0.842,1.311,-166.217,-0.366,0.183,1.892
10.058468103408813,0.841,1.311,-166.218,-0.488,0.244,1.892
10.063488960266113,0.841,1.312,-166.219,-0.488,0.244,1.892
10.068490982055664,0.841,1.312,-166.22,-0.488,0.183,1.892
10.073460817337036,0.842,1.313,-166.222,-0.427,0.183,1.831
10.078465938568115,0.843,1.313,-166.223,-0.366,0.183,1.831
10.083464860916138,0.844,1.314,-166.224,-0.244,0.244,1.831
10.088667154312134,0.845,1.313,-166.225,-0.244,0.366,1.953
10.093614101409912,0.846,1.314,-166.225,-0.244,0.183,1.953
10.098542928695679,0.846,1.314,-166.226,-0.427,0.183,1.953
10.103692054748535,0.845,1.315,-166.226,-0.488,0.183,1.892
10.10845398902893,0.845,1.315,-166.228,-0.549,0.244,1.831
10.113468170166016,0.845,1.314,-166.229,-0.549,0.244,1.831
10.119440078735352,0.845,1.314,-166.229,-0.488,0.244,1.892
10.123484134674072,0.846,1.314,-166.23,-0.244,0.244,1.953
10.128439903259277,0.848,1.315,-166.23,-0.183,0.183,1.953
10.133480072021484,0.849,1.315,-166.231,-0.183,0.183,1.892
10.138489961624146,0.849,1.316,-166.232,-0.366,0.183,1.892
10.143605947494507,0.849,1.316,-166.232,-0.549,0.183,1.892
10.148581981658936,0.848,1.316,-166.233,-0.61,0.244,1.892
10.153634071350098,0.847,1.316,-166.234,-0.488,0.244,1.892
10.158456087112427,0.847,1.316,-166.235,-0.366,0.305,1.892
10.163450002670288,0.848,1.316,-166.235,-0.244,0.244,1.953
10.168457984924316,0.849,1.317,-166.235,-0.244,0.122,1.953
10.173444986343384,0.85,1.317,-166.236,-0.244,0.244,1.953
10.17850112915039,0.85,1.317,-166.236,-0.366,0.244,1.892
10.183439016342163,0.849,1.317,-166.237,-0.488,0.183,1.831
10.188475131988525,0.849,1.318,-166.238,-0.549,0.183,1.831
10.193449974060059,0.848,1.318,-166.239,-0.549,0.183,1.831
10.198377132415771,0.847,1.319,-166.24,-0.488,0.183,1.831
10.203418970108032,0.848,1.319,-166.241,-0.305,0.244,1.831
10.208417892456055,0.849,1.32,-166.242,-0.183,0.244,1.831
10.213363885879517,0.85,1.321,-166.243,-0.183,0.122,1.831
10.218356847763062,0.851,1.32,-166.244,-0.244,0.244,1.831
10.223461151123047,0.85,1.32,-166.245,-0.427,0.244,1.831
10.228368997573853,0.85,1.32,-166.245,-0.488,0.244,1.831
10.233427047729492,0.849,1.32,-166.246,-0.549,0.244,1.892
10.238467931747437,0.848,1.32,-166.246,-0.549,0.183,1.831
10.243386030197144,0.848,1.321,-166.247,-0.366,0.183,1.831
10.248416900634766,0.848,1.32,-166.247,-0.183,0.244,1.831
10.253406047821045,0.849,1.32,-166.247,-0.183,0.244,1.831
10.258380889892578,0.849,1.32,-166.247,-0.183,0.244,1.831
10.263382911682129,0.849,1.32,-166.247,-0.244,0.244,1.831
10.268376111984253,0.848,1.32,-166.246,-0.488,0.244,1.892
10.273435115814209,0.846,1.319,-166.246,-0.549,0.244,1.831
10.278385162353516,0.845,1.318,-166.246,-0.488,0.244,1.77
10.283392906188965,0.844,1.318,-166.246,-0.488,0.244,1.831
10.288378953933716,0.843,1.318,-166.246,-0.366,0.183,1.892
10.293410062789917,0.843,1.318,-166.246,-0.366,0.244,1.892
10.298388004302979,0.843,1.318,-166.245,-0.244,0.244,1.892
10.30338716506958,0.843,1.318,-166.245,-0.305,0.244,1.831
10.308377027511597,0.842,1.317,-166.245,-0.366,0.305,1.831
10.313601016998291,0.841,1.317,-166.245,-0.488,0.244,1.831
10.318372964859009,0.84,1.317,-166.245,-0.549,0.244,1.831
10.323385953903198,0.839,1.317,-166.245,-0.549,0.244,1.831
10.328397035598755,0.839,1.317,-166.245,-0.427,0.244,1.892
10.333400011062622,0.839,1.317,-166.245,-0.366,0.244,1.892
10.33837103843689,0.839,1.317,-166.244,-0.244,0.244,1.892
10.343480110168457,0.839,1.317,-166.244,-0.183,0.244,1.892
10.348464012145996,0.84,1.317,-166.244,-0.183,0.244,1.892
10.353371143341064,0.839,1.317,-166.244,-0.366,0.244,1.892
10.358360052108765,0.838,1.317,-166.243,-0.549,0.244,1.892
10.363395929336548,0.837,1.316,-166.243,-0.549,0.183,1.831
10.368376970291138,0.836,1.316,-166.243,-0.549,0.183,1.831
10.3733549118042,0.836,1.316,-166.243,-0.549,0.183,1.831
10.378373146057129,0.836,1.315,-166.243,-0.366,0.244,1.831
10.383387088775635,0.837,1.315,-166.243,-0.244,0.244,1.892
10.388503074645996,0.838,1.315,-166.242,-0.183,0.244,1.953
10.393353939056396,0.839,1.315,-166.242,-0.244,0.244,1.953
10.398399829864502,0.84,1.315,-166.242,-0.305,0.244,1.831
10.403384923934937,0.84,1.315,-166.242,-0.488,0.244,1.831
10.40833306312561,0.84,1.315,-166.242,-0.61,0.244,1.831
10.413323879241943,0.839,1.314,-166.242,-0.61,0.244,1.831
10.418494939804077,0.838,1.314,-166.242,-0.549,0.244,1.831
10.423326969146729,0.839,1.313,-166.242,-0.305,0.244,1.831
10.42834186553955,0.84,1.313,-166.241,-0.183,0.244,1.953
10.43336009979248,0.841,1.313,-166.241,-0.122,0.244,1.953
10.438454866409302,0.841,1.313,-166.24,-0.244,0.244,1.953
10.443352937698364,0.84,1.313,-166.239,-0.366,0.244,1.892
10.448333978652954,0.838,1.312,-166.237,-0.61,0.244,1.831
10.453339099884033,0.836,1.312,-166.236,-0.61,0.244,1.892
10.459346055984497,0.835,1.312,-166.235,-0.549,0.244,1.831
10.463337182998657,0.834,1.311,-166.234,-0.427,0.244,1.892
10.468318223953247,0.834,1.31,-166.232,-0.244,0.305,1.892
10.473350048065186,0.835,1.309,-166.231,-0.183,0.305,1.892
10.47832202911377,0.836,1.309,-166.23,-0.122,0.244,1.892
10.483327865600586,0.836,1.309,-166.228,-0.305,0.244,1.953
10.488445043563843,0.834,1.309,-166.227,-0.488,0.183,1.892
10.493335962295532,0.833,1.309,-166.226,-0.549,0.183,1.77
10.49832010269165,0.831,1.309,-166.225,-0.61,0.122,1.831
10.503323078155518,0.83,1.309,-166.224,-0.549,0.122,1.831
10.50843095779419,0.83,1.309,-166.223,-0.366,0.244,1.831
10.513328075408936,0.831,1.308,-166.223,-0.183,0.244,1.831
10.518320083618164,0.831,1.309,-166.221,-0.183,0.183,1.892
10.523330926895142,0.831,1.309,-166.22,-0.183,0.183,1.892
10.528338193893433,0.83,1.309,-166.219,-0.366,0.183,1.892
10.533349990844727,0.829,1.309,-166.218,-0.488,0.183,1.831
10.538326025009155,0.827,1.309,-166.218,-0.549,0.244,1.831
10.543353080749512,0.826,1.309,-166.217,-0.549,0.244,1.831
10.548341989517212,0.825,1.309,-166.216,-0.488,0.122,1.892
10.553331136703491,0.824,1.308,-166.215,-0.305,0.183,1.892
10.558308124542236,0.824,1.308,-166.214,-0.244,0.305,1.953
10.563309907913208,0.824,1.307,-166.213,-0.244,0.244,1.892
10.568315029144287,0.824,1.307,-166.212,-0.305,0.183,1.892
10.573395013809204,0.823,1.307,-166.211,-0.366,0.183,1.892
10.578322172164917,0.823,1.308,-166.21,-0.427,0.183,1.892
10.58333706855774,0.822,1.308,-166.209,-0.488,0.183,1.892
10.588318109512329,0.821,1.309,-166.208,-0.488,0.183,1.892
10.593330144882202,0.82,1.31,-166.207,-0.427,0.183,1.892
10.598340034484863,0.82,1.31,-166.206,-0.366,0.183,1.892
10.603319883346558,0.819,1.31,-166.206,-0.366,0.183,1.892
10.608294010162354,0.819,1.309,-166.205,-0.305,0.305,1.892
10.613310813903809,0.819,1.309,-166.204,-0.305,0.305,1.892
10.618297100067139,0.819,1.309,-166.203,-0.305,0.183,1.892
10.623290061950684,0.819,1.308,-166.202,-0.427,0.183,1.892
10.628318071365356,0.818,1.308,-166.202,-0.427,0.244,1.831
10.633333921432495,0.818,1.307,-166.201,-0.427,0.244,1.831
10.638318061828613,0.817,1.307,-166.201,-0.427,0.244,1.831
10.64331579208374,0.817,1.307,-166.2,-0.366,0.244,1.831
10.64830994606018,0.817,1.306,-166.199,-0.366,0.244,1.831
10.653326988220215,0.816,1.306,-166.199,-0.366,0.244,1.831
10.658324003219604,0.816,1.306,-166.198,-0.366,0.244,1.831
10.663304805755615,0.815,1.307,-166.197,-0.366,0.244,1.953
10.668355941772461,0.815,1.307,-166.196,-0.427,0.244,1.831
10.673316955566406,0.814,1.307,-166.195,-0.366,0.244,1.892
10.678287982940674,0.814,1.307,-166.194,-0.427,0.244,1.831
10.683318853378296,0.813,1.307,-166.194,-0.427,0.244,1.831
10.688663005828857,0.812,1.307,-166.193,-0.366,0.244,1.953
10.693267107009888,0.812,1.306,-166.192,-0.366,0.244,1.892
10.698271989822388,0.811,1.306,-166.191,-0.305,0.244,1.892
10.703269958496094,0.811,1.306,-166.19,-0.305,0.244,1.892
10.708333015441895,0.81,1.306,-166.189,-0.366,0.244,1.892
10.713274955749512,0.81,1.306,-166.188,-0.427,0.183,1.892
10.718261957168579,0.809,1.306,-166.188,-0.427,0.183,1.892
10.723304033279419,0.809,1.306,-166.187,-0.427,0.183,1.892
10.72827410697937,0.808,1.306,-166.186,-0.427,0.244,1.831
10.73330307006836,0.808,1.306,-166.186,-0.366,0.244,1.892
10.738303899765015,0.807,1.306,-166.185,-0.366,0.244,1.831
10.743283033370972,0.806,1.306,-166.183,-0.366,0.244,1.892
10.748286962509155,0.805,1.305,-166.181,-0.366,0.244,1.831
10.753273963928223,0.803,1.305,-166.179,-0.366,0.244,1.831
10.75829005241394,0.802,1.305,-166.177,-0.427,0.244,1.831
10.763253927230835,0.801,1.305,-166.175,-0.427,0.122,1.831
10.76825213432312,0.799,1.306,-166.173,-0.427,0.183,1.953
10.772820949554443,0.798,1.306,-166.17,-0.427,0.244,1.953
10.777505874633789,0.796,1.306,-166.168,-0.427,0.305,1.953
10.782633066177368,0.795,1.306,-166.166,-0.427,0.244,1.953
10.787610054016113,0.795,1.306,-166.163,-0.305,0.183,1.953
10.792684078216553,0.794,1.306,-166.162,-0.305,0.183,1.831
10.79760193824768,0.793,1.306,-166.16,-0.305,0.244,1.831
10.803471088409424,0.793,1.305,-166.158,-0.366,0.244,1.953
10.807574033737183,0.792,1.305,-166.156,-0.366,0.244,1.892
10.812552213668823,0.791,1.305,-166.154,-0.366,0.244,1.953
10.817535877227783,0.79,1.304,-166.152,-0.366,0.244,1.892
10.822527885437012,0.79,1.304,-166.151,-0.366,0.244,1.831
10.827881097793579,0.789,1.303,-166.15,-0.366,0.244,1.831
10.832504034042358,0.789,1.303,-166.148,-0.366,0.244,1.892
10.83754587173462,0.787,1.302,-166.145,-0.366,0.244,1.892
10.842825889587402,0.785,1.301,-166.141,-0.366,0.244,1.892
10.847553014755249,0.783,1.301,-166.137,-0.305,0.244,1.892
10.852552890777588,0.78,1.3,-166.132,-0.366,0.244,1.892
10.8575279712677,0.778,1.299,-166.126,-0.366,0.244,1.892
10.86256718635559,0.775,1.298,-166.121,-0.366,0.244,1.892
10.867639064788818,0.773,1.298,-166.116,-0.366,0.244,1.892
10.872544050216675,0.77,1.298,-166.111,-0.366,0.244,1.892
10.877587080001831,0.768,1.297,-166.107,-0.366,0.244,1.892
10.882529973983765,0.766,1.297,-166.102,-0.366,0.244,1.953
10.887505054473877,0.764,1.296,-166.097,-0.366,0.305,1.831
10.892514944076538,0.762,1.295,-166.093,-0.366,0.183,1.831
10.89765191078186,0.76,1.295,-166.089,-0.366,0.183,1.831
10.902530908584595,0.758,1.294,-166.085,-0.366,0.244,1.831
10.907522916793823,0.756,1.294,-166.081,-0.366,0.244,1.831
10.913294076919556,0.754,1.293,-166.076,-0.366,0.244,1.892
10.91758108139038,0.752,1.292,-166.072,-0.366,0.244,1.892
10.922552108764648,0.75,1.292,-166.068,-0.427,0.244,1.953
10.927513122558594,0.748,1.292,-166.064,-0.427,0.244,1.831
10.932513952255249,0.746,1.292,-166.061,-0.427,0.244,1.831
10.93752908706665,0.744,1.291,-166.057,-0.366,0.183,1.831
10.942523002624512,0.743,1.291,-166.053,-0.366,0.244,1.831
10.94751501083374,0.741,1.29,-166.048,-0.366,0.244,1.953
10.95276403427124,0.739,1.29,-166.044,-0.366,0.183,1.953
10.95756196975708,0.738,1.289,-166.04,-0.366,0.183,1.892
10.964313983917236,0.737,1.289,-166.036,-0.366,0.183,1.892
10.967481136322021,0.735,1.288,-166.033,-0.366,0.183,1.892
10.97252106666565,0.734,1.288,-166.029,-0.366,0.244,1.892
10.977523803710938,0.733,1.288,-166.025,-0.305,0.244,1.892
10.98260498046875,0.732,1.288,-166.022,-0.305,0.244,1.831
10.98761796951294,0.73,1.288,-166.019,-0.366,0.244,1.831
10.992510795593262,0.729,1.288,-166.015,-0.366,0.183,1.892
10.99775505065918,0.728,1.288,-166.012,-0.366,0.183,1.892
11.002645015716553,0.727,1.288,-166.009,-0.427,0.244,1.831
11.00742506980896,0.726,1.288,-166.006,-0.366,0.244,1.831
11.012450933456421,0.725,1.287,-166.003,-0.366,0.244,1.892
11.017451047897339,0.723,1.287,-166.0,-0.427,0.244,1.892
11.022451877593994,0.722,1.287,-165.997,-0.366,0.183,1.892
11.028373956680298,0.722,1.288,-165.993,-0.366,0.183,1.892
11.032442092895508,0.721,1.288,-165.99,-0.366,0.183,1.892
11.037456035614014,0.72,1.287,-165.987,-0.366,0.244,1.892
11.042472124099731,0.719,1.287,-165.984,-0.427,0.244,1.953
11.047415018081665,0.718,1.287,-165.981,-0.427,0.183,1.892
11.052435159683228,0.717,1.286,-165.979,-0.427,0.244,1.831
11.057416200637817,0.717,1.285,-165.976,-0.366,0.305,1.953
11.062408924102783,0.717,1.284,-165.973,-0.366,0.305,1.831
11.067454814910889,0.717,1.284,-165.971,-0.305,0.183,1.831
11.072428941726685,0.717,1.284,-165.969,-0.305,0.183,1.831
11.077430009841919,0.716,1.284,-165.966,-0.366,0.183,1.953
11.082430124282837,0.716,1.284,-165.964,-0.427,0.183,1.831
11.08745002746582,0.714,1.284,-165.961,-0.488,0.183,1.831
11.092486143112183,0.714,1.284,-165.959,-0.488,0.122,1.831
11.097478151321411,0.713,1.285,-165.957,-0.427,0.122,1.892
11.102526187896729,0.713,1.285,-165.955,-0.244,0.244,1.831
11.107454061508179,0.714,1.284,-165.953,-0.244,0.244,1.831
11.11267900466919,0.715,1.285,-165.95,-0.244,0.244,1.892
11.11750602722168,0.716,1.284,-165.948,-0.244,0.244,1.892
11.122472047805786,0.716,1.284,-165.946,-0.366,0.244,1.892
11.127531051635742,0.716,1.284,-165.943,-0.427,0.305,1.892
11.13246202468872,0.715,1.284,-165.941,-0.488,0.244,1.892
11.138739109039307,0.715,1.285,-165.94,-0.488,0.183,1.831
11.143525123596191,0.714,1.285,-165.938,-0.488,0.183,1.831
11.1475088596344,0.714,1.285,-165.937,-0.366,0.183,1.831
11.152456045150757,0.714,1.285,-165.935,-0.244,0.244,1.892
11.15743613243103,0.715,1.285,-165.933,-0.244,0.244,1.892
11.162482023239136,0.715,1.285,-165.931,-0.305,0.244,1.953
11.16749620437622,0.715,1.285,-165.929,-0.366,0.244,1.953
11.172461032867432,0.714,1.285,-165.927,-0.488,0.244,1.953
11.177470922470093,0.714,1.284,-165.925,-0.488,0.244,1.953
11.182515144348145,0.713,1.285,-165.923,-0.488,0.183,1.892
11.187459945678711,0.713,1.286,-165.921,-0.427,0.183,1.892
11.192429065704346,0.713,1.286,-165.92,-0.305,0.305,1.892
11.19749903678894,0.714,1.286,-165.918,-0.244,0.244,1.892
11.202366828918457,0.714,1.286,-165.917,-0.305,0.244,1.892
11.207443237304688,0.714,1.286,-165.915,-0.305,0.183,1.892
11.212435960769653,0.715,1.286,-165.914,-0.305,0.183,1.892
11.217440843582153,0.715,1.286,-165.912,-0.366,0.183,1.831
11.222406148910522,0.714,1.286,-165.911,-0.488,0.183,1.831
11.227465867996216,0.714,1.287,-165.91,-0.488,0.183,1.831
11.232413053512573,0.715,1.288,-165.909,-0.366,0.183,1.831
11.23747706413269,0.716,1.289,-165.91,-0.305,0.183,1.831
11.242445945739746,0.717,1.289,-165.91,-0.305,0.305,1.831
11.24745798110962,0.719,1.289,-165.91,-0.305,0.244,1.892
11.25248408317566,0.72,1.289,-165.91,-0.305,0.183,1.892
11.257601976394653,0.722,1.289,-165.91,-0.366,0.183,1.892
11.262418031692505,0.722,1.289,-165.91,-0.427,0.244,1.892
11.267422199249268,0.723,1.289,-165.91,-0.549,0.244,1.831
11.272419929504395,0.723,1.289,-165.91,-0.488,0.244,1.892
11.277438163757324,0.724,1.289,-165.911,-0.366,0.244,1.831
11.28239393234253,0.725,1.29,-165.911,-0.305,0.183,1.892
11.28751516342163,0.727,1.291,-165.911,-0.244,0.183,1.892
11.292508125305176,0.729,1.291,-165.91,-0.244,0.244,1.953
11.297388076782227,0.73,1.291,-165.91,-0.305,0.244,1.892
11.3024160861969,0.731,1.291,-165.91,-0.427,0.244,1.892
11.307421207427979,0.732,1.291,-165.91,-0.427,0.244,1.892
11.312415838241577,0.733,1.291,-165.91,-0.427,0.244,1.892
11.317396879196167,0.733,1.291,-165.91,-0.427,0.244,1.892
11.322415113449097,0.734,1.29,-165.91,-0.366,0.244,1.831
11.327401161193848,0.734,1.29,-165.91,-0.366,0.244,1.831
11.332442998886108,0.736,1.291,-165.912,-0.366,0.244,1.892
11.33741307258606,0.738,1.291,-165.914,-0.366,0.244,1.892
11.342465877532959,0.74,1.292,-165.917,-0.366,0.183,1.892
11.347410202026367,0.742,1.293,-165.919,-0.366,0.183,1.892
11.352375030517578,0.744,1.294,-165.921,-0.427,0.122,1.892
11.357374906539917,0.746,1.295,-165.924,-0.427,0.183,1.831
11.362462043762207,0.747,1.296,-165.926,-0.366,0.244,1.892
11.368285179138184,0.749,1.297,-165.929,-0.305,0.244,1.892
11.372419118881226,0.751,1.297,-165.931,-0.305,0.244,1.831
11.377437114715576,0.753,1.298,-165.933,-0.366,0.244,1.831
11.382408142089844,0.755,1.299,-165.936,-0.366,0.183,1.831
11.387415885925293,0.757,1.299,-165.938,-0.427,0.244,1.831
11.3924241065979,0.759,1.299,-165.94,-0.427,0.305,1.831
11.397438049316406,0.761,1.299,-165.942,-0.427,0.244,1.892
11.40238618850708,0.762,1.3,-165.944,-0.366,0.244,1.892
11.407386064529419,0.764,1.299,-165.946,-0.366,0.244,1.892
11.412437915802002,0.766,1.3,-165.948,-0.366,0.244,1.831
11.41741681098938,0.768,1.3,-165.95,-0.366,0.244,1.831
11.422393083572388,0.769,1.301,-165.952,-0.305,0.244,1.831
11.427392959594727,0.771,1.302,-165.954,-0.305,0.244,1.831
11.432533025741577,0.774,1.304,-165.958,-0.305,0.244,1.831
11.437360048294067,0.777,1.304,-165.961,-0.427,0.244,1.892
11.442365169525146,0.779,1.305,-165.964,-0.427,0.244,1.892
11.447405099868774,0.781,1.305,-165.968,-0.427,0.305,1.831
11.45243215560913,0.783,1.306,-165.972,-0.366,0.183,1.892
11.457377910614014,0.786,1.306,-165.975,-0.366,0.183,1.892
11.462369918823242,0.789,1.307,-165.978,-0.305,0.183,1.892
11.46753716468811,0.791,1.308,-165.982,-0.305,0.183,1.892
11.47252607345581,0.794,1.309,-165.985,-0.305,0.183,1.892
11.477379083633423,0.796,1.31,-165.988,-0.366,0.183,1.892
11.483354091644287,0.798,1.31,-165.991,-0.366,0.183,1.892
11.487406969070435,0.8,1.311,-165.994,-0.366,0.244,1.892
11.492366075515747,0.802,1.311,-165.997,-0.366,0.183,1.892
11.497365951538086,0.804,1.311,-166.0,-0.366,0.183,1.953
11.50251317024231,0.806,1.312,-166.002,-0.366,0.183,1.892
11.507499933242798,0.807,1.313,-166.005,-0.366,0.183,1.892
11.512362957000732,0.81,1.313,-166.008,-0.366,0.244,1.892
11.517352104187012,0.811,1.313,-166.011,-0.427,0.122,1.892
11.522416114807129,0.813,1.314,-166.013,-0.427,0.183,1.831
11.527366161346436,0.815,1.315,-166.016,-0.366,0.183,1.831
11.532393217086792,0.818,1.316,-166.022,-0.366,0.183,1.831
11.537390947341919,0.822,1.316,-166.028,-0.366,0.183,1.892
11.542410850524902,0.826,1.317,-166.035,-0.366,0.183,1.892
11.547390937805176,0.83,1.318,-166.042,-0.366,0.183,1.892
11.552356004714966,0.834,1.319,-166.05,-0.427,0.244,1.892
11.557406902313232,0.838,1.319,-166.057,-0.366,0.244,1.892
11.562335014343262,0.843,1.32,-166.064,-0.366,0.244,1.892
11.567337036132812,0.847,1.321,-166.071,-0.366,0.244,1.892
11.572352886199951,0.851,1.322,-166.077,-0.366,0.244,1.953
11.577394008636475,0.855,1.323,-166.084,-0.366,0.244,1.953
11.582370042800903,0.859,1.325,-166.09,-0.427,0.244,1.892
11.58737301826477,0.862,1.325,-166.097,-0.427,0.244,1.892
11.592348098754883,0.865,1.326,-166.103,-0.427,0.244,1.892
11.597433090209961,0.868,1.326,-166.109,-0.427,0.244,1.892
11.602355241775513,0.872,1.327,-166.116,-0.366,0.244,1.831
11.60736608505249,0.876,1.328,-166.121,-0.305,0.244,1.892
11.612380027770996,0.879,1.329,-166.127,-0.305,0.244,1.892
11.617362022399902,0.883,1.33,-166.133,-0.305,0.244,1.831
11.622318983078003,0.885,1.33,-166.139,-0.366,0.183,1.831
11.62736201286316,0.888,1.331,-166.145,-0.427,0.183,1.77
11.63236403465271,0.891,1.332,-166.152,-0.488,0.183,1.892
11.6373929977417,0.894,1.332,-166.158,-0.488,0.183,1.892
11.642311096191406,0.897,1.333,-166.165,-0.427,0.244,1.892
11.647320032119751,0.9,1.333,-166.171,-0.305,0.244,1.892
11.652307033538818,0.903,1.334,-166.177,-0.305,0.244,1.892
11.657325983047485,0.907,1.334,-166.183,-0.305,0.244,1.892
11.662338018417358,0.909,1.335,-166.189,-0.366,0.244,1.892
11.667375087738037,0.912,1.335,-166.195,-0.427,0.244,1.892
11.672336101531982,0.914,1.336,-166.201,-0.488,0.244,1.892
11.677317142486572,0.916,1.336,-166.207,-0.427,0.244,1.892
11.682330131530762,0.918,1.336,-166.212,-0.427,0.183,1.892
11.687319993972778,0.92,1.337,-166.218,-0.366,0.183,1.831
11.692336082458496,0.923,1.338,-166.223,-0.305,0.183,1.892
11.697335004806519,0.926,1.339,-166.228,-0.305,0.183,1.953
11.702469110488892,0.929,1.34,-166.233,-0.305,0.183,1.892
11.707333087921143,0.931,1.339,-166.238,-0.427,0.305,1.892
11.71244502067566,0.932,1.34,-166.243,-0.488,0.122,1.892
11.717408895492554,0.933,1.34,-166.248,-0.488,0.244,1.831
11.722362041473389,0.935,1.341,-166.253,-0.366,0.244,1.831
11.727304935455322,0.937,1.341,-166.258,-0.305,0.183,1.831
11.73230791091919,0.939,1.342,-166.263,-0.305,0.183,1.892
11.737342119216919,0.942,1.342,-166.269,-0.305,0.183,1.892
11.742334127426147,0.944,1.342,-166.274,-0.366,0.244,1.831
11.747323989868164,0.945,1.342,-166.279,-0.488,0.244,1.831
11.752307176589966,0.946,1.343,-166.285,-0.488,0.244,1.831
11.757390022277832,0.948,1.343,-166.29,-0.366,0.244,1.831
11.762302160263062,0.95,1.342,-166.295,-0.366,0.305,1.831
11.767302989959717,0.951,1.341,-166.299,-0.366,0.305,1.892
11.77234697341919,0.953,1.341,-166.304,-0.305,0.244,1.892
11.777314901351929,0.955,1.34,-166.308,-0.305,0.305,1.892
11.78230595588684,0.956,1.34,-166.313,-0.366,0.183,1.892
11.787329912185669,0.957,1.341,-166.317,-0.488,0.183,1.892
11.792349100112915,0.957,1.342,-166.321,-0.488,0.183,1.892
11.797324895858765,0.958,1.343,-166.326,-0.427,0.183,1.892
11.802294969558716,0.959,1.343,-166.33,-0.427,0.183,1.892
11.807305812835693,0.96,1.344,-166.334,-0.366,0.244,1.892
11.81237506866455,0.961,1.344,-166.338,-0.366,0.244,1.892
11.817270994186401,0.963,1.344,-166.342,-0.366,0.244,1.892
11.823298931121826,0.963,1.344,-166.346,-0.427,0.244,1.892
11.82734203338623,0.964,1.344,-166.349,-0.427,0.244,1.892
11.832283973693848,0.964,1.344,-166.353,-0.427,0.244,1.892
11.837270021438599,0.965,1.344,-166.358,-0.427,0.244,1.953
11.8423330783844,0.966,1.344,-166.363,-0.366,0.244,1.953
11.847317934036255,0.969,1.344,-166.369,-0.366,0.244,1.892
11.852300882339478,0.971,1.345,-166.375,-0.305,0.244,1.892
11.857333898544312,0.974,1.345,-166.381,-0.305,0.244,1.892
11.862297058105469,0.976,1.346,-166.387,-0.427,0.244,1.892
11.867307901382446,0.978,1.347,-166.392,-0.427,0.244,1.892
11.872270107269287,0.979,1.348,-166.398,-0.427,0.244,1.892
11.877273082733154,0.981,1.348,-166.404,-0.427,0.244,1.892
11.882277965545654,0.983,1.348,-166.409,-0.366,0.244,1.892
11.887310028076172,0.985,1.348,-166.414,-0.244,0.244,1.892
11.892292022705078,0.987,1.348,-166.42,-0.244,0.244,1.892
11.897284030914307,0.989,1.349,-166.425,-0.305,0.244,1.892
11.902304887771606,0.991,1.35,-166.43,-0.305,0.244,1.892
11.907263994216919,0.992,1.35,-166.435,-0.427,0.244,1.831
11.912308931350708,0.992,1.35,-166.44,-0.488,0.244,1.831
11.91736388206482,0.993,1.35,-166.445,-0.427,0.183,1.831
11.92226505279541,0.994,1.35,-166.451,-0.427,0.183,1.831
11.927282094955444,0.996,1.35,-166.455,-0.244,0.244,1.892
11.932281017303467,0.997,1.35,-166.46,-0.244,0.244,1.892
11.937402963638306,0.999,1.35,-166.464,-0.244,0.244,1.892
11.941512823104858,1.0,1.35,-166.469,-0.305,0.244,1.892
11.946560859680176,1.001,1.35,-166.473,-0.427,0.183,1.892
11.951555013656616,1.001,1.35,-166.478,-0.488,0.183,1.892
11.95654010772705,1.002,1.35,-166.482,-0.488,0.244,1.892
11.961587905883789,1.002,1.35,-166.486,-0.427,0.122,1.892
11.966524124145508,1.004,1.35,-166.49,-0.305,0.183,1.892
11.971550226211548,1.006,1.35,-166.494,-0.305,0.244,1.892
11.976521968841553,1.008,1.35,-166.499,-0.305,0.305,1.831
11.981560945510864,1.009,1.35,-166.503,-0.305,0.244,1.831
11.986594915390015,1.01,1.35,-166.507,-0.366,0.244,1.953
11.991591215133667,1.011,1.351,-166.51,-0.427,0.244,1.892
11.996567964553833,1.011,1.35,-166.514,-0.427,0.244,1.892
12.001553058624268,1.012,1.35,-166.518,-0.488,0.244,1.892
12.006460189819336,1.012,1.35,-166.521,-0.488,0.183,1.892
12.011415958404541,1.012,1.35,-166.525,-0.427,0.183,1.892
12.016479015350342,1.013,1.35,-166.528,-0.366,0.183,1.892
12.02150297164917,1.014,1.35,-166.532,-0.305,0.183,1.892
12.026427030563354,1.015,1.351,-166.535,-0.305,0.183,1.892
12.03141713142395,1.015,1.352,-166.539,-0.305,0.183,1.892
12.03645396232605,1.015,1.352,-166.542,-0.366,0.183,1.892
12.041428804397583,1.015,1.352,-166.545,-0.488,0.183,1.831
12.046450138092041,1.015,1.352,-166.548,-0.427,0.244,1.831
12.052441120147705,1.014,1.352,-166.551,-0.427,0.244,1.892
12.056456089019775,1.014,1.352,-166.554,-0.366,0.244,1.892
12.061447143554688,1.014,1.352,-166.557,-0.244,0.244,1.892
12.066415071487427,1.015,1.352,-166.56,-0.244,0.244,1.892
12.07146406173706,1.015,1.352,-166.562,-0.366,0.244,1.892
12.076442003250122,1.015,1.352,-166.565,-0.427,0.244,1.892
12.081429958343506,1.014,1.353,-166.568,-0.488,0.244,1.892
12.086421012878418,1.013,1.353,-166.57,-0.427,0.244,1.892
12.091472148895264,1.014,1.353,-166.573,-0.427,0.244,1.831
12.096451044082642,1.014,1.353,-166.576,-0.427,0.244,1.831
12.101448774337769,1.014,1.353,-166.579,-0.366,0.244,1.892
12.106467008590698,1.014,1.353,-166.581,-0.305,0.244,1.892
12.111469030380249,1.015,1.353,-166.584,-0.305,0.244,1.892
12.116436958312988,1.015,1.352,-166.586,-0.305,0.244,1.892
12.121450901031494,1.014,1.352,-166.588,-0.366,0.244,1.892
12.126491069793701,1.014,1.351,-166.591,-0.427,0.244,1.892
12.131464004516602,1.012,1.351,-166.592,-0.427,0.244,1.892
12.136448860168457,1.012,1.35,-166.593,-0.427,0.244,1.892
12.141435146331787,1.011,1.35,-166.594,-0.366,0.244,1.831
12.146476984024048,1.011,1.35,-166.596,-0.366,0.305,1.831
12.151435852050781,1.01,1.35,-166.598,-0.366,0.244,1.831
12.156455039978027,1.009,1.35,-166.6,-0.305,0.183,1.831
12.161508083343506,1.008,1.349,-166.601,-0.366,0.244,1.831
12.167456865310669,1.007,1.349,-166.603,-0.488,0.244,1.892
12.171447992324829,1.005,1.348,-166.604,-0.488,0.244,1.892
12.176477193832397,1.003,1.347,-166.605,-0.427,0.244,1.892
12.181442022323608,1.002,1.347,-166.607,-0.427,0.244,1.892
12.186492204666138,1.001,1.347,-166.608,-0.366,0.244,1.892
12.191474199295044,1.0,1.347,-166.609,-0.305,0.244,1.892
12.19652509689331,0.999,1.346,-166.61,-0.305,0.183,1.892
12.201719045639038,0.998,1.346,-166.612,-0.366,0.183,1.892
12.206469058990479,0.997,1.346,-166.613,-0.427,0.305,1.892
12.211455821990967,0.997,1.345,-166.614,-0.427,0.305,1.892
12.216490030288696,0.996,1.345,-166.616,-0.427,0.183,1.892
12.221455097198486,0.995,1.344,-166.617,-0.427,0.183,1.892
12.226420879364014,0.994,1.344,-166.618,-0.366,0.183,1.892
12.231436967849731,0.993,1.344,-166.619,-0.366,0.244,1.953
12.236483097076416,0.992,1.344,-166.619,-0.366,0.244,1.953
12.241477966308594,0.991,1.343,-166.62,-0.366,0.183,1.892
12.246531963348389,0.99,1.343,-166.62,-0.366,0.183,1.892
12.251471996307373,0.988,1.342,-166.62,-0.366,0.183,1.892
12.256514072418213,0.987,1.342,-166.621,-0.427,0.244,1.892
12.261493921279907,0.985,1.342,-166.621,-0.427,0.244,1.892
12.266479015350342,0.983,1.341,-166.621,-0.427,0.244,1.892
12.271467924118042,0.982,1.341,-166.622,-0.366,0.244,1.892
12.277268886566162,0.981,1.341,-166.622,-0.366,0.244,1.892
12.281428813934326,0.98,1.341,-166.622,-0.305,0.183,1.892
12.286422967910767,0.979,1.341,-166.623,-0.305,0.183,1.892
12.291447877883911,0.978,1.34,-166.623,-0.366,0.183,1.892
12.296475172042847,0.976,1.34,-166.624,-0.427,0.244,1.831
12.301480054855347,0.975,1.34,-166.624,-0.427,0.244,1.831
12.306470155715942,0.973,1.339,-166.625,-0.427,0.244,1.953
12.31151294708252,0.972,1.339,-166.625,-0.366,0.244,1.953
12.31646990776062,0.971,1.338,-166.625,-0.366,0.305,1.953
12.321694135665894,0.97,1.338,-166.625,-0.366,0.183,1.953
12.326503038406372,0.969,1.339,-166.625,-0.366,0.183,1.953
12.331497192382812,0.967,1.339,-166.624,-0.427,0.183,1.953
12.336493015289307,0.964,1.338,-166.623,-0.427,0.183,1.892
12.341558933258057,0.962,1.338,-166.622,-0.427,0.244,1.892
12.34652304649353,0.96,1.338,-166.622,-0.427,0.183,1.892
12.351487874984741,0.957,1.337,-166.621,-0.427,0.244,1.892
12.35644793510437,0.956,1.336,-166.62,-0.305,0.244,1.892
12.361459016799927,0.954,1.335,-166.62,-0.305,0.244,1.831
12.366491079330444,0.953,1.335,-166.619,-0.305,0.244,1.892
12.371482133865356,0.952,1.334,-166.619,-0.366,0.244,1.892
12.376648902893066,0.95,1.334,-166.618,-0.427,0.183,1.892
12.381481170654297,0.948,1.334,-166.618,-0.427,0.183,1.831
12.386471033096313,0.946,1.333,-166.618,-0.488,0.183,1.831
12.392385959625244,0.944,1.333,-166.618,-0.427,0.244,1.831
12.396647214889526,0.943,1.333,-166.618,-0.305,0.244,1.831
12.401477098464966,0.942,1.333,-166.617,-0.305,0.244,1.892
12.406467914581299,0.941,1.333,-166.617,-0.366,0.244,1.892
12.411642074584961,0.94,1.332,-166.616,-0.366,0.244,1.892
12.416567087173462,0.939,1.332,-166.616,-0.305,0.244,1.831
12.421438932418823,0.938,1.331,-166.616,-0.366,0.244,1.831
12.426468133926392,0.936,1.331,-166.616,-0.427,0.244,1.831
12.43153190612793,0.935,1.331,-166.616,-0.427,0.244,1.892
12.436489820480347,0.933,1.33,-166.616,-0.427,0.244,1.892
12.441470861434937,0.932,1.329,-166.615,-0.427,0.183,1.892
12.446633100509644,0.93,1.329,-166.615,-0.366,0.244,1.892
12.451481103897095,0.929,1.329,-166.615,-0.366,0.244,1.892
12.456473112106323,0.928,1.329,-166.614,-0.366,0.244,1.892
12.461481809616089,0.927,1.328,-166.614,-0.366,0.244,1.892
12.46648097038269,0.926,1.328,-166.614,-0.366,0.305,1.892
12.471512079238892,0.925,1.327,-166.614,-0.427,0.305,1.892
12.476452112197876,0.924,1.327,-166.613,-0.427,0.244,1.953
12.48146390914917,0.922,1.326,-166.613,-0.427,0.244,1.892
12.486662149429321,0.921,1.326,-166.613,-0.427,0.244,1.892
12.491428136825562,0.92,1.326,-166.613,-0.427,0.244,1.831
12.496443033218384,0.919,1.326,-166.613,-0.427,0.244,1.831
12.501476049423218,0.918,1.325,-166.613,-0.366,0.183,1.831
12.506471157073975,0.917,1.325,-166.613,-0.366,0.183,1.831
12.511423826217651,0.916,1.324,-166.614,-0.366,0.305,1.831
12.516446113586426,0.915,1.323,-166.614,-0.366,0.305,1.831
12.521404027938843,0.914,1.323,-166.614,-0.366,0.244,1.831
12.52642297744751,0.914,1.323,-166.615,-0.366,0.183,1.892
12.531443119049072,0.914,1.322,-166.617,-0.366,0.244,1.953
12.536487102508545,0.915,1.322,-166.62,-0.366,0.244,1.892
12.541438102722168,0.916,1.322,-166.624,-0.366,0.244,1.892
12.546454906463623,0.918,1.323,-166.628,-0.366,0.244,1.892
12.551501989364624,0.92,1.324,-166.633,-0.366,0.122,1.831
12.55644679069519,0.922,1.324,-166.638,-0.366,0.305,1.831
12.561405181884766,0.923,1.324,-166.642,-0.366,0.305,1.831
12.566395044326782,0.925,1.324,-166.647,-0.366,0.244,1.831
12.57148790359497,0.927,1.325,-166.651,-0.366,0.122,1.892
12.576414823532104,0.928,1.325,-166.655,-0.427,0.183,1.892
12.581382989883423,0.93,1.326,-166.66,-0.366,0.305,1.77
12.586391925811768,0.932,1.326,-166.663,-0.305,0.305,1.892
12.591531991958618,0.934,1.327,-166.667,-0.305,0.244,1.892
12.596402168273926,0.935,1.328,-166.671,-0.305,0.122,1.892
12.601401090621948,0.936,1.328,-166.675,-0.366,0.183,1.892
12.6063871383667,0.938,1.328,-166.678,-0.366,0.244,1.892
12.611439943313599,0.938,1.328,-166.682,-0.427,0.244,1.892
12.61641001701355,0.939,1.329,-166.685,-0.427,0.183,1.892
12.6215238571167,0.94,1.33,-166.689,-0.366,0.183,1.892
12.626421928405762,0.941,1.331,-166.692,-0.366,0.244,1.892
12.63139295578003,0.941,1.331,-166.693,-0.366,0.244,1.892
12.63639497756958,0.94,1.331,-166.695,-0.366,0.244,1.953
12.641422986984253,0.94,1.331,-166.696,-0.366,0.244,1.892
12.64642596244812,0.94,1.331,-166.698,-0.366,0.183,1.892
12.65142011642456,0.94,1.331,-166.7,-0.366,0.183,1.892
12.656394004821777,0.94,1.331,-166.701,-0.366,0.183,1.892
12.661424160003662,0.94,1.331,-166.703,-0.427,0.183,1.892
12.666468143463135,0.94,1.332,-166.704,-0.427,0.183,1.892
12.671392917633057,0.94,1.332,-166.706,-0.366,0.183,1.892
12.67641305923462,0.94,1.332,-166.707,-0.366,0.244,1.892
12.681372165679932,0.94,1.332,-166.709,-0.366,0.244,1.892
12.686448097229004,0.94,1.331,-166.71,-0.366,0.244,1.892
12.691365957260132,0.94,1.331,-166.712,-0.366,0.183,1.892
12.696439027786255,0.94,1.331,-166.713,-0.366,0.244,1.831
12.70145297050476,0.939,1.331,-166.715,-0.427,0.244,1.892
12.706423044204712,0.939,1.332,-166.716,-0.427,0.244,1.892
12.711385011672974,0.939,1.332,-166.717,-0.427,0.244,1.892
12.716481924057007,0.939,1.332,-166.719,-0.366,0.244,1.892
12.721373081207275,0.938,1.332,-166.72,-0.366,0.244,1.892
12.72642707824707,0.937,1.332,-166.72,-0.366,0.183,1.831
12.732277870178223,0.935,1.332,-166.719,-0.427,0.183,1.831
12.736369132995605,0.933,1.331,-166.718,-0.488,0.183,1.831
12.741383075714111,0.931,1.331,-166.717,-0.488,0.244,1.892
12.746417045593262,0.929,1.33,-166.716,-0.366,0.244,1.892
12.751379013061523,0.928,1.33,-166.714,-0.183,0.244,1.892
12.756407022476196,0.927,1.33,-166.713,-0.183,0.244,1.892
12.76134705543518,0.926,1.329,-166.712,-0.244,0.244,1.892
12.766408920288086,0.925,1.329,-166.711,-0.427,0.183,1.892
12.771391868591309,0.922,1.329,-166.71,-0.61,0.244,1.892
12.776376008987427,0.919,1.328,-166.709,-0.671,0.244,1.831
12.7813401222229,0.917,1.329,-166.708,-0.61,0.122,1.77
12.786340951919556,0.916,1.329,-166.707,-0.366,0.183,1.892
12.791380882263184,0.916,1.329,-166.706,-0.122,0.244,1.953
12.796360969543457,0.915,1.329,-166.705,-0.122,0.244,1.953
12.801379919052124,0.915,1.329,-166.704,-0.183,0.244,1.892
12.80634593963623,0.913,1.328,-166.703,-0.427,0.244,1.892
12.81135892868042,0.911,1.328,-166.702,-0.549,0.183,1.892
12.816344976425171,0.908,1.327,-166.701,-0.61,0.183,1.892
12.8213632106781,0.906,1.327,-166.7,-0.549,0.305,1.831
12.826381921768188,0.905,1.326,-166.698,-0.366,0.305,1.892
12.831358194351196,0.904,1.325,-166.696,-0.183,0.244,1.892
12.836353063583374,0.902,1.325,-166.694,-0.122,0.183,1.953
12.841361999511719,0.901,1.324,-166.692,-0.183,0.305,1.892
12.846390008926392,0.898,1.324,-166.689,-0.427,0.183,1.953
12.851531028747559,0.895,1.324,-166.688,-0.61,0.183,1.77
12.856493949890137,0.892,1.323,-166.687,-0.671,0.183,1.77
12.8613920211792,0.89,1.323,-166.686,-0.61,0.244,1.77
12.866420984268188,0.889,1.323,-166.684,-0.427,0.305,1.892
12.871640920639038,0.888,1.322,-166.682,-0.183,0.244,1.892
12.876312017440796,0.888,1.322,-166.68,-0.061,0.244,1.892
12.881312847137451,0.888,1.322,-166.679,-0.183,0.183,1.892
12.88628602027893,0.886,1.322,-166.677,-0.305,0.244,1.892
12.891324996948242,0.884,1.322,-166.676,-0.549,0.244,1.831
12.896276950836182,0.882,1.322,-166.674,-0.61,0.244,1.892
12.901320219039917,0.879,1.322,-166.673,-0.61,0.183,1.77
12.906291246414185,0.877,1.322,-166.671,-0.488,0.183,1.892
12.911334991455078,0.877,1.322,-166.67,-0.244,0.244,1.892
12.916346073150635,0.875,1.321,-166.669,-0.244,0.244,1.892
12.921321868896484,0.875,1.321,-166.667,-0.122,0.183,1.953
12.926354169845581,0.875,1.321,-166.665,-0.183,0.183,1.953
12.931337833404541,0.873,1.321,-166.663,-0.427,0.183,1.892
12.936336040496826,0.871,1.321,-166.662,-0.61,0.183,1.831
12.941310167312622,0.869,1.321,-166.661,-0.61,0.183,1.831
12.946290016174316,0.867,1.32,-166.66,-0.488,0.183,1.831
12.951276063919067,0.866,1.32,-166.658,-0.366,0.244,1.892
12.956324100494385,0.866,1.32,-166.657,-0.183,0.244,1.953
12.961397886276245,0.866,1.32,-166.655,-0.122,0.244,1.953
12.966336965560913,0.865,1.319,-166.654,-0.244,0.244,1.831
12.971297979354858,0.864,1.319,-166.653,-0.427,0.244,1.892
12.976314067840576,0.862,1.319,-166.652,-0.549,0.183,1.831
12.981274127960205,0.86,1.319,-166.651,-0.549,0.183,1.831
12.986271858215332,0.859,1.319,-166.65,-0.488,0.244,1.831
12.99131989479065,0.858,1.319,-166.649,-0.305,0.244,1.953
12.996272087097168,0.858,1.318,-166.647,-0.183,0.244,1.953
13.001300811767578,0.858,1.318,-166.645,-0.183,0.244,2.014
13.006280183792114,0.858,1.318,-166.644,-0.183,0.244,1.953
13.01126217842102,0.858,1.318,-166.643,-0.366,0.244,1.831
13.01627802848816,0.856,1.318,-166.643,-0.61,0.183,1.831
13.021323919296265,0.854,1.318,-166.642,-0.61,0.244,1.831
13.026294946670532,0.852,1.318,-166.641,-0.549,0.244,1.831
13.031331062316895,0.851,1.317,-166.64,-0.427,0.244,1.831
13.036279916763306,0.851,1.317,-166.639,-0.244,0.244,1.831
13.04127311706543,0.851,1.317,-166.638,-0.183,0.244,1.892
13.04627013206482,0.851,1.317,-166.636,-0.183,0.244,1.892
13.051326036453247,0.85,1.316,-166.635,-0.305,0.244,1.892
13.056288003921509,0.849,1.316,-166.634,-0.427,0.244,1.892
13.061259984970093,0.847,1.316,-166.633,-0.488,0.244,1.831
13.066256046295166,0.846,1.315,-166.632,-0.488,0.244,1.831
13.071295976638794,0.845,1.314,-166.631,-0.488,0.244,1.892
13.076476097106934,0.845,1.314,-166.63,-0.305,0.244,1.892
13.081276178359985,0.845,1.314,-166.629,-0.305,0.244,1.892
13.08626103401184,0.845,1.314,-166.628,-0.305,0.244,1.892
13.09128999710083,0.844,1.313,-166.627,-0.366,0.244,1.953
13.096266031265259,0.843,1.314,-166.625,-0.366,0.183,1.953
13.101250886917114,0.842,1.314,-166.625,-0.427,0.244,1.892
13.10627818107605,0.841,1.314,-166.624,-0.427,0.244,1.892
13.110529899597168,0.84,1.314,-166.623,-0.427,0.244,1.892
13.115550994873047,0.84,1.314,-166.622,-0.366,0.244,1.892
13.120590925216675,0.839,1.314,-166.621,-0.305,0.244,1.892
13.125508069992065,0.84,1.314,-166.621,-0.305,0.244,1.892
13.130524158477783,0.841,1.314,-166.622,-0.305,0.244,1.892
13.135540962219238,0.842,1.315,-166.624,-0.305,0.244,1.892
13.14054799079895,0.842,1.315,-166.625,-0.427,0.183,1.892
13.145531177520752,0.843,1.316,-166.626,-0.427,0.183,1.892
13.150563955307007,0.844,1.317,-166.627,-0.366,0.183,1.892
13.155743837356567,0.844,1.318,-166.628,-0.366,0.244,1.892
13.160563945770264,0.845,1.318,-166.63,-0.366,0.244,1.831
13.165448188781738,0.846,1.318,-166.631,-0.366,0.244,1.953
13.170440196990967,0.846,1.318,-166.632,-0.366,0.244,1.892
13.175441026687622,0.847,1.318,-166.633,-0.366,0.244,1.892
13.180425882339478,0.848,1.318,-166.634,-0.366,0.244,1.892
13.186275005340576,0.848,1.318,-166.635,-0.366,0.244,1.892
13.19044017791748,0.849,1.318,-166.636,-0.366,0.244,1.892
13.195487976074219,0.849,1.318,-166.637,-0.366,0.244,1.831
13.200446128845215,0.849,1.319,-166.639,-0.427,0.183,1.831
13.205451011657715,0.849,1.319,-166.64,-0.427,0.183,1.831
13.210476875305176,0.85,1.32,-166.64,-0.366,0.183,1.953
13.2154381275177,0.851,1.32,-166.641,-0.366,0.183,1.953
13.220432043075562,0.851,1.32,-166.642,-0.366,0.183,1.953
13.225430965423584,0.852,1.32,-166.642,-0.366,0.244,1.953
13.23050594329834,0.851,1.32,-166.641,-0.366,0.183,1.892
13.235487937927246,0.85,1.32,-166.64,-0.427,0.183,1.953
13.24046778678894,0.849,1.32,-166.64,-0.427,0.183,1.892
13.245496034622192,0.848,1.32,-166.639,-0.427,0.183,1.892
13.250485897064209,0.848,1.32,-166.638,-0.427,0.183,1.892
13.255490064620972,0.847,1.32,-166.638,-0.366,0.183,1.892
13.260462045669556,0.847,1.319,-166.637,-0.305,0.305,1.892
13.265476942062378,0.846,1.318,-166.636,-0.305,0.305,1.892
13.270461082458496,0.846,1.318,-166.636,-0.366,0.305,1.892
13.27543306350708,0.844,1.318,-166.635,-0.488,0.244,1.892
13.280488014221191,0.844,1.318,-166.635,-0.488,0.244,1.831
13.285526037216187,0.843,1.318,-166.635,-0.488,0.244,1.831
13.290478944778442,0.842,1.317,-166.635,-0.427,0.244,1.831
13.295594930648804,0.842,1.317,-166.634,-0.305,0.183,1.831
13.30132794380188,0.842,1.317,-166.634,-0.305,0.183,1.892
13.305623054504395,0.842,1.317,-166.633,-0.305,0.244,1.892
13.310487031936646,0.842,1.317,-166.633,-0.305,0.244,1.831
13.315477848052979,0.842,1.317,-166.633,-0.366,0.244,1.892
13.320476055145264,0.841,1.316,-166.633,-0.488,0.244,1.831
13.325485944747925,0.839,1.316,-166.631,-0.488,0.244,1.831
13.33047604560852,0.837,1.316,-166.628,-0.427,0.244,1.831
13.335494041442871,0.835,1.315,-166.625,-0.366,0.244,1.831
13.340484142303467,0.833,1.315,-166.622,-0.305,0.244,1.892
13.34546709060669,0.832,1.314,-166.618,-0.305,0.244,1.892
13.350456953048706,0.83,1.314,-166.615,-0.305,0.244,1.892
13.355468034744263,0.828,1.313,-166.612,-0.305,0.244,1.892
13.360465049743652,0.827,1.312,-166.609,-0.427,0.244,1.892
13.365470170974731,0.825,1.312,-166.606,-0.488,0.183,1.953
13.370455980300903,0.823,1.312,-166.603,-0.427,0.244,1.892
13.375461101531982,0.822,1.311,-166.601,-0.366,0.244,1.892
13.380478143692017,0.82,1.311,-166.598,-0.305,0.244,1.892
13.385459899902344,0.819,1.311,-166.595,-0.305,0.244,1.953
13.390482187271118,0.818,1.31,-166.592,-0.244,0.244,1.953
13.395457983016968,0.818,1.311,-166.59,-0.244,0.244,1.831
13.400460958480835,0.816,1.311,-166.588,-0.427,0.183,1.831
13.40552806854248,0.814,1.311,-166.585,-0.488,0.183,1.892
13.410475015640259,0.812,1.311,-166.583,-0.488,0.183,1.77
13.416393995285034,0.81,1.311,-166.581,-0.488,0.244,1.892
13.420447826385498,0.809,1.31,-166.578,-0.305,0.244,2.014
13.425458192825317,0.809,1.31,-166.575,-0.244,0.244,1.953
13.43044400215149,0.808,1.31,-166.572,-0.244,0.244,1.831
13.435444831848145,0.807,1.31,-166.57,-0.305,0.183,1.831
13.44050407409668,0.806,1.31,-166.567,-0.366,0.244,1.831
13.445472955703735,0.804,1.309,-166.565,-0.488,0.244,1.831
13.450475931167603,0.802,1.309,-166.563,-0.488,0.244,1.831
13.455428123474121,0.801,1.308,-166.56,-0.488,0.244,1.831
13.460476160049438,0.8,1.308,-166.558,-0.305,0.183,1.831
13.465442895889282,0.799,1.308,-166.556,-0.305,0.244,1.831
13.4704749584198,0.798,1.307,-166.553,-0.305,0.305,1.892
13.475419044494629,0.797,1.307,-166.551,-0.305,0.305,1.892
13.48043417930603,0.796,1.308,-166.548,-0.366,0.183,1.831
13.485445976257324,0.794,1.307,-166.546,-0.488,0.183,1.892
13.49043083190918,0.793,1.307,-166.544,-0.488,0.183,1.892
13.495460987091064,0.791,1.307,-166.542,-0.488,0.183,1.831
13.500463008880615,0.791,1.307,-166.539,-0.366,0.183,1.892
13.505431890487671,0.79,1.307,-166.537,-0.305,0.244,1.892
13.510440111160278,0.79,1.307,-166.535,-0.183,0.244,1.892
13.515469074249268,0.79,1.307,-166.532,-0.244,0.244,1.953
13.520403861999512,0.789,1.307,-166.53,-0.427,0.244,1.892
13.525402069091797,0.787,1.307,-166.527,-0.488,0.244,1.831
13.53047800064087,0.784,1.307,-166.522,-0.549,0.244,1.892
13.535428047180176,0.781,1.307,-166.518,-0.549,0.183,1.892
13.540591955184937,0.777,1.306,-166.512,-0.427,0.183,1.831
13.545432090759277,0.775,1.305,-166.507,-0.366,0.305,1.892
13.550453901290894,0.772,1.304,-166.501,-0.244,0.305,1.892
13.55543303489685,0.77,1.303,-166.495,-0.244,0.183,1.892
13.560489177703857,0.768,1.302,-166.49,-0.244,0.244,1.831
13.565437078475952,0.766,1.302,-166.485,-0.366,0.244,1.831
13.570449113845825,0.763,1.301,-166.48,-0.488,0.244,1.892
13.575427055358887,0.76,1.301,-166.475,-0.488,0.244,1.892
13.580426931381226,0.757,1.3,-166.47,-0.427,0.244,1.831
13.585438966751099,0.755,1.299,-166.466,-0.366,0.244,1.831
13.590419054031372,0.753,1.298,-166.461,-0.244,0.244,1.892
13.595414876937866,0.752,1.298,-166.456,-0.183,0.183,1.953
13.600409030914307,0.75,1.298,-166.451,-0.244,0.244,1.831
13.605431079864502,0.748,1.298,-166.447,-0.366,0.305,1.892
13.610445976257324,0.745,1.297,-166.442,-0.488,0.305,1.892
13.615466833114624,0.743,1.297,-166.438,-0.549,0.183,1.892
13.62044620513916,0.74,1.297,-166.434,-0.488,0.183,1.831
13.625449180603027,0.739,1.297,-166.43,-0.427,0.183,1.831
13.630419969558716,0.737,1.296,-166.426,-0.366,0.305,1.831
13.635365962982178,0.736,1.297,-166.422,-0.305,0.244,1.892
13.640416860580444,0.735,1.296,-166.418,-0.305,0.244,1.892
13.64537787437439,0.733,1.296,-166.414,-0.305,0.244,1.831
13.65039610862732,0.732,1.296,-166.411,-0.427,0.244,1.831
13.655391931533813,0.73,1.296,-166.407,-0.488,0.244,1.831
13.660421133041382,0.728,1.295,-166.404,-0.488,0.244,1.831
13.665385961532593,0.726,1.295,-166.4,-0.488,0.244,1.831
13.670362949371338,0.725,1.295,-166.397,-0.366,0.244,1.892
13.675444841384888,0.725,1.294,-166.393,-0.305,0.305,1.892
13.680371046066284,0.724,1.294,-166.39,-0.305,0.305,1.892
13.68538212776184,0.724,1.295,-166.386,-0.305,0.183,1.892
13.690387964248657,0.723,1.295,-166.383,-0.366,0.183,1.892
13.695456981658936,0.723,1.294,-166.38,-0.366,0.244,1.892
13.700428009033203,0.721,1.294,-166.377,-0.488,0.244,1.831
13.705426216125488,0.72,1.294,-166.374,-0.488,0.244,1.831
13.710402011871338,0.719,1.293,-166.371,-0.427,0.183,1.892
13.715407133102417,0.718,1.293,-166.367,-0.366,0.183,1.953
13.720369100570679,0.718,1.293,-166.364,-0.305,0.244,1.892
13.725391149520874,0.717,1.292,-166.359,-0.305,0.183,1.892
13.730556011199951,0.716,1.293,-166.355,-0.305,0.183,1.892
13.735384941101074,0.714,1.292,-166.35,-0.305,0.244,1.892
13.740403890609741,0.713,1.292,-166.345,-0.427,0.244,1.892
13.745416164398193,0.711,1.291,-166.341,-0.488,0.244,1.892
13.750457048416138,0.709,1.291,-166.336,-0.488,0.244,1.892
13.756330013275146,0.708,1.291,-166.332,-0.366,0.244,1.892
13.760371208190918,0.707,1.291,-166.327,-0.366,0.244,1.892
13.76537799835205,0.705,1.29,-166.323,-0.366,0.244,1.892
13.770367860794067,0.705,1.29,-166.319,-0.305,0.244,1.892
13.775365114212036,0.704,1.29,-166.314,-0.305,0.244,1.892
13.780361890792847,0.703,1.29,-166.31,-0.305,0.244,1.892
13.785408973693848,0.701,1.289,-166.307,-0.366,0.244,1.831
13.790383100509644,0.7,1.289,-166.302,-0.427,0.244,1.953
13.795396089553833,0.699,1.289,-166.298,-0.366,0.183,1.953
13.80039381980896,0.698,1.288,-166.294,-0.427,0.183,1.892
13.805387020111084,0.697,1.288,-166.291,-0.427,0.183,1.892
13.810355186462402,0.696,1.288,-166.287,-0.366,0.183,1.892
13.81536602973938,0.695,1.287,-166.283,-0.366,0.244,1.892
13.820401191711426,0.695,1.287,-166.28,-0.366,0.244,1.892
13.825374841690063,0.694,1.286,-166.277,-0.366,0.244,1.831
13.830440044403076,0.694,1.286,-166.273,-0.366,0.244,1.831
13.835378170013428,0.693,1.286,-166.27,-0.366,0.183,1.831
13.840498208999634,0.693,1.287,-166.267,-0.427,0.183,1.892
13.845367908477783,0.692,1.287,-166.264,-0.427,0.183,1.892
13.85035514831543,0.692,1.287,-166.26,-0.366,0.183,1.892
13.85536503791809,0.691,1.287,-166.257,-0.366,0.183,1.892
13.860343933105469,0.691,1.287,-166.254,-0.366,0.244,1.892
13.865360021591187,0.69,1.287,-166.251,-0.366,0.244,1.892
13.870399951934814,0.689,1.287,-166.248,-0.427,0.183,1.892
13.875399112701416,0.689,1.286,-166.245,-0.427,0.183,1.892
13.880433082580566,0.688,1.286,-166.242,-0.427,0.244,1.892
13.885365009307861,0.688,1.286,-166.239,-0.427,0.244,1.892
13.89035701751709,0.687,1.286,-166.236,-0.427,0.244,1.892
13.895377159118652,0.687,1.286,-166.233,-0.305,0.244,1.892
13.900370121002197,0.687,1.286,-166.23,-0.305,0.244,1.892
13.905383110046387,0.687,1.286,-166.228,-0.305,0.244,1.831
13.91033411026001,0.687,1.285,-166.225,-0.366,0.244,1.831
13.915332078933716,0.686,1.285,-166.223,-0.427,0.305,1.831
13.92031192779541,0.686,1.285,-166.221,-0.427,0.244,1.831
13.925397872924805,0.686,1.286,-166.218,-0.427,0.183,1.892
13.930336952209473,0.686,1.286,-166.215,-0.427,0.244,1.892
13.935343027114868,0.686,1.286,-166.213,-0.305,0.244,1.892
13.94031810760498,0.687,1.286,-166.21,-0.305,0.244,1.892
13.94534707069397,0.687,1.286,-166.208,-0.305,0.244,1.892
13.950347900390625,0.687,1.286,-166.205,-0.366,0.244,1.892
13.955318927764893,0.687,1.286,-166.203,-0.427,0.244,1.892
13.960341930389404,0.686,1.285,-166.201,-0.488,0.244,1.831
13.965358018875122,0.686,1.285,-166.199,-0.488,0.244,1.831
13.970349073410034,0.685,1.285,-166.197,-0.427,0.244,1.892
13.975311040878296,0.685,1.285,-166.194,-0.305,0.244,1.892
13.98033595085144,0.686,1.285,-166.192,-0.244,0.244,1.892
13.985416889190674,0.687,1.285,-166.19,-0.244,0.183,1.831
13.990297079086304,0.687,1.285,-166.188,-0.366,0.244,1.831
13.995310068130493,0.686,1.285,-166.186,-0.488,0.244,1.831
14.000328779220581,0.686,1.285,-166.185,-0.488,0.244,1.831
14.005326986312866,0.687,1.285,-166.183,-0.427,0.244,1.831
14.010312795639038,0.687,1.285,-166.181,-0.366,0.244,1.831
14.015330076217651,0.687,1.285,-166.179,-0.366,0.244,1.892
14.020328044891357,0.687,1.284,-166.174,-0.305,0.244,1.892
14.025278091430664,0.685,1.284,-166.169,-0.305,0.244,1.892
14.030349969863892,0.683,1.283,-166.162,-0.366,0.244,1.892
14.03532099723816,0.681,1.283,-166.155,-0.427,0.244,1.831
14.040318965911865,0.677,1.281,-166.148,-0.427,0.183,1.831
14.045287132263184,0.674,1.281,-166.14,-0.427,0.183,1.831
14.050302982330322,0.67,1.28,-166.133,-0.427,0.305,1.831
14.055325031280518,0.668,1.28,-166.126,-0.305,0.244,1.831
14.060325145721436,0.666,1.28,-166.118,-0.305,0.183,1.892
14.065279960632324,0.663,1.279,-166.111,-0.305,0.183,1.831
14.070302248001099,0.661,1.279,-166.104,-0.305,0.244,1.831
14.075317859649658,0.659,1.278,-166.097,-0.427,0.183,1.892
14.080318212509155,0.656,1.278,-166.091,-0.427,0.183,1.831
14.085304975509644,0.653,1.277,-166.084,-0.427,0.244,1.831
14.090281963348389,0.651,1.277,-166.077,-0.427,0.244,1.892
14.095306873321533,0.648,1.276,-166.071,-0.427,0.244,1.892
14.10050082206726,0.646,1.275,-166.064,-0.366,0.244,1.892
14.105327129364014,0.644,1.274,-166.058,-0.366,0.244,1.831
14.11030912399292,0.642,1.274,-166.053,-0.305,0.244,1.831
14.115287065505981,0.641,1.273,-166.047,-0.305,0.244,1.831
14.120301008224487,0.639,1.273,-166.04,-0.366,0.244,1.831
14.125300884246826,0.636,1.272,-166.033,-0.427,0.244,1.892
14.130323886871338,0.634,1.272,-166.027,-0.488,0.183,1.892
14.135288000106812,0.632,1.272,-166.021,-0.427,0.183,1.892
14.140321016311646,0.63,1.271,-166.015,-0.366,0.366,1.892
14.145293951034546,0.629,1.27,-166.009,-0.305,0.305,1.892
14.150302171707153,0.628,1.269,-166.004,-0.305,0.305,1.892
14.155288934707642,0.627,1.269,-165.998,-0.366,0.244,1.892
14.160324096679688,0.626,1.268,-165.993,-0.366,0.244,1.831
14.16529393196106,0.624,1.268,-165.988,-0.427,0.244,1.831
14.17027497291565,0.623,1.268,-165.983,-0.427,0.183,1.831
14.175279140472412,0.622,1.269,-165.978,-0.427,0.183,1.831
14.180301904678345,0.621,1.269,-165.973,-0.366,0.183,1.831
14.185342788696289,0.62,1.268,-165.968,-0.305,0.244,1.892
14.190320014953613,0.62,1.269,-165.963,-0.305,0.244,1.892
14.195310115814209,0.619,1.269,-165.958,-0.305,0.244,1.892
14.200316190719604,0.618,1.268,-165.953,-0.366,0.244,1.892
14.20528507232666,0.617,1.268,-165.948,-0.366,0.244,1.892
14.21031904220581,0.616,1.268,-165.944,-0.427,0.244,1.831
14.215266942977905,0.615,1.268,-165.939,-0.427,0.244,1.831
14.220275163650513,0.614,1.268,-165.934,-0.427,0.244,1.831
14.225266218185425,0.612,1.268,-165.929,-0.366,0.244,1.892
14.230262994766235,0.612,1.268,-165.923,-0.305,0.244,1.892
14.235266923904419,0.611,1.267,-165.918,-0.366,0.244,1.892
14.240278005599976,0.61,1.266,-165.913,-0.366,0.244,1.831
14.245260953903198,0.609,1.265,-165.908,-0.366,0.244,1.831
14.250267028808594,0.608,1.264,-165.904,-0.366,0.305,1.831
14.2552649974823,0.607,1.264,-165.899,-0.427,0.183,1.831
14.26025104522705,0.606,1.264,-165.895,-0.427,0.183,1.831
14.264554023742676,0.606,1.264,-165.89,-0.366,0.244,1.831
14.26964807510376,0.605,1.264,-165.885,-0.366,0.305,1.953
14.2745840549469,0.605,1.263,-165.881,-0.366,0.305,1.831
14.27963900566101,0.604,1.263,-165.877,-0.366,0.244,1.831
14.284594058990479,0.604,1.263,-165.873,-0.366,0.244,1.831
14.28957724571228,0.604,1.264,-165.869,-0.427,0.183,1.831
14.294595003128052,0.603,1.264,-165.865,-0.427,0.183,1.831
14.299680948257446,0.602,1.264,-165.861,-0.427,0.183,1.831
14.304656028747559,0.602,1.264,-165.857,-0.366,0.183,1.831
14.309591054916382,0.602,1.264,-165.852,-0.305,0.183,1.892
14.31466794013977,0.602,1.264,-165.849,-0.305,0.183,1.831
14.319615840911865,0.603,1.264,-165.847,-0.366,0.183,1.831
14.32554316520691,0.604,1.265,-165.846,-0.366,0.183,1.892
14.329877853393555,0.606,1.265,-165.845,-0.366,0.366,1.831
14.334593057632446,0.608,1.266,-165.845,-0.366,0.244,1.892
14.339597940444946,0.611,1.267,-165.845,-0.366,0.183,1.892
14.344574928283691,0.613,1.268,-165.846,-0.366,0.183,1.892
14.349597215652466,0.615,1.268,-165.846,-0.366,0.183,1.892
14.354536056518555,0.617,1.269,-165.846,-0.366,0.183,1.892
14.359572887420654,0.619,1.269,-165.846,-0.366,0.183,1.892
14.364570140838623,0.622,1.269,-165.846,-0.366,0.183,1.953
14.369583129882812,0.624,1.27,-165.846,-0.366,0.183,1.892
14.374643802642822,0.625,1.271,-165.846,-0.427,0.183,1.892
14.379572868347168,0.627,1.271,-165.846,-0.427,0.244,1.953
14.384554862976074,0.629,1.271,-165.846,-0.427,0.244,1.953
14.389543056488037,0.631,1.271,-165.846,-0.366,0.244,1.953
14.394547939300537,0.633,1.271,-165.846,-0.366,0.244,1.892
14.399513006210327,0.635,1.272,-165.846,-0.366,0.183,1.892
14.404568910598755,0.637,1.273,-165.846,-0.305,0.183,1.892
14.409538984298706,0.639,1.273,-165.846,-0.366,0.244,1.892
14.41450309753418,0.641,1.273,-165.846,-0.427,0.305,1.892
14.419570207595825,0.643,1.273,-165.847,-0.427,0.244,1.892
14.424584150314331,0.646,1.274,-165.85,-0.427,0.244,1.892
14.42966604232788,0.65,1.274,-165.852,-0.366,0.244,1.892
14.434759140014648,0.653,1.274,-165.854,-0.305,0.244,1.892
14.440744161605835,0.657,1.275,-165.857,-0.305,0.244,1.892
14.444772005081177,0.66,1.275,-165.859,-0.366,0.244,1.892
14.449749946594238,0.663,1.276,-165.862,-0.427,0.183,1.831
14.454739809036255,0.666,1.277,-165.864,-0.366,0.183,1.892
14.459776878356934,0.668,1.278,-165.867,-0.366,0.183,1.831
14.464819192886353,0.671,1.279,-165.869,-0.427,0.183,1.953
14.469734191894531,0.673,1.28,-165.871,-0.427,0.183,1.892
14.474796056747437,0.676,1.281,-165.873,-0.305,0.244,1.892
14.479899168014526,0.68,1.282,-165.875,-0.305,0.244,1.831
14.484771013259888,0.683,1.283,-165.878,-0.305,0.244,1.831
14.489597082138062,0.685,1.284,-165.88,-0.305,0.244,1.892
14.4945650100708,0.688,1.285,-165.881,-0.366,0.122,1.892
14.499628067016602,0.69,1.286,-165.884,-0.427,0.122,1.831
14.504615068435669,0.692,1.286,-165.886,-0.427,0.244,1.831
14.509491205215454,0.695,1.287,-165.888,-0.427,0.244,1.831
14.51455807685852,0.697,1.287,-165.89,-0.427,0.244,1.831
14.519653081893921,0.7,1.288,-165.893,-0.366,0.183,1.831
14.524535894393921,0.703,1.288,-165.896,-0.305,0.183,1.892
14.52961802482605,0.706,1.29,-165.899,-0.305,0.244,1.892
14.53471302986145,0.71,1.29,-165.901,-0.305,0.244,1.892
14.539638996124268,0.712,1.291,-165.904,-0.427,0.122,1.892
14.544571161270142,0.714,1.292,-165.907,-0.427,0.122,1.831
14.54957103729248,0.716,1.293,-165.91,-0.488,0.183,1.831
14.554678916931152,0.719,1.294,-165.912,-0.427,0.244,1.831
14.559530973434448,0.722,1.295,-165.915,-0.305,0.244,1.892
14.564529180526733,0.724,1.295,-165.917,-0.305,0.244,1.892
14.569535970687866,0.727,1.296,-165.919,-0.305,0.183,1.892
14.574482202529907,0.73,1.297,-165.922,-0.305,0.244,1.892
14.579444885253906,0.732,1.297,-165.924,-0.366,0.305,1.892
14.584435939788818,0.734,1.297,-165.926,-0.366,0.305,1.892
14.589534044265747,0.736,1.297,-165.928,-0.427,0.244,1.77
14.59443712234497,0.738,1.297,-165.93,-0.427,0.183,1.892
14.599485158920288,0.74,1.297,-165.932,-0.427,0.244,1.892
14.604456186294556,0.742,1.297,-165.934,-0.427,0.305,1.892
14.609446048736572,0.744,1.297,-165.936,-0.366,0.305,1.892
14.614461183547974,0.746,1.297,-165.938,-0.305,0.183,1.892
14.619500875473022,0.749,1.297,-165.941,-0.305,0.183,1.892
14.624431133270264,0.752,1.298,-165.945,-0.366,0.183,1.892
14.629416227340698,0.754,1.298,-165.948,-0.488,0.244,1.831
14.63442087173462,0.757,1.298,-165.952,-0.488,0.244,1.892
14.639487981796265,0.759,1.298,-165.956,-0.427,0.183,1.892
14.644464015960693,0.762,1.299,-165.959,-0.427,0.183,1.892
14.649441003799438,0.765,1.299,-165.963,-0.366,0.244,1.892
14.654430150985718,0.768,1.299,-165.966,-0.366,0.244,1.892
14.659467935562134,0.771,1.299,-165.969,-0.366,0.244,1.892
14.665316104888916,0.774,1.299,-165.972,-0.366,0.244,1.953
14.669434070587158,0.777,1.3,-165.975,-0.366,0.244,1.892
14.67445707321167,0.779,1.301,-165.979,-0.366,0.244,1.892
14.67945909500122,0.781,1.301,-165.982,-0.427,0.244,1.892
14.68442702293396,0.784,1.302,-165.985,-0.427,0.183,1.831
14.689566135406494,0.786,1.302,-165.988,-0.427,0.183,1.831
14.69440507888794,0.788,1.303,-165.991,-0.366,0.244,1.831
14.699411869049072,0.79,1.303,-165.994,-0.366,0.244,1.892
14.704396963119507,0.792,1.304,-165.997,-0.366,0.244,1.892
14.709447145462036,0.795,1.305,-165.999,-0.305,0.183,1.892
14.714440822601318,0.797,1.305,-166.002,-0.366,0.183,1.892
14.719429016113281,0.799,1.306,-166.006,-0.427,0.183,1.831
14.724452018737793,0.801,1.306,-166.009,-0.427,0.244,1.892
14.729420900344849,0.804,1.307,-166.013,-0.366,0.183,1.892
14.734452962875366,0.806,1.308,-166.015,-0.305,0.183,1.892
14.739459991455078,0.809,1.308,-166.018,-0.305,0.244,1.892
14.744400978088379,0.811,1.309,-166.021,-0.305,0.244,1.892
14.749453067779541,0.813,1.309,-166.024,-0.305,0.244,1.892
14.754398822784424,0.815,1.309,-166.027,-0.305,0.244,1.831
14.759452104568481,0.817,1.31,-166.029,-0.305,0.244,1.892
14.764424800872803,0.819,1.31,-166.032,-0.427,0.244,1.892
14.769405126571655,0.82,1.31,-166.035,-0.427,0.183,1.831
14.774368047714233,0.822,1.311,-166.038,-0.427,0.183,1.831
14.78036904335022,0.824,1.311,-166.04,-0.366,0.244,1.892
14.784382104873657,0.825,1.311,-166.042,-0.366,0.244,1.892
14.789366006851196,0.827,1.312,-166.045,-0.366,0.244,1.892
14.794420003890991,0.829,1.312,-166.047,-0.305,0.183,1.892
14.799452066421509,0.831,1.312,-166.049,-0.366,0.183,1.892
14.804402112960815,0.832,1.312,-166.051,-0.427,0.183,1.892
14.809385061264038,0.833,1.312,-166.053,-0.427,0.183,1.892
14.814406156539917,0.833,1.313,-166.055,-0.427,0.183,1.892
14.819385051727295,0.835,1.313,-166.059,-0.427,0.183,1.892
14.824387073516846,0.838,1.314,-166.064,-0.305,0.244,1.892
14.829377889633179,0.841,1.314,-166.068,-0.305,0.244,1.953
14.834424018859863,0.844,1.315,-166.074,-0.366,0.244,1.892
14.839390993118286,0.848,1.316,-166.08,-0.366,0.244,1.892
14.844402074813843,0.851,1.318,-166.087,-0.427,0.183,1.831
14.849401950836182,0.854,1.319,-166.093,-0.427,0.183,1.831
14.854448080062866,0.858,1.32,-166.099,-0.366,0.183,1.831
14.859410047531128,0.861,1.321,-166.105,-0.366,0.244,1.831
14.86441683769226,0.864,1.322,-166.111,-0.366,0.244,1.831
14.869441032409668,0.868,1.323,-166.116,-0.305,0.122,1.831
14.874364137649536,0.871,1.325,-166.122,-0.305,0.122,1.892
14.87936806678772,0.874,1.326,-166.127,-0.305,0.183,1.892
14.884369134902954,0.877,1.327,-166.132,-0.366,0.183,1.892
14.889416217803955,0.88,1.328,-166.137,-0.366,0.183,1.892
14.894428014755249,0.882,1.329,-166.142,-0.366,0.183,1.892
14.899374961853027,0.885,1.329,-166.147,-0.366,0.244,1.892
14.90440583229065,0.887,1.329,-166.151,-0.366,0.305,1.892
14.909376859664917,0.889,1.329,-166.156,-0.366,0.244,1.892
14.91438102722168,0.891,1.329,-166.16,-0.366,0.244,1.953
14.919411182403564,0.894,1.33,-166.166,-0.366,0.183,1.892
14.924400091171265,0.897,1.331,-166.172,-0.366,0.183,1.953
14.929396867752075,0.899,1.331,-166.177,-0.427,0.244,1.892
14.934343099594116,0.902,1.332,-166.183,-0.427,0.244,1.892
14.939390182495117,0.904,1.333,-166.188,-0.366,0.244,1.892
14.944350242614746,0.907,1.333,-166.194,-0.305,0.244,1.831
14.949392080307007,0.91,1.334,-166.199,-0.305,0.244,1.831
14.954376220703125,0.913,1.335,-166.205,-0.305,0.244,1.831
14.959421157836914,0.915,1.335,-166.21,-0.366,0.244,1.831
14.964409112930298,0.917,1.335,-166.215,-0.427,0.244,1.831
14.969398021697998,0.919,1.335,-166.221,-0.427,0.244,1.831
14.974380016326904,0.921,1.336,-166.226,-0.427,0.244,1.831
14.979439973831177,0.922,1.336,-166.231,-0.427,0.244,1.831
14.984361171722412,0.924,1.337,-166.235,-0.427,0.244,1.831
14.989367008209229,0.926,1.336,-166.24,-0.366,0.244,1.892
14.994380950927734,0.928,1.337,-166.245,-0.305,0.244,1.831
14.999364137649536,0.93,1.337,-166.249,-0.244,0.244,1.831
15.004388093948364,0.932,1.338,-166.254,-0.305,0.122,1.831
15.00949501991272,0.934,1.339,-166.258,-0.305,0.183,1.892
15.014343023300171,0.935,1.339,-166.262,-0.427,0.244,1.892
15.019351959228516,0.937,1.34,-166.267,-0.427,0.305,1.892
15.024356126785278,0.939,1.34,-166.272,-0.427,0.305,1.892
15.029394149780273,0.942,1.342,-166.277,-0.366,0.244,1.892
15.034342050552368,0.945,1.343,-166.282,-0.244,0.183,1.892
15.039347887039185,0.947,1.343,-166.287,-0.305,0.183,1.892
15.044357061386108,0.949,1.343,-166.292,-0.305,0.244,1.831
15.049374103546143,0.95,1.344,-166.297,-0.488,0.244,1.892
15.054354190826416,0.951,1.344,-166.302,-0.488,0.183,1.892
15.059333086013794,0.953,1.345,-166.307,-0.488,0.183,1.831
15.064373970031738,0.955,1.345,-166.311,-0.305,0.183,1.831
15.06936502456665,0.957,1.345,-166.316,-0.305,0.305,1.831
15.074347972869873,0.958,1.345,-166.32,-0.305,0.305,1.892
15.07935094833374,0.96,1.346,-166.325,-0.305,0.244,1.892
15.084371089935303,0.961,1.346,-166.329,-0.366,0.244,1.831
15.089354991912842,0.962,1.347,-166.333,-0.427,0.244,1.831
15.09434700012207,0.962,1.348,-166.338,-0.427,0.244,1.831
15.099464893341064,0.963,1.349,-166.342,-0.427,0.183,1.892
15.104341983795166,0.965,1.349,-166.346,-0.366,0.122,1.892
15.10934591293335,0.966,1.349,-166.349,-0.366,0.244,1.892
15.114333152770996,0.967,1.349,-166.353,-0.305,0.244,1.892
15.120361089706421,0.968,1.349,-166.357,-0.366,0.244,1.831
15.124352931976318,0.969,1.35,-166.359,-0.366,0.183,1.892
15.129382133483887,0.969,1.35,-166.362,-0.366,0.183,1.892
15.134337902069092,0.969,1.35,-166.364,-0.427,0.244,1.831
15.13933801651001,0.969,1.349,-166.367,-0.427,0.244,1.831
15.144317150115967,0.969,1.35,-166.369,-0.427,0.183,1.831
15.149310827255249,0.969,1.35,-166.372,-0.427,0.183,1.831
15.154345035552979,0.97,1.35,-166.374,-0.305,0.183,1.831
15.159332036972046,0.97,1.351,-166.377,-0.305,0.244,1.831
15.164326190948486,0.97,1.351,-166.379,-0.366,0.244,1.831
15.169354915618896,0.97,1.351,-166.381,-0.366,0.244,1.831
15.17437195777893,0.97,1.351,-166.384,-0.366,0.183,1.831
15.179349899291992,0.97,1.351,-166.386,-0.366,0.244,1.831
15.184330940246582,0.969,1.351,-166.388,-0.366,0.305,1.831
15.1893150806427,0.969,1.35,-166.39,-0.366,0.305,1.831
15.194366931915283,0.969,1.351,-166.392,-0.366,0.122,1.953
15.199379205703735,0.969,1.35,-166.394,-0.366,0.244,1.892
15.204320907592773,0.969,1.35,-166.396,-0.366,0.305,1.831
15.209362030029297,0.969,1.35,-166.398,-0.366,0.427,1.892
15.214303016662598,0.969,1.35,-166.4,-0.366,0.244,1.892
15.219299077987671,0.968,1.35,-166.401,-0.366,0.183,1.953
15.224302053451538,0.968,1.351,-166.402,-0.366,0.183,1.953
15.229302883148193,0.968,1.35,-166.404,-0.366,0.244,1.892
15.234376192092896,0.968,1.35,-166.406,-0.366,0.305,1.892
15.239319086074829,0.969,1.35,-166.407,-0.305,0.244,1.892
15.244351863861084,0.968,1.35,-166.409,-0.366,0.183,1.892
15.24931287765503,0.968,1.35,-166.41,-0.366,0.244,1.953
15.254304885864258,0.968,1.35,-166.412,-0.366,0.305,1.953
15.259294033050537,0.967,1.35,-166.414,-0.427,0.305,1.831
15.264327049255371,0.967,1.349,-166.415,-0.427,0.244,1.892
15.2693190574646,0.967,1.349,-166.417,-0.427,0.244,1.831
15.274301052093506,0.966,1.349,-166.418,-0.427,0.244,1.892
15.279316902160645,0.966,1.349,-166.42,-0.366,0.244,1.892
15.284306049346924,0.966,1.349,-166.421,-0.366,0.244,1.892
15.28929615020752,0.966,1.349,-166.423,-0.366,0.183,1.892
15.294410943984985,0.965,1.349,-166.425,-0.366,0.183,1.831
15.299312114715576,0.965,1.349,-166.426,-0.366,0.305,1.831
15.304306030273438,0.964,1.348,-166.428,-0.366,0.305,1.831
15.309277057647705,0.964,1.348,-166.429,-0.366,0.244,1.892
15.314316987991333,0.964,1.348,-166.431,-0.366,0.244,1.892
15.319343090057373,0.963,1.347,-166.432,-0.366,0.244,1.892
15.3243088722229,0.963,1.347,-166.433,-0.366,0.244,1.892
15.329303979873657,0.963,1.347,-166.435,-0.366,0.244,1.892
15.33434796333313,0.963,1.347,-166.436,-0.305,0.244,1.892
15.339291095733643,0.963,1.347,-166.437,-0.305,0.244,1.892
15.344279050827026,0.963,1.347,-166.439,-0.366,0.305,1.892
15.349457025527954,0.962,1.347,-166.44,-0.427,0.244,1.892
15.354285955429077,0.962,1.347,-166.441,-0.427,0.244,1.892
15.3592848777771,0.962,1.347,-166.442,-0.427,0.244,1.892
15.364280939102173,0.961,1.346,-166.443,-0.427,0.244,1.892
15.369290828704834,0.961,1.346,-166.445,-0.366,0.244,1.892
15.374294996261597,0.961,1.346,-166.446,-0.366,0.244,1.892
15.379262924194336,0.96,1.347,-166.447,-0.366,0.244,1.892
15.384264945983887,0.96,1.346,-166.448,-0.366,0.244,1.892
15.389296054840088,0.959,1.346,-166.449,-0.366,0.244,1.892
15.394268035888672,0.959,1.347,-166.45,-0.366,0.244,1.892
15.399259090423584,0.959,1.347,-166.451,-0.366,0.244,1.892
15.404263019561768,0.958,1.347,-166.453,-0.366,0.183,1.892
15.409289836883545,0.957,1.346,-166.454,-0.366,0.183,1.892
15.414271831512451,0.957,1.346,-166.454,-0.366,0.244,1.892
15.419268131256104,0.956,1.346,-166.455,-0.366,0.305,1.892
15.42425799369812,0.955,1.345,-166.455,-0.366,0.305,1.953
15.429268836975098,0.954,1.345,-166.455,-0.366,0.244,1.892
15.434291124343872,0.953,1.344,-166.456,-0.366,0.244,1.892
15.438570976257324,0.952,1.344,-166.456,-0.427,0.244,1.892
15.444250106811523,0.951,1.343,-166.456,-0.427,0.244,1.892
15.448539972305298,0.95,1.343,-166.457,-0.427,0.244,1.892
15.453593015670776,0.949,1.342,-166.457,-0.427,0.244,1.831
15.45857310295105,0.949,1.342,-166.457,-0.366,0.244,1.892
15.46454119682312,0.948,1.341,-166.458,-0.305,0.305,1.892
15.468549013137817,0.947,1.341,-166.458,-0.183,0.244,1.892
15.47356104850769,0.947,1.341,-166.458,-0.305,0.244,1.831
15.478710889816284,0.945,1.34,-166.459,-0.427,0.244,1.831
15.483654022216797,0.943,1.34,-166.46,-0.549,0.244,1.831
15.488631963729858,0.941,1.34,-166.46,-0.549,0.122,1.831
15.493608236312866,0.94,1.34,-166.461,-0.488,0.183,1.892
15.498555183410645,0.939,1.34,-166.461,-0.366,0.244,1.892
15.50356388092041,0.939,1.34,-166.461,-0.305,0.244,1.892
15.508566856384277,0.939,1.34,-166.461,-0.305,0.183,1.892
15.51355791091919,0.938,1.34,-166.462,-0.305,0.244,1.892
15.518484830856323,0.938,1.34,-166.462,-0.366,0.305,1.892
15.523576021194458,0.936,1.34,-166.462,-0.549,0.305,1.892
15.528520822525024,0.934,1.339,-166.463,-0.488,0.183,1.892
15.533495903015137,0.933,1.34,-166.463,-0.427,0.183,1.953
15.538472175598145,0.933,1.34,-166.463,-0.366,0.183,1.831
15.543560028076172,0.933,1.34,-166.464,-0.305,0.305,1.831
15.548534870147705,0.932,1.34,-166.465,-0.305,0.244,1.831
15.55350399017334,0.932,1.339,-166.465,-0.305,0.244,1.831
15.558527946472168,0.932,1.339,-166.466,-0.305,0.244,1.892
15.563544034957886,0.931,1.339,-166.466,-0.427,0.366,1.831
15.568487167358398,0.93,1.338,-166.467,-0.427,0.366,1.831
15.574317932128906,0.929,1.338,-166.467,-0.427,0.183,1.831
15.578521013259888,0.928,1.339,-166.468,-0.427,0.183,1.892
15.583508014678955,0.928,1.339,-166.468,-0.366,0.244,1.953
15.588592052459717,0.927,1.338,-166.468,-0.366,0.305,1.892
15.593477010726929,0.926,1.338,-166.468,-0.366,0.244,1.892
15.598526954650879,0.925,1.337,-166.469,-0.366,0.183,1.892
15.60349988937378,0.925,1.337,-166.469,-0.366,0.183,1.892
15.608561992645264,0.925,1.338,-166.469,-0.305,0.183,1.892
15.613549947738647,0.923,1.337,-166.468,-0.305,0.244,1.892
15.618558883666992,0.921,1.336,-166.466,-0.366,0.183,1.892
15.62350606918335,0.919,1.336,-166.463,-0.366,0.122,1.892
15.62850308418274,0.916,1.336,-166.46,-0.366,0.244,1.831
15.63351321220398,0.913,1.335,-166.457,-0.427,0.366,1.831
15.63850212097168,0.91,1.334,-166.453,-0.427,0.305,1.831
15.643480062484741,0.907,1.334,-166.45,-0.366,0.122,1.831
15.648468017578125,0.905,1.334,-166.447,-0.366,0.122,1.892
15.65350604057312,0.902,1.334,-166.443,-0.366,0.183,1.892
15.658581018447876,0.899,1.333,-166.44,-0.427,0.366,1.892
15.663481950759888,0.896,1.332,-166.437,-0.427,0.183,1.892
15.668532848358154,0.894,1.332,-166.434,-0.427,0.122,1.892
15.673474073410034,0.891,1.332,-166.431,-0.427,0.305,1.892
15.678483963012695,0.889,1.331,-166.428,-0.366,0.305,1.892
15.683504104614258,0.887,1.331,-166.425,-0.305,0.305,1.892
15.689346075057983,0.886,1.33,-166.422,-0.305,0.183,1.892
15.693495988845825,0.883,1.33,-166.419,-0.427,0.183,1.892
15.698490142822266,0.88,1.329,-166.417,-0.488,0.183,1.892
15.703479051589966,0.877,1.327,-166.414,-0.488,0.305,1.892
15.708476066589355,0.875,1.326,-166.411,-0.427,0.305,1.892
15.713485956192017,0.873,1.326,-166.409,-0.305,0.183,1.892
15.718488931655884,0.871,1.327,-166.406,-0.305,0.244,1.953
15.723520040512085,0.87,1.327,-166.403,-0.244,0.244,1.953
15.728485107421875,0.868,1.326,-166.402,-0.366,0.183,1.77
15.733448028564453,0.866,1.325,-166.4,-0.549,0.183,1.831
15.738481998443604,0.863,1.325,-166.398,-0.732,0.183,1.831
15.743478059768677,0.86,1.324,-166.396,-0.671,0.183,1.831
15.748467922210693,0.859,1.323,-166.394,-0.366,0.244,1.892
15.75344705581665,0.858,1.323,-166.391,-0.122,0.183,1.953
15.758435010910034,0.859,1.323,-166.389,0.061,0.244,1.892
15.763452053070068,0.858,1.323,-166.387,-0.122,0.244,1.892
15.768435955047607,0.856,1.323,-166.385,-0.366,0.183,1.892
15.773515939712524,0.853,1.323,-166.384,-0.61,0.183,1.77
15.778480052947998,0.85,1.323,-166.383,-0.732,0.183,1.709
15.783481121063232,0.848,1.323,-166.381,-0.732,0.244,1.77
15.788498163223267,0.846,1.323,-166.38,-0.549,0.244,1.77
15.793497085571289,0.846,1.323,-166.378,-0.305,0.244,1.953
15.798463821411133,0.848,1.322,-166.376,-0.061,0.366,1.953
15.80439305305481,0.848,1.322,-166.374,-0.061,0.366,1.953
15.808456897735596,0.848,1.321,-166.372,-0.244,0.305,1.953
15.81347393989563,0.846,1.321,-166.369,-0.488,0.183,1.831
15.818451166152954,0.842,1.32,-166.365,-0.793,0.183,1.831
15.823456048965454,0.838,1.319,-166.362,-0.793,0.183,1.77
15.82858419418335,0.835,1.317,-166.358,-0.671,0.366,1.77
15.833477973937988,0.833,1.317,-166.354,-0.366,0.305,1.892
15.838479995727539,0.833,1.316,-166.35,-0.061,0.244,1.892
15.843411922454834,0.833,1.315,-166.346,-0.061,0.244,1.953
15.84842586517334,0.832,1.315,-166.342,-0.061,0.244,1.953
15.853456020355225,0.829,1.315,-166.338,-0.305,0.244,1.953
15.858412981033325,0.826,1.315,-166.335,-0.549,0.183,1.831
15.863467931747437,0.823,1.315,-166.332,-0.732,0.183,1.77
15.868459939956665,0.819,1.315,-166.329,-0.671,0.244,1.77
15.873483896255493,0.818,1.315,-166.326,-0.427,0.244,1.892
15.87845492362976,0.819,1.314,-166.323,-0.183,0.244,1.831
15.883408069610596,0.819,1.314,-166.319,-0.0,0.183,1.892
15.888402223587036,0.819,1.314,-166.316,-0.0,0.244,1.892
15.89338994026184,0.818,1.314,-166.313,-0.183,0.244,1.892
15.898419857025146,0.816,1.314,-166.31,-0.427,0.244,1.831
15.90342903137207,0.813,1.314,-166.307,-0.671,0.244,1.831
15.908411979675293,0.811,1.314,-166.304,-0.671,0.183,1.831
15.91339111328125,0.809,1.313,-166.302,-0.61,0.183,1.831
15.91847014427185,0.808,1.313,-166.298,-0.366,0.244,1.892
15.923391819000244,0.809,1.312,-166.295,-0.183,0.244,1.892
15.928402185440063,0.809,1.311,-166.292,-0.122,0.244,1.892
15.933420896530151,0.81,1.311,-166.289,-0.122,0.183,1.892
15.938414096832275,0.81,1.311,-166.286,-0.183,0.244,1.892
15.943400144577026,0.808,1.311,-166.283,-0.366,0.244,1.77
15.94842791557312,0.807,1.31,-166.281,-0.549,0.244,1.77
15.953409910202026,0.805,1.31,-166.278,-0.61,0.122,1.77
15.958422899246216,0.803,1.31,-166.276,-0.61,0.122,1.77
15.96339201927185,0.802,1.309,-166.273,-0.488,0.244,1.892
15.968365907669067,0.802,1.309,-166.271,-0.305,0.244,1.892
15.973417043685913,0.802,1.309,-166.268,-0.183,0.244,1.892
15.978532075881958,0.802,1.309,-166.265,-0.183,0.183,1.892
15.983383893966675,0.801,1.309,-166.263,-0.305,0.183,1.831
15.988404989242554,0.8,1.309,-166.26,-0.427,0.244,1.831
15.993381977081299,0.798,1.308,-166.258,-0.61,0.244,1.831
15.998372077941895,0.795,1.308,-166.256,-0.61,0.244,1.831
16.003345012664795,0.794,1.308,-166.253,-0.488,0.244,1.831
16.008378982543945,0.794,1.308,-166.251,-0.366,0.183,1.831
16.013370037078857,0.795,1.307,-166.249,-0.244,0.305,1.892
16.01833701133728,0.796,1.307,-166.245,-0.183,0.305,1.892
16.023365020751953,0.795,1.306,-166.242,-0.183,0.244,1.892
16.029309034347534,0.794,1.306,-166.238,-0.366,0.244,1.953
16.03335690498352,0.792,1.305,-166.234,-0.427,0.244,1.892
16.03834104537964,0.79,1.305,-166.231,-0.549,0.244,1.831
16.043349027633667,0.788,1.305,-166.228,-0.549,0.244,1.831
16.048364877700806,0.786,1.305,-166.225,-0.488,0.183,1.831
16.05336904525757,0.785,1.305,-166.222,-0.305,0.244,1.892
16.05836009979248,0.785,1.305,-166.219,-0.183,0.244,1.892
16.06339716911316,0.785,1.304,-166.216,-0.183,0.244,1.831
16.068358182907104,0.784,1.304,-166.213,-0.244,0.244,1.831
16.07334017753601,0.783,1.304,-166.21,-0.427,0.244,1.892
16.078397035598755,0.781,1.303,-166.207,-0.427,0.244,1.892
16.0833740234375,0.78,1.304,-166.204,-0.488,0.183,1.831
16.088407039642334,0.778,1.304,-166.202,-0.488,0.183,1.831
16.09336495399475,0.777,1.304,-166.199,-0.427,0.183,1.892
16.098396062850952,0.775,1.304,-166.197,-0.427,0.183,1.831
16.10336709022522,0.774,1.303,-166.194,-0.305,0.244,1.892
16.10836386680603,0.773,1.302,-166.191,-0.244,0.244,1.892
16.113395929336548,0.773,1.302,-166.189,-0.244,0.244,1.892
16.11839509010315,0.772,1.302,-166.186,-0.305,0.244,1.892
16.12335991859436,0.771,1.301,-166.184,-0.427,0.244,1.892
16.128338098526,0.769,1.301,-166.181,-0.549,0.244,1.831
16.133378982543945,0.767,1.3,-166.179,-0.61,0.244,1.831
16.138365030288696,0.766,1.3,-166.177,-0.488,0.244,1.892
16.14438486099243,0.766,1.3,-166.175,-0.366,0.244,1.892
16.14835023880005,0.766,1.3,-166.172,-0.244,0.244,1.953
16.15339994430542,0.766,1.3,-166.17,-0.244,0.244,1.953
16.158392906188965,0.766,1.3,-166.167,-0.244,0.244,1.892
16.163408994674683,0.765,1.299,-166.165,-0.427,0.244,1.892
16.168389081954956,0.763,1.299,-166.163,-0.488,0.244,1.892
16.17337203025818,0.762,1.298,-166.161,-0.549,0.244,1.831
16.17835783958435,0.761,1.298,-166.16,-0.549,0.244,1.77
16.183358192443848,0.76,1.298,-166.158,-0.427,0.244,1.953
16.188359022140503,0.76,1.297,-166.156,-0.305,0.244,1.892
16.193354845046997,0.76,1.296,-166.153,-0.244,0.305,1.953
16.19835591316223,0.761,1.296,-166.151,-0.244,0.305,1.953
16.20337700843811,0.761,1.295,-166.149,-0.305,0.244,1.892
16.208371877670288,0.761,1.295,-166.147,-0.366,0.183,1.892
16.213349103927612,0.76,1.295,-166.146,-0.488,0.183,1.892
16.218330144882202,0.76,1.295,-166.144,-0.488,0.244,1.892
16.223336219787598,0.759,1.295,-166.142,-0.427,0.244,1.892
16.228323936462402,0.759,1.295,-166.14,-0.366,0.244,1.892
16.23331594467163,0.76,1.295,-166.139,-0.244,0.244,1.892
16.238343000411987,0.761,1.296,-166.137,-0.244,0.244,1.892
16.243358850479126,0.761,1.295,-166.136,-0.305,0.244,1.892
16.248326063156128,0.761,1.295,-166.135,-0.366,0.244,1.892
16.253363847732544,0.76,1.295,-166.133,-0.549,0.244,1.892
16.25839400291443,0.759,1.295,-166.132,-0.549,0.244,1.892
16.263368129730225,0.759,1.295,-166.131,-0.427,0.244,1.892
16.268361806869507,0.759,1.295,-166.129,-0.244,0.305,1.892
16.273377895355225,0.76,1.296,-166.128,-0.244,0.122,1.892
16.278352975845337,0.76,1.296,-166.127,-0.305,0.183,1.892
16.283329963684082,0.759,1.296,-166.126,-0.488,0.183,1.892
16.288331031799316,0.759,1.295,-166.125,-0.549,0.244,1.892
16.293334007263184,0.758,1.295,-166.123,-0.549,0.244,1.892
16.298310041427612,0.758,1.295,-166.122,-0.366,0.244,1.892
16.30331516265869,0.759,1.296,-166.121,-0.122,0.244,1.892
16.30834698677063,0.76,1.297,-166.12,-0.122,0.244,1.892
16.31332015991211,0.761,1.297,-166.119,-0.183,0.244,1.892
16.318310022354126,0.76,1.297,-166.118,-0.488,0.244,1.831
16.323315143585205,0.759,1.297,-166.117,-0.671,0.183,1.831
16.328334093093872,0.758,1.297,-166.117,-0.671,0.244,1.77
16.333317041397095,0.757,1.297,-166.117,-0.488,0.244,1.77
16.338315963745117,0.758,1.297,-166.116,-0.305,0.244,1.831
16.34330415725708,0.759,1.297,-166.115,-0.122,0.244,1.831
16.348342895507812,0.761,1.298,-166.114,-0.0,0.244,1.953
16.353317975997925,0.763,1.299,-166.113,-0.061,0.244,1.953
16.358309984207153,0.763,1.299,-166.112,-0.244,0.244,1.892
16.363322019577026,0.762,1.299,-166.111,-0.61,0.244,1.77
16.368340015411377,0.76,1.299,-166.111,-0.793,0.183,1.831
16.373468160629272,0.76,1.299,-166.11,-0.671,0.183,1.831
16.37833595275879,0.761,1.299,-166.109,-0.427,0.183,1.831
16.3833110332489,0.764,1.299,-166.108,-0.122,0.244,1.892
16.388288974761963,0.767,1.3,-166.107,-0.0,0.244,1.953
16.3932888507843,0.77,1.3,-166.106,-0.0,0.183,1.953
16.398300170898438,0.77,1.3,-166.105,-0.305,0.183,1.892
16.403308868408203,0.769,1.3,-166.105,-0.61,0.244,1.77
16.408307790756226,0.767,1.3,-166.104,-0.854,0.244,1.77
16.413311004638672,0.765,1.3,-166.104,-0.732,0.244,1.77
16.418319940567017,0.766,1.3,-166.103,-0.427,0.183,1.831
16.4233078956604,0.768,1.3,-166.102,-0.122,0.244,1.892
16.42828679084778,0.771,1.3,-166.102,-0.0,0.366,1.892
16.433326959609985,0.772,1.299,-166.1,-0.122,0.305,1.953
16.438306093215942,0.772,1.299,-166.099,-0.366,0.244,1.953
16.443303108215332,0.771,1.298,-166.098,-0.61,0.244,1.831
16.448301076889038,0.77,1.298,-166.098,-0.732,0.244,1.77
16.453307151794434,0.769,1.299,-166.098,-0.671,0.244,1.77
16.458356857299805,0.769,1.299,-166.097,-0.427,0.244,1.831
16.46329402923584,0.771,1.299,-166.096,-0.183,0.183,2.014
16.468302011489868,0.773,1.299,-166.094,-0.061,0.244,1.953
16.473310232162476,0.775,1.299,-166.094,-0.122,0.305,1.892
16.478299140930176,0.775,1.299,-166.093,-0.366,0.244,1.892
16.484286069869995,0.773,1.299,-166.092,-0.61,0.183,1.892
16.4883029460907,0.772,1.3,-166.091,-0.732,0.183,1.831
16.49328923225403,0.772,1.3,-166.091,-0.671,0.183,1.831
16.498290061950684,0.772,1.3,-166.09,-0.488,0.244,1.831
16.50329303741455,0.773,1.3,-166.089,-0.244,0.244,1.953
16.50828194618225,0.774,1.301,-166.088,-0.122,0.244,1.953
16.513293981552124,0.775,1.301,-166.087,-0.122,0.244,1.892
16.51826810836792,0.776,1.301,-166.086,-0.305,0.244,1.892
16.523277044296265,0.775,1.301,-166.086,-0.549,0.244,1.831
16.528297901153564,0.773,1.301,-166.085,-0.732,0.244,1.831
16.533297061920166,0.773,1.302,-166.085,-0.732,0.183,1.831
16.538285970687866,0.773,1.302,-166.084,-0.488,0.183,1.892
16.54332995414734,0.774,1.302,-166.083,-0.244,0.244,1.892
16.54830002784729,0.776,1.302,-166.083,-0.183,0.244,1.892
16.55325722694397,0.777,1.303,-166.082,-0.183,0.244,1.892
16.558295011520386,0.778,1.303,-166.081,-0.305,0.244,1.892
16.563302040100098,0.778,1.303,-166.08,-0.427,0.183,1.892
16.568279027938843,0.777,1.304,-166.08,-0.549,0.244,1.892
16.57326602935791,0.777,1.304,-166.079,-0.549,0.244,1.831
16.578285932540894,0.776,1.305,-166.079,-0.549,0.244,1.831
16.583269119262695,0.776,1.305,-166.078,-0.488,0.244,1.831
16.588266849517822,0.777,1.305,-166.078,-0.244,0.244,1.892
16.593267917633057,0.777,1.305,-166.077,-0.122,0.244,1.892
16.598379850387573,0.777,1.305,-166.076,-0.122,0.305,1.892
16.60256814956665,0.778,1.306,-166.075,-0.244,0.183,1.892
16.6075382232666,0.777,1.307,-166.075,-0.549,0.183,1.892
16.61257004737854,0.775,1.308,-166.075,-0.793,0.183,1.831
16.617555141448975,0.774,1.308,-166.076,-0.854,0.122,1.831
16.62258505821228,0.774,1.308,-166.076,-0.854,0.122,1.831
16.627612113952637,0.775,1.308,-166.077,-0.61,0.183,1.831
16.632667064666748,0.78,1.308,-166.077,-0.122,0.244,1.953
16.637640237808228,0.783,1.307,-166.077,0.061,0.244,2.014
16.642536163330078,0.787,1.307,-166.076,0.122,0.305,2.014
16.64753293991089,0.788,1.308,-166.076,-0.061,0.183,1.953
16.652511835098267,0.788,1.309,-166.076,-0.427,0.122,1.892
16.65752100944519,0.786,1.31,-166.077,-0.854,0.122,1.77
16.662557125091553,0.784,1.311,-166.078,-1.038,0.122,1.77
16.667695999145508,0.783,1.311,-166.079,-0.977,0.122,1.77
16.672572135925293,0.784,1.31,-166.08,-0.732,0.183,1.77
16.67758297920227,0.787,1.31,-166.08,-0.183,0.244,1.831
16.6825749874115,0.791,1.309,-166.08,0.183,0.305,2.014
16.6875581741333,0.795,1.309,-166.079,0.244,0.305,2.014
16.692527055740356,0.797,1.309,-166.079,-0.0,0.305,1.953
16.69763708114624,0.797,1.308,-166.079,-0.427,0.244,1.892
16.70265007019043,0.794,1.309,-166.08,-0.916,0.183,1.709
16.707563877105713,0.791,1.309,-166.08,-1.16,0.183,1.77
16.71337890625,0.79,1.309,-166.081,-0.916,0.244,1.77
16.718619108200073,0.792,1.31,-166.081,-0.427,0.244,1.953
16.722427129745483,0.796,1.31,-166.081,-0.0,0.244,1.953
16.727468967437744,0.801,1.31,-166.08,0.244,0.244,2.014
16.732434034347534,0.805,1.311,-166.08,0.122,0.244,1.953
16.737453937530518,0.806,1.31,-166.079,-0.305,0.244,1.953
16.74247694015503,0.804,1.311,-166.08,-0.793,0.183,1.709
16.747430086135864,0.802,1.311,-166.081,-1.038,0.183,1.709
16.75249409675598,0.8,1.311,-166.082,-1.038,0.183,1.831
16.757515907287598,0.802,1.31,-166.082,-0.671,0.183,1.831
16.76249098777771,0.805,1.309,-166.082,-0.244,0.244,1.831
16.767454147338867,0.809,1.309,-166.082,0.061,0.244,1.953
16.772459983825684,0.813,1.309,-166.081,0.305,0.366,1.953
16.77745294570923,0.815,1.31,-166.081,0.244,0.366,2.014
16.78248381614685,0.815,1.311,-166.08,-0.061,0.183,1.892
16.787482976913452,0.812,1.313,-166.081,-0.732,0.122,1.77
16.792490005493164,0.808,1.313,-166.081,-1.282,0.122,1.77
16.797465085983276,0.804,1.313,-166.082,-1.526,0.122,1.709
16.80245804786682,0.804,1.312,-166.083,-1.099,0.183,1.77
16.807466983795166,0.808,1.311,-166.084,-0.305,0.305,1.953
16.81245708465576,0.817,1.311,-166.086,0.549,0.427,2.075
16.817449808120728,0.825,1.312,-166.086,1.038,0.366,2.258
16.822437047958374,0.832,1.313,-166.089,0.732,0.244,2.136
16.82841420173645,0.832,1.315,-166.092,-0.183,0.122,1.892
16.83246612548828,0.829,1.316,-166.097,-1.099,0.122,1.648
16.837499141693115,0.823,1.317,-166.102,-1.892,0.122,1.587
16.842502117156982,0.819,1.317,-166.107,-1.892,0.061,1.587
16.84754490852356,0.82,1.317,-166.111,-1.16,0.244,1.77
16.8524751663208,0.827,1.317,-166.114,-0.0,0.366,2.014
16.857455015182495,0.838,1.317,-166.116,0.916,0.366,2.136
16.862489938735962,0.848,1.318,-166.118,1.16,0.366,2.197
16.867464065551758,0.853,1.32,-166.12,0.671,0.183,2.075
16.87248992919922,0.852,1.321,-166.123,-0.427,0.183,1.892
16.877477169036865,0.845,1.322,-166.127,-1.587,0.122,1.648
16.88247013092041,0.839,1.322,-166.132,-2.197,0.061,1.526
16.88745403289795,0.836,1.321,-166.137,-1.831,0.122,1.526
16.892444133758545,0.841,1.319,-166.14,-0.671,0.305,1.77
16.897488117218018,0.853,1.317,-166.143,0.732,0.488,2.014
16.90242290496826,0.866,1.316,-166.143,1.648,0.488,2.258
16.907416105270386,0.878,1.317,-166.146,1.587,0.488,2.197
16.912503957748413,0.882,1.319,-166.149,0.671,0.244,2.136
16.91747808456421,0.878,1.321,-166.154,-0.732,0.061,1.831
16.92244815826416,0.87,1.322,-166.16,-2.014,0.061,1.587
16.9274480342865,0.862,1.323,-166.166,-2.441,0.061,1.526
16.9324688911438,0.861,1.324,-166.173,-1.892,0.061,1.465
16.93744707107544,0.867,1.324,-166.177,-0.549,0.183,1.892
16.943411111831665,0.879,1.325,-166.181,0.671,0.244,2.136
16.947569131851196,0.892,1.324,-166.183,1.404,0.427,2.258
16.95243000984192,0.903,1.324,-166.186,1.16,0.427,2.136
16.95743203163147,0.905,1.324,-166.189,0.183,0.305,2.014
16.962400913238525,0.903,1.325,-166.193,-0.854,0.122,1.77
16.967421054840088,0.896,1.327,-166.199,-1.648,-0.0,1.587
16.972475051879883,0.891,1.327,-166.204,-1.77,0.183,1.587
16.977426052093506,0.89,1.325,-166.209,-1.282,0.244,1.709
16.982404947280884,0.895,1.324,-166.212,-0.366,0.305,1.892
16.987417936325073,0.904,1.324,-166.215,0.549,0.305,2.075
16.99239206314087,0.912,1.324,-166.218,0.916,0.366,2.075
16.997365951538086,0.919,1.323,-166.22,0.793,0.427,2.075
17.002427101135254,0.921,1.323,-166.223,0.061,0.366,2.014
17.007441997528076,0.917,1.324,-166.227,-0.854,0.183,1.77
17.0123770236969,0.912,1.324,-166.231,-1.526,0.122,1.709
17.017387866973877,0.907,1.325,-166.235,-1.526,0.122,1.709
17.022391080856323,0.907,1.325,-166.239,-0.977,0.183,1.709
17.02741289138794,0.912,1.325,-166.242,-0.183,0.366,1.953
17.03238797187805,0.919,1.325,-166.244,0.427,0.305,2.075
17.03743600845337,0.925,1.324,-166.246,0.61,0.305,2.075
17.042392015457153,0.929,1.324,-166.248,0.366,0.305,2.075
17.047378063201904,0.928,1.325,-166.251,-0.244,0.305,1.892
17.052382946014404,0.924,1.326,-166.254,-0.854,0.244,1.77
17.057438135147095,0.92,1.327,-166.257,-1.16,0.122,1.77
17.062422037124634,0.917,1.328,-166.261,-1.16,0.122,1.709
17.067400217056274,0.918,1.328,-166.264,-0.732,0.183,1.77
17.07240891456604,0.922,1.328,-166.267,-0.183,0.305,1.892
17.077389001846313,0.927,1.328,-166.269,0.122,0.305,2.014
17.082409858703613,0.932,1.328,-166.271,0.305,0.305,2.075
17.087396144866943,0.936,1.328,-166.273,0.244,0.305,1.953
17.092403888702393,0.938,1.328,-166.276,-0.244,0.305,1.831
17.0973858833313,0.937,1.328,-166.279,-0.61,0.244,1.77
17.102385997772217,0.935,1.329,-166.281,-0.916,0.183,1.77
17.10739803314209,0.934,1.33,-166.286,-0.916,0.183,1.77
17.112416982650757,0.936,1.331,-166.292,-0.671,0.122,1.77
17.11739206314087,0.939,1.331,-166.297,-0.366,0.244,1.892
17.122395038604736,0.945,1.332,-166.303,-0.122,0.244,1.892
17.127415895462036,0.951,1.332,-166.309,-0.061,0.305,1.953
17.132383823394775,0.955,1.333,-166.314,-0.061,0.305,1.953
17.13737416267395,0.958,1.334,-166.32,-0.183,0.305,1.892
17.142366886138916,0.96,1.335,-166.326,-0.366,0.244,1.831
17.14738702774048,0.961,1.336,-166.332,-0.549,0.244,1.831
17.15237593650818,0.962,1.337,-166.338,-0.793,0.183,1.831
17.157413005828857,0.963,1.337,-166.344,-0.732,0.183,1.831
17.162429094314575,0.965,1.338,-166.349,-0.488,0.183,1.892
17.16743493080139,0.969,1.338,-166.354,-0.244,0.244,1.892
17.172508001327515,0.972,1.338,-166.359,-0.0,0.244,1.953
17.177401065826416,0.976,1.339,-166.364,-0.0,0.244,1.892
17.182414054870605,0.979,1.34,-166.369,-0.183,0.183,1.892
17.18743586540222,0.98,1.34,-166.373,-0.488,0.183,1.892
17.19248104095459,0.98,1.34,-166.379,-0.732,0.183,1.77
17.197398900985718,0.98,1.341,-166.384,-0.854,0.183,1.77
17.202411890029907,0.98,1.342,-166.389,-0.671,0.183,1.831
17.207396030426025,0.983,1.342,-166.394,-0.305,0.183,1.831
17.212412118911743,0.988,1.342,-166.399,-0.0,0.305,1.892
17.217422008514404,0.992,1.342,-166.404,-0.0,0.366,1.953
17.222406148910522,0.995,1.342,-166.409,-0.061,0.305,1.892
17.227396965026855,0.996,1.342,-166.414,-0.305,0.244,1.831
17.232376098632812,0.996,1.342,-166.42,-0.61,0.244,1.77
17.237373113632202,0.996,1.343,-166.425,-0.793,0.244,1.831
17.24241614341736,0.996,1.343,-166.43,-0.793,0.244,1.77
17.247429132461548,0.997,1.343,-166.435,-0.61,0.244,1.77
17.252415895462036,1.0,1.343,-166.44,-0.366,0.183,1.892
17.257380962371826,1.004,1.342,-166.444,-0.122,0.183,1.953
17.262381076812744,1.008,1.342,-166.448,-0.0,0.305,1.953
17.26739192008972,1.011,1.343,-166.452,-0.061,0.305,1.953
17.272381067276,1.012,1.344,-166.456,-0.183,0.183,1.953
17.27739405632019,1.013,1.345,-166.46,-0.366,0.183,1.953
17.283297061920166,1.012,1.346,-166.464,-0.61,0.183,1.831
17.287482976913452,1.012,1.346,-166.469,-0.61,0.244,1.77
17.292436838150024,1.012,1.347,-166.473,-0.61,0.122,1.831
17.2973952293396,1.014,1.347,-166.477,-0.488,0.183,1.892
17.302479028701782,1.015,1.347,-166.481,-0.305,0.244,1.892
17.307537078857422,1.017,1.346,-166.484,-0.183,0.305,1.953
17.312383890151978,1.019,1.346,-166.487,-0.183,0.305,1.953
17.3173930644989,1.02,1.346,-166.491,-0.244,0.183,1.953
17.322397232055664,1.02,1.346,-166.494,-0.427,0.183,1.892
17.327393054962158,1.019,1.346,-166.498,-0.488,0.244,1.892
17.332401990890503,1.019,1.347,-166.501,-0.549,0.244,1.892
17.33739686012268,1.018,1.346,-166.505,-0.549,0.244,1.831
17.342479944229126,1.018,1.347,-166.508,-0.427,0.183,1.831
17.347400188446045,1.018,1.346,-166.512,-0.366,0.244,1.831
17.352372884750366,1.019,1.346,-166.515,-0.183,0.305,1.831
17.35736322402954,1.02,1.346,-166.519,-0.183,0.305,1.831
17.362440824508667,1.02,1.346,-166.522,-0.183,0.244,1.953
17.367373943328857,1.02,1.346,-166.525,-0.427,0.183,1.892
17.37239384651184,1.019,1.346,-166.528,-0.549,0.244,1.892
17.377399921417236,1.018,1.346,-166.531,-0.61,0.305,1.892
17.382407188415527,1.017,1.347,-166.534,-0.488,0.244,1.892
17.38743019104004,1.017,1.347,-166.537,-0.366,0.244,1.892
17.392371892929077,1.018,1.347,-166.539,-0.183,0.244,1.892
17.398465871810913,1.018,1.347,-166.542,-0.183,0.244,1.892
17.402459144592285,1.019,1.346,-166.545,-0.183,0.305,1.953
17.40735411643982,1.019,1.346,-166.547,-0.305,0.244,1.892
17.41240692138672,1.017,1.345,-166.549,-0.427,0.244,1.892
17.41742515563965,1.015,1.344,-166.551,-0.549,0.244,1.77
17.422354221343994,1.012,1.344,-166.551,-0.61,0.244,1.77
17.427371978759766,1.01,1.343,-166.551,-0.549,0.244,1.892
17.432358980178833,1.008,1.343,-166.552,-0.427,0.183,1.892
17.437363147735596,1.006,1.342,-166.552,-0.305,0.244,1.831
17.44235587120056,1.005,1.342,-166.552,-0.183,0.244,1.831
17.447468996047974,1.005,1.342,-166.553,-0.122,0.244,1.892
17.452346086502075,1.005,1.341,-166.553,-0.244,0.244,1.831
17.45745086669922,1.003,1.341,-166.553,-0.488,0.244,1.953
17.462372064590454,1.0,1.34,-166.553,-0.488,0.244,1.831
17.46742296218872,0.998,1.339,-166.554,-0.549,0.244,1.831
17.472450971603394,0.996,1.339,-166.554,-0.488,0.244,1.831
17.47737216949463,0.995,1.34,-166.554,-0.366,0.244,1.892
17.482330083847046,0.994,1.339,-166.555,-0.244,0.244,1.892
17.487371921539307,0.993,1.339,-166.555,-0.244,0.244,1.892
17.492384910583496,0.991,1.339,-166.555,-0.305,0.244,1.831
17.497375965118408,0.99,1.339,-166.556,-0.427,0.244,1.892
17.50241494178772,0.988,1.338,-166.556,-0.488,0.183,1.892
17.50739598274231,0.986,1.339,-166.557,-0.488,0.183,1.892
17.512428998947144,0.985,1.339,-166.558,-0.488,0.244,1.831
17.51732897758484,0.984,1.339,-166.559,-0.366,0.244,1.892
17.5223069190979,0.984,1.338,-166.56,-0.305,0.183,1.953
17.5273220539093,0.984,1.338,-166.561,-0.305,0.244,1.953
17.532328128814697,0.983,1.338,-166.563,-0.305,0.244,1.953
17.537364959716797,0.983,1.338,-166.564,-0.305,0.244,1.831
17.542370080947876,0.982,1.338,-166.566,-0.488,0.244,1.831
17.547369241714478,0.981,1.337,-166.568,-0.549,0.183,1.831
17.55232882499695,0.979,1.337,-166.57,-0.488,0.183,1.831
17.557316064834595,0.979,1.336,-166.571,-0.366,0.244,1.892
17.56231689453125,0.978,1.336,-166.573,-0.244,0.305,1.892
17.56732702255249,0.979,1.336,-166.573,-0.183,0.244,2.014
17.572324991226196,0.978,1.336,-166.574,-0.183,0.122,1.953
17.577306985855103,0.977,1.337,-166.575,-0.366,0.122,1.953
17.582334995269775,0.976,1.336,-166.577,-0.488,0.244,1.892
17.58731698989868,0.974,1.337,-166.578,-0.549,0.244,1.892
17.592344045639038,0.973,1.336,-166.58,-0.549,0.244,1.892
17.59731388092041,0.972,1.336,-166.581,-0.427,0.183,1.892
17.602317094802856,0.972,1.336,-166.582,-0.427,0.244,1.892
17.60730481147766,0.972,1.336,-166.583,-0.305,0.244,1.892
17.612385988235474,0.971,1.336,-166.584,-0.305,0.244,1.892
17.617321968078613,0.971,1.336,-166.585,-0.305,0.244,1.892
17.62229609489441,0.971,1.336,-166.586,-0.305,0.244,1.892
17.627640962600708,0.97,1.336,-166.588,-0.366,0.244,1.831
17.632350206375122,0.969,1.336,-166.589,-0.366,0.244,1.831
17.637341022491455,0.968,1.335,-166.59,-0.427,0.244,1.892
17.642312049865723,0.967,1.335,-166.591,-0.427,0.244,1.892
17.64731502532959,0.966,1.335,-166.591,-0.366,0.305,1.892
17.65232801437378,0.965,1.334,-166.592,-0.366,0.305,1.892
17.65731406211853,0.964,1.334,-166.593,-0.366,0.244,1.892
17.66232204437256,0.963,1.334,-166.594,-0.427,0.244,1.892
17.667306900024414,0.963,1.334,-166.595,-0.427,0.244,1.831
17.67230200767517,0.962,1.334,-166.596,-0.427,0.244,1.831
17.677273988723755,0.961,1.334,-166.597,-0.427,0.305,1.953
17.682270050048828,0.96,1.334,-166.598,-0.427,0.183,1.892
17.687285900115967,0.96,1.334,-166.599,-0.244,0.183,1.892
17.69230604171753,0.959,1.334,-166.599,-0.305,0.183,1.892
17.697286128997803,0.959,1.334,-166.601,-0.366,0.244,1.831
17.70228099822998,0.958,1.334,-166.601,-0.366,0.244,1.892
17.70727014541626,0.958,1.334,-166.604,-0.366,0.122,1.831
17.71226215362549,0.958,1.334,-166.606,-0.366,0.183,1.892
17.717318058013916,0.959,1.334,-166.607,-0.366,0.244,1.892
17.72230291366577,0.958,1.333,-166.609,-0.366,0.305,1.892
17.72725486755371,0.959,1.333,-166.611,-0.305,0.244,1.892
17.73227596282959,0.959,1.333,-166.613,-0.366,0.183,1.892
17.73736000061035,0.959,1.333,-166.614,-0.366,0.244,1.892
17.74227285385132,0.959,1.333,-166.617,-0.427,0.366,1.77
17.74724507331848,0.959,1.332,-166.619,-0.427,0.305,1.77
17.752284049987793,0.958,1.333,-166.621,-0.427,0.183,1.892
17.75729203224182,0.958,1.333,-166.622,-0.427,0.122,1.892
17.762264013290405,0.958,1.333,-166.624,-0.305,0.244,1.77
17.767266988754272,0.958,1.333,-166.626,-0.366,0.244,1.831
17.772265195846558,0.957,1.333,-166.628,-0.366,0.244,1.892
17.776500940322876,0.957,1.332,-166.629,-0.427,0.183,1.892
17.7815101146698,0.957,1.331,-166.63,-0.366,0.244,1.953
17.786575078964233,0.957,1.331,-166.631,-0.366,0.305,1.953
17.791537046432495,0.956,1.331,-166.633,-0.427,0.244,1.953
17.796571016311646,0.956,1.331,-166.634,-0.427,0.183,1.831
17.801528930664062,0.955,1.331,-166.635,-0.427,0.183,1.953
17.80658507347107,0.955,1.332,-166.636,-0.305,0.244,1.953
17.811546087265015,0.955,1.332,-166.637,-0.305,0.244,1.953
17.816594123840332,0.954,1.333,-166.638,-0.305,0.183,1.953
17.82166290283203,0.954,1.334,-166.64,-0.366,0.183,1.892
17.826682090759277,0.954,1.334,-166.641,-0.366,0.244,1.892
17.831554889678955,0.954,1.334,-166.643,-0.427,0.244,1.831
17.836649894714355,0.954,1.334,-166.644,-0.488,0.122,1.831
17.84153699874878,0.954,1.334,-166.645,-0.427,0.183,1.953
17.84652304649353,0.954,1.334,-166.646,-0.305,0.183,1.953
17.852347135543823,0.954,1.335,-166.647,-0.244,0.183,1.892
17.856534957885742,0.954,1.335,-166.648,-0.244,0.244,1.892
17.861541986465454,0.954,1.335,-166.65,-0.305,0.244,1.892
17.866504192352295,0.954,1.335,-166.651,-0.366,0.183,1.892
17.871550798416138,0.953,1.335,-166.652,-0.427,0.122,1.892
17.876555919647217,0.952,1.335,-166.653,-0.549,0.183,1.892
17.881585121154785,0.951,1.335,-166.654,-0.488,0.183,1.892
17.886488914489746,0.95,1.335,-166.655,-0.427,0.183,1.892
17.89151620864868,0.951,1.336,-166.656,-0.305,0.183,1.892
17.89658498764038,0.951,1.336,-166.657,-0.244,0.305,1.892
17.901511192321777,0.951,1.335,-166.659,-0.244,0.305,1.892
17.90652108192444,0.95,1.334,-166.659,-0.366,0.305,1.831
17.911479949951172,0.949,1.334,-166.659,-0.427,0.183,1.831
17.916510820388794,0.947,1.335,-166.659,-0.427,0.183,1.831
17.92146396636963,0.946,1.334,-166.658,-0.427,0.305,1.831
17.926521062850952,0.945,1.333,-166.658,-0.366,0.305,1.831
17.93149709701538,0.944,1.333,-166.658,-0.305,0.305,1.892
17.936455011367798,0.944,1.333,-166.657,-0.305,0.183,1.953
17.94149112701416,0.943,1.332,-166.657,-0.244,0.244,1.892
17.946492195129395,0.942,1.332,-166.657,-0.366,0.244,1.892
17.95148205757141,0.941,1.333,-166.657,-0.427,0.244,1.892
17.956471920013428,0.939,1.333,-166.657,-0.488,0.183,1.831
17.96149492263794,0.938,1.332,-166.657,-0.427,0.183,1.831
17.96739912033081,0.937,1.332,-166.657,-0.427,0.305,1.831
17.971467971801758,0.936,1.331,-166.657,-0.366,0.305,1.831
17.97642683982849,0.935,1.332,-166.657,-0.305,0.183,1.892
17.981532096862793,0.934,1.332,-166.656,-0.305,0.183,2.014
17.98643398284912,0.933,1.332,-166.655,-0.305,0.183,1.953
17.991429090499878,0.932,1.333,-166.655,-0.366,0.183,1.831
17.996436834335327,0.931,1.333,-166.656,-0.427,0.244,1.831
18.001479148864746,0.93,1.332,-166.656,-0.488,0.244,1.831
18.00648593902588,0.928,1.333,-166.656,-0.488,0.122,1.892
18.01140594482422,0.927,1.333,-166.655,-0.366,0.183,1.831
18.01645302772522,0.926,1.332,-166.655,-0.366,0.244,1.953
18.02146291732788,0.926,1.332,-166.654,-0.305,0.244,1.953
18.02642798423767,0.925,1.332,-166.654,-0.305,0.122,1.892
18.031400203704834,0.925,1.333,-166.653,-0.305,0.122,1.892
18.03642201423645,0.924,1.333,-166.653,-0.366,0.244,1.892
18.04143190383911,0.922,1.332,-166.652,-0.427,0.244,1.892
18.046436071395874,0.921,1.332,-166.652,-0.488,0.183,1.892
18.051449060440063,0.919,1.332,-166.652,-0.488,0.183,1.892
18.05651092529297,0.918,1.332,-166.652,-0.305,0.244,1.77
18.061444997787476,0.918,1.332,-166.652,-0.305,0.305,1.831
18.066431999206543,0.917,1.332,-166.652,-0.244,0.244,1.831
18.071442127227783,0.916,1.332,-166.652,-0.366,0.183,1.831
18.076424837112427,0.915,1.332,-166.652,-0.366,0.183,1.831
18.081427097320557,0.914,1.332,-166.652,-0.427,0.305,1.831
18.086405038833618,0.913,1.332,-166.652,-0.427,0.305,1.831
18.091460943222046,0.912,1.332,-166.652,-0.427,0.244,1.831
18.09648084640503,0.911,1.332,-166.652,-0.366,0.183,1.831
18.10145092010498,0.911,1.332,-166.652,-0.305,0.183,1.831
18.10644292831421,0.91,1.333,-166.652,-0.305,0.244,1.892
18.11145305633545,0.91,1.333,-166.651,-0.366,0.305,1.892
18.116445064544678,0.909,1.332,-166.651,-0.366,0.244,1.831
18.12147307395935,0.908,1.332,-166.651,-0.427,0.183,1.892
18.12648105621338,0.906,1.332,-166.651,-0.427,0.244,1.892
18.131461143493652,0.905,1.331,-166.651,-0.427,0.244,1.892
18.136435985565186,0.905,1.331,-166.651,-0.305,0.244,1.892
18.14149284362793,0.905,1.332,-166.65,-0.305,0.183,1.953
18.146449089050293,0.904,1.332,-166.65,-0.305,0.183,1.953
18.151432991027832,0.904,1.332,-166.649,-0.305,0.244,1.892
18.15639901161194,0.903,1.332,-166.65,-0.427,0.244,1.77
18.161487102508545,0.902,1.332,-166.65,-0.427,0.244,1.77
18.16640305519104,0.901,1.332,-166.65,-0.427,0.183,1.831
18.171390056610107,0.901,1.332,-166.65,-0.366,0.183,1.892
18.176631927490234,0.9,1.333,-166.65,-0.366,0.183,1.831
18.181528091430664,0.9,1.333,-166.65,-0.366,0.244,1.831
18.186461210250854,0.9,1.332,-166.65,-0.366,0.183,1.831
18.192273139953613,0.899,1.332,-166.65,-0.366,0.244,1.892
18.196433067321777,0.899,1.331,-166.65,-0.366,0.305,1.892
18.20142412185669,0.899,1.331,-166.65,-0.305,0.305,1.892
18.20640993118286,0.898,1.331,-166.65,-0.305,0.244,1.892
18.211411952972412,0.898,1.332,-166.65,-0.366,0.183,1.892
18.2164568901062,0.898,1.332,-166.649,-0.366,0.244,1.892
18.221401929855347,0.897,1.332,-166.649,-0.366,0.244,1.892
18.226408004760742,0.896,1.332,-166.649,-0.427,0.244,1.892
18.23140811920166,0.895,1.332,-166.649,-0.427,0.183,1.831
18.23638916015625,0.895,1.332,-166.649,-0.366,0.183,1.892
18.24140214920044,0.895,1.331,-166.649,-0.366,0.305,1.831
18.246397018432617,0.894,1.331,-166.65,-0.366,0.244,1.831
18.25146484375,0.894,1.33,-166.649,-0.366,0.244,1.892
18.256403923034668,0.894,1.33,-166.649,-0.366,0.244,1.892
18.261423110961914,0.893,1.33,-166.65,-0.366,0.244,1.831
18.266473054885864,0.892,1.33,-166.65,-0.427,0.244,1.831
18.27140712738037,0.892,1.33,-166.65,-0.427,0.244,1.892
18.27642798423767,0.891,1.33,-166.65,-0.427,0.244,1.892
18.281398057937622,0.89,1.329,-166.65,-0.366,0.183,1.831
18.286458015441895,0.89,1.33,-166.65,-0.366,0.244,1.892
18.29143500328064,0.889,1.33,-166.65,-0.366,0.244,1.892
18.29640483856201,0.889,1.329,-166.65,-0.366,0.183,1.892
18.301476001739502,0.889,1.33,-166.65,-0.366,0.122,1.892
18.30734610557556,0.889,1.331,-166.652,-0.488,0.183,1.892
18.311432123184204,0.891,1.332,-166.656,-0.427,0.183,1.77
18.316444158554077,0.891,1.333,-166.659,-0.427,0.183,1.892
18.321614027023315,0.893,1.334,-166.662,-0.366,0.183,1.953
18.32645606994629,0.895,1.335,-166.666,-0.366,0.183,1.831
18.331427097320557,0.897,1.335,-166.67,-0.366,0.305,1.892
18.336433172225952,0.899,1.336,-166.674,-0.366,0.244,1.892
18.341411113739014,0.9,1.336,-166.677,-0.366,0.244,1.892
18.346410989761353,0.902,1.336,-166.681,-0.366,0.244,1.892
18.35140299797058,0.903,1.337,-166.685,-0.427,0.244,1.892
18.3564510345459,0.905,1.337,-166.688,-0.427,0.244,1.831
18.36143708229065,0.906,1.337,-166.692,-0.427,0.183,1.831
18.366403102874756,0.907,1.338,-166.696,-0.427,0.183,1.831
18.371410131454468,0.909,1.338,-166.699,-0.366,0.244,1.831
18.376438856124878,0.91,1.338,-166.703,-0.366,0.305,1.831
18.38142204284668,0.912,1.338,-166.705,-0.366,0.244,1.953
18.386413097381592,0.913,1.337,-166.709,-0.366,0.244,1.892
18.391427040100098,0.914,1.337,-166.712,-0.427,0.244,1.892
18.396399974822998,0.915,1.337,-166.714,-0.427,0.244,1.892
18.401412963867188,0.916,1.337,-166.718,-0.427,0.183,1.77
18.406408071517944,0.916,1.337,-166.72,-0.427,0.244,1.77
18.411412000656128,0.916,1.337,-166.722,-0.427,0.183,1.831
18.416404962539673,0.916,1.337,-166.724,-0.366,0.244,1.831
18.421411991119385,0.917,1.337,-166.726,-0.366,0.244,1.892
18.426432847976685,0.917,1.337,-166.727,-0.366,0.244,1.892
18.431402921676636,0.917,1.337,-166.729,-0.366,0.244,1.892
18.4364070892334,0.918,1.337,-166.73,-0.366,0.244,1.892
18.4413800239563,0.917,1.337,-166.732,-0.366,0.244,1.831
18.446411848068237,0.918,1.336,-166.733,-0.366,0.244,1.892
18.451398134231567,0.917,1.336,-166.735,-0.427,0.183,1.892
18.456377029418945,0.917,1.336,-166.736,-0.427,0.244,1.831
18.46139097213745,0.917,1.336,-166.738,-0.366,0.244,1.831
18.466381072998047,0.918,1.337,-166.74,-0.366,0.183,1.831
18.471379041671753,0.918,1.337,-166.741,-0.366,0.183,1.892
18.476393222808838,0.918,1.337,-166.742,-0.366,0.183,1.831
18.481372117996216,0.918,1.338,-166.744,-0.427,0.244,1.831
18.486436128616333,0.918,1.338,-166.746,-0.427,0.244,1.77
18.491387128829956,0.918,1.337,-166.748,-0.427,0.244,1.77
18.4963960647583,0.918,1.337,-166.749,-0.366,0.244,1.892
18.501440048217773,0.918,1.337,-166.748,-0.366,0.244,1.892
18.50640106201172,0.916,1.335,-166.747,-0.366,0.244,1.892
18.51139497756958,0.914,1.335,-166.745,-0.366,0.183,1.892
18.516387939453125,0.912,1.335,-166.743,-0.366,0.183,1.892
18.521489143371582,0.91,1.334,-166.74,-0.366,0.244,1.892
18.52640414237976,0.908,1.333,-166.737,-0.366,0.244,1.892
18.53140091896057,0.907,1.333,-166.735,-0.366,0.244,1.831
18.536723852157593,0.905,1.332,-166.733,-0.366,0.244,1.831
18.5413920879364,0.903,1.331,-166.731,-0.427,0.183,1.831
18.546371936798096,0.9,1.331,-166.728,-0.427,0.183,1.892
18.5513699054718,0.898,1.33,-166.726,-0.366,0.244,1.892
18.556389093399048,0.896,1.33,-166.724,-0.366,0.305,1.892
18.56136202812195,0.894,1.329,-166.721,-0.366,0.305,1.892
18.566346883773804,0.892,1.329,-166.719,-0.366,0.244,1.892
18.571388006210327,0.89,1.328,-166.717,-0.427,0.244,1.892
18.576339960098267,0.888,1.328,-166.715,-0.427,0.244,1.953
18.581359148025513,0.886,1.327,-166.713,-0.427,0.244,1.892
18.58633804321289,0.884,1.326,-166.711,-0.427,0.244,1.892
18.591406106948853,0.882,1.326,-166.709,-0.366,0.244,1.831
18.59634804725647,0.881,1.325,-166.707,-0.366,0.244,1.831
18.60131812095642,0.879,1.324,-166.705,-0.366,0.244,1.831
18.606321096420288,0.877,1.324,-166.701,-0.366,0.244,1.892
18.61135983467102,0.875,1.323,-166.698,-0.366,0.183,1.892
18.616360187530518,0.872,1.323,-166.695,-0.427,0.183,1.892
18.621373176574707,0.87,1.323,-166.692,-0.427,0.183,1.892
18.626384973526,0.867,1.322,-166.69,-0.427,0.244,1.831
18.63135600090027,0.865,1.322,-166.687,-0.366,0.244,1.892
18.63632822036743,0.864,1.321,-166.684,-0.305,0.244,1.892
18.641345977783203,0.862,1.32,-166.681,-0.305,0.244,1.892
18.647274017333984,0.86,1.32,-166.679,-0.366,0.183,1.892
18.6513671875,0.858,1.32,-166.676,-0.427,0.183,1.892
18.656347036361694,0.856,1.32,-166.674,-0.427,0.183,1.892
18.661334991455078,0.854,1.32,-166.671,-0.427,0.183,1.892
18.666332006454468,0.852,1.32,-166.669,-0.427,0.183,1.892
18.671358108520508,0.85,1.32,-166.667,-0.366,0.183,1.831
18.67639398574829,0.849,1.32,-166.665,-0.366,0.244,1.831
18.68135118484497,0.848,1.319,-166.662,-0.366,0.244,1.892
18.686347007751465,0.847,1.318,-166.66,-0.366,0.244,1.892
18.69133687019348,0.845,1.318,-166.658,-0.427,0.244,1.892
18.696352005004883,0.843,1.317,-166.656,-0.427,0.244,1.831
18.701369047164917,0.841,1.316,-166.653,-0.427,0.244,1.892
18.706339120864868,0.838,1.315,-166.648,-0.366,0.244,1.831
18.711318969726562,0.835,1.315,-166.643,-0.366,0.244,1.892
18.716300010681152,0.833,1.315,-166.638,-0.366,0.183,1.953
18.721303939819336,0.83,1.315,-166.633,-0.366,0.183,1.892
18.726337909698486,0.828,1.315,-166.629,-0.366,0.183,1.892
18.73133683204651,0.825,1.315,-166.624,-0.366,0.183,1.892
18.736318826675415,0.823,1.315,-166.62,-0.366,0.183,1.953
18.741317987442017,0.821,1.315,-166.616,-0.366,0.183,1.892
18.74636197090149,0.819,1.314,-166.611,-0.366,0.183,1.892
18.751304864883423,0.817,1.313,-166.607,-0.366,0.244,1.892
18.75632905960083,0.815,1.313,-166.603,-0.366,0.183,1.892
18.761322021484375,0.813,1.312,-166.6,-0.366,0.183,1.831
18.76630401611328,0.811,1.312,-166.596,-0.366,0.244,1.831
18.771305799484253,0.809,1.311,-166.592,-0.366,0.244,1.831
18.77631402015686,0.807,1.311,-166.589,-0.366,0.183,1.892
18.781327962875366,0.806,1.31,-166.585,-0.366,0.244,1.892
18.786309003829956,0.804,1.31,-166.581,-0.366,0.183,1.892
18.79133105278015,0.802,1.31,-166.578,-0.366,0.183,1.892
18.79631805419922,0.801,1.31,-166.574,-0.366,0.244,1.892
18.80131196975708,0.799,1.309,-166.571,-0.366,0.183,1.892
18.806318998336792,0.798,1.309,-166.569,-0.427,0.305,1.953
18.81130313873291,0.797,1.308,-166.566,-0.427,0.244,1.953
18.81632900238037,0.796,1.308,-166.564,-0.366,0.244,1.953
18.82130718231201,0.795,1.308,-166.562,-0.366,0.244,1.831
18.826284885406494,0.795,1.308,-166.561,-0.366,0.244,1.831
18.831310033798218,0.794,1.308,-166.558,-0.305,0.244,1.953
18.8362820148468,0.794,1.307,-166.556,-0.305,0.244,1.953
18.841279983520508,0.793,1.307,-166.554,-0.366,0.244,1.953
18.84628391265869,0.793,1.307,-166.552,-0.366,0.244,1.953
18.85128688812256,0.792,1.308,-166.55,-0.427,0.244,1.953
18.856382846832275,0.791,1.308,-166.548,-0.488,0.244,1.953
18.86133122444153,0.79,1.308,-166.546,-0.427,0.244,1.892
18.866291999816895,0.79,1.308,-166.545,-0.366,0.244,1.892
18.871284008026123,0.79,1.308,-166.543,-0.366,0.244,1.831
18.876441955566406,0.789,1.308,-166.541,-0.366,0.244,1.953
18.88126516342163,0.789,1.308,-166.54,-0.305,0.244,1.953
18.886275053024292,0.788,1.308,-166.538,-0.305,0.244,1.953
18.891258001327515,0.788,1.308,-166.536,-0.305,0.244,1.831
18.896267890930176,0.788,1.307,-166.535,-0.366,0.244,1.892
18.901273012161255,0.787,1.307,-166.533,-0.366,0.244,1.831
18.9062659740448,0.786,1.307,-166.532,-0.427,0.244,1.831
18.91127586364746,0.786,1.307,-166.531,-0.427,0.244,1.831
18.916249990463257,0.785,1.306,-166.529,-0.427,0.244,1.831
18.92125415802002,0.785,1.306,-166.527,-0.305,0.244,1.953
18.92625403404236,0.785,1.306,-166.525,-0.305,0.183,1.953
18.93128204345703,0.785,1.306,-166.524,-0.305,0.183,1.892
18.9354989528656,0.785,1.306,-166.522,-0.305,0.305,1.892
18.940553903579712,0.784,1.306,-166.521,-0.427,0.305,1.892
18.945580005645752,0.783,1.305,-166.519,-0.427,0.244,1.892
18.950586080551147,0.782,1.305,-166.518,-0.488,0.244,1.892
18.955560207366943,0.782,1.304,-166.516,-0.366,0.244,1.892
18.960574865341187,0.782,1.304,-166.515,-0.366,0.244,1.892
18.965551137924194,0.782,1.304,-166.513,-0.305,0.244,1.892
18.970571041107178,0.782,1.304,-166.512,-0.305,0.244,1.892
18.975537061691284,0.782,1.304,-166.511,-0.305,0.244,1.892
18.980594158172607,0.782,1.303,-166.509,-0.366,0.244,1.892
18.985569953918457,0.781,1.303,-166.508,-0.549,0.244,1.831
18.991422176361084,0.78,1.303,-166.506,-0.549,0.244,1.953
18.99552297592163,0.779,1.303,-166.505,-0.488,0.183,1.953
19.000484943389893,0.78,1.303,-166.504,-0.366,0.244,1.831
19.005478143692017,0.78,1.303,-166.503,-0.244,0.305,1.831
19.010472059249878,0.781,1.302,-166.503,-0.244,0.305,1.831
19.015473127365112,0.782,1.302,-166.502,-0.244,0.244,1.831
19.020466089248657,0.782,1.302,-166.501,-0.366,0.244,1.892
19.025430917739868,0.782,1.302,-166.501,-0.427,0.244,1.831
19.03044605255127,0.781,1.303,-166.5,-0.488,0.244,1.892
19.03544306755066,0.78,1.303,-166.499,-0.549,0.244,1.892
19.040455102920532,0.78,1.303,-166.499,-0.488,0.244,1.831
19.04542899131775,0.78,1.304,-166.498,-0.366,0.244,1.831
19.05043911933899,0.781,1.304,-166.498,-0.244,0.244,1.831
19.055453062057495,0.782,1.303,-166.498,-0.183,0.244,1.77
19.060444116592407,0.783,1.303,-166.497,-0.244,0.244,1.892
19.06546401977539,0.783,1.304,-166.497,-0.305,0.183,1.831
19.070462942123413,0.783,1.304,-166.496,-0.427,0.183,1.831
19.07544493675232,0.782,1.305,-166.496,-0.549,0.183,1.831
19.080465078353882,0.781,1.304,-166.495,-0.549,0.183,1.831
19.085481882095337,0.781,1.304,-166.495,-0.427,0.244,1.831
19.090487957000732,0.782,1.304,-166.494,-0.305,0.244,1.892
19.09546685218811,0.782,1.304,-166.493,-0.305,0.244,1.892
19.100499868392944,0.783,1.304,-166.493,-0.305,0.244,1.831
19.10543990135193,0.784,1.304,-166.493,-0.305,0.244,1.831
19.110463857650757,0.784,1.304,-166.492,-0.427,0.244,1.831
19.115465879440308,0.784,1.304,-166.492,-0.549,0.244,1.831
19.12051796913147,0.783,1.304,-166.492,-0.549,0.305,1.831
19.125457048416138,0.783,1.304,-166.492,-0.549,0.244,1.831
19.130489110946655,0.783,1.304,-166.491,-0.366,0.244,1.831
19.135475158691406,0.784,1.304,-166.491,-0.244,0.244,1.892
19.140530109405518,0.785,1.304,-166.49,-0.244,0.244,1.892
19.145459175109863,0.786,1.304,-166.49,-0.244,0.244,1.892
19.15049695968628,0.786,1.304,-166.489,-0.366,0.244,1.892
19.155495166778564,0.785,1.304,-166.488,-0.488,0.183,1.892
19.160501956939697,0.785,1.305,-166.488,-0.488,0.183,1.892
19.165497064590454,0.785,1.305,-166.487,-0.488,0.244,1.892
19.170451164245605,0.785,1.306,-166.487,-0.366,0.244,1.892
19.175498008728027,0.786,1.305,-166.486,-0.244,0.244,1.892
19.180734872817993,0.787,1.306,-166.486,-0.244,0.183,1.953
19.185458183288574,0.788,1.306,-166.485,-0.244,0.183,1.953
19.190469980239868,0.788,1.306,-166.484,-0.366,0.244,1.892
19.195520877838135,0.788,1.306,-166.484,-0.488,0.244,1.892
19.200469970703125,0.788,1.307,-166.485,-0.488,0.244,1.892
19.205461978912354,0.789,1.307,-166.485,-0.488,0.244,1.892
19.210443019866943,0.789,1.307,-166.485,-0.488,0.244,1.892
19.21636390686035,0.791,1.308,-166.486,-0.366,0.244,1.892
19.220444202423096,0.792,1.308,-166.486,-0.305,0.244,1.892
19.225449085235596,0.793,1.308,-166.487,-0.305,0.244,1.892
19.230458974838257,0.794,1.308,-166.487,-0.305,0.244,1.892
19.2354679107666,0.794,1.307,-166.487,-0.427,0.244,1.892
19.240468978881836,0.795,1.307,-166.488,-0.427,0.244,1.831
19.2454571723938,0.795,1.307,-166.488,-0.427,0.183,1.892
19.25045895576477,0.795,1.307,-166.489,-0.427,0.244,1.892
19.25550103187561,0.796,1.307,-166.489,-0.305,0.244,1.892
19.260438919067383,0.797,1.307,-166.49,-0.305,0.244,1.831
19.265449047088623,0.798,1.308,-166.49,-0.305,0.244,1.892
19.270416975021362,0.799,1.308,-166.49,-0.305,0.244,1.892
19.27548313140869,0.8,1.308,-166.49,-0.366,0.244,1.892
19.280457973480225,0.8,1.307,-166.491,-0.427,0.305,1.892
19.285457134246826,0.8,1.307,-166.491,-0.427,0.183,1.892
19.290462970733643,0.801,1.307,-166.491,-0.427,0.183,1.892
19.29542112350464,0.802,1.307,-166.491,-0.366,0.183,1.892
19.300472021102905,0.802,1.308,-166.492,-0.366,0.244,1.831
19.305470943450928,0.803,1.308,-166.493,-0.366,0.305,1.831
19.310497999191284,0.804,1.308,-166.493,-0.366,0.183,1.831
19.315510034561157,0.804,1.308,-166.494,-0.366,0.183,1.831
19.32051181793213,0.805,1.309,-166.495,-0.427,0.183,1.892
19.325477123260498,0.805,1.309,-166.495,-0.427,0.305,1.892
19.331435918807983,0.806,1.309,-166.496,-0.366,0.244,1.892
19.33545207977295,0.807,1.309,-166.496,-0.366,0.183,1.892
19.34045100212097,0.808,1.309,-166.496,-0.366,0.305,1.953
19.345489025115967,0.808,1.309,-166.496,-0.366,0.305,1.953
19.350449085235596,0.809,1.308,-166.497,-0.366,0.305,1.892
19.355483055114746,0.81,1.308,-166.497,-0.366,0.183,1.831
19.36048197746277,0.81,1.308,-166.498,-0.366,0.183,1.831
19.36547088623047,0.811,1.308,-166.498,-0.366,0.244,1.831
19.370511054992676,0.812,1.308,-166.499,-0.366,0.244,1.831
19.375672101974487,0.812,1.309,-166.5,-0.366,0.244,1.831
19.380494117736816,0.813,1.31,-166.5,-0.366,0.183,1.892
19.385442972183228,0.813,1.311,-166.5,-0.366,0.183,1.892
19.390472173690796,0.814,1.311,-166.5,-0.305,0.183,1.892
19.39547109603882,0.815,1.312,-166.501,-0.427,0.183,1.892
19.400474071502686,0.815,1.313,-166.501,-0.427,0.244,1.892
19.40544605255127,0.815,1.313,-166.501,-0.427,0.183,1.892
19.410501956939697,0.815,1.314,-166.501,-0.427,0.183,1.892
19.41547703742981,0.815,1.313,-166.501,-0.427,0.305,1.892
19.420411109924316,0.815,1.313,-166.5,-0.427,0.305,1.892
19.42548179626465,0.815,1.313,-166.5,-0.366,0.183,1.892
19.430541038513184,0.815,1.313,-166.5,-0.366,0.183,1.953
19.435456037521362,0.815,1.313,-166.499,-0.305,0.244,1.953
19.440467834472656,0.815,1.313,-166.499,-0.366,0.305,1.892
19.44564390182495,0.815,1.313,-166.498,-0.427,0.305,1.892
19.45047688484192,0.815,1.314,-166.498,-0.427,0.183,1.892
19.455451011657715,0.815,1.314,-166.498,-0.427,0.183,1.892
19.460450887680054,0.815,1.314,-166.498,-0.366,0.183,1.892
19.465479135513306,0.816,1.313,-166.497,-0.366,0.305,1.892
19.470478057861328,0.816,1.313,-166.497,-0.305,0.244,1.892
19.475491046905518,0.817,1.313,-166.497,-0.305,0.183,1.892
19.480573177337646,0.818,1.313,-166.497,-0.305,0.244,1.892
19.48561191558838,0.818,1.313,-166.497,-0.366,0.244,1.892
19.490413904190063,0.818,1.313,-166.496,-0.488,0.122,1.892
19.49546504020691,0.817,1.314,-166.496,-0.488,0.122,1.892
19.500493049621582,0.817,1.314,-166.496,-0.488,0.122,1.892
19.50550389289856,0.817,1.315,-166.496,-0.488,0.183,1.892
19.51056981086731,0.818,1.315,-166.495,-0.366,0.244,1.892
19.51556897163391,0.819,1.315,-166.496,-0.305,0.244,1.831
19.520566940307617,0.819,1.315,-166.496,-0.305,0.244,1.831
19.525453090667725,0.82,1.315,-166.495,-0.305,0.244,1.953
19.53069305419922,0.82,1.315,-166.495,-0.366,0.244,1.953
19.53558897972107,0.82,1.314,-166.495,-0.427,0.244,1.831
19.540467023849487,0.819,1.314,-166.495,-0.549,0.244,1.831
19.54544997215271,0.819,1.313,-166.495,-0.488,0.244,1.831
19.550425052642822,0.819,1.313,-166.495,-0.366,0.244,1.892
19.5554621219635,0.82,1.313,-166.494,-0.305,0.183,1.892
19.56049084663391,0.82,1.313,-166.494,-0.305,0.183,1.892
19.565394163131714,0.821,1.313,-166.494,-0.305,0.183,1.831
19.57039189338684,0.821,1.313,-166.494,-0.366,0.244,1.831
19.575399160385132,0.821,1.313,-166.494,-0.366,0.244,1.831
19.5803701877594,0.82,1.313,-166.494,-0.427,0.244,1.831
19.585450887680054,0.82,1.312,-166.494,-0.427,0.244,1.892
19.5904438495636,0.82,1.312,-166.494,-0.427,0.244,1.892
19.595403909683228,0.82,1.312,-166.494,-0.366,0.183,1.892
19.600367069244385,0.82,1.312,-166.493,-0.366,0.244,1.892
19.605387926101685,0.819,1.312,-166.493,-0.366,0.244,1.892
19.610368013381958,0.819,1.312,-166.493,-0.366,0.244,1.892
19.6153781414032,0.82,1.312,-166.493,-0.366,0.244,1.892
19.620357990264893,0.82,1.311,-166.492,-0.366,0.244,1.953
19.625384092330933,0.82,1.311,-166.492,-0.427,0.244,1.892
19.630386114120483,0.82,1.311,-166.492,-0.427,0.244,1.831
19.63537096977234,0.82,1.311,-166.492,-0.427,0.305,1.831
19.640403985977173,0.82,1.311,-166.492,-0.427,0.305,1.953
19.645387887954712,0.82,1.312,-166.491,-0.366,0.244,1.953
19.650434970855713,0.82,1.312,-166.491,-0.366,0.244,1.953
19.655367136001587,0.82,1.311,-166.491,-0.366,0.244,1.892
19.660370111465454,0.82,1.311,-166.491,-0.427,0.244,1.892
19.665344953536987,0.82,1.311,-166.49,-0.366,0.244,1.892
19.67131996154785,0.82,1.311,-166.49,-0.427,0.244,1.831
19.675384998321533,0.82,1.31,-166.491,-0.427,0.244,1.831
19.680376052856445,0.82,1.311,-166.491,-0.366,0.244,1.831
19.685420036315918,0.82,1.31,-166.491,-0.366,0.183,1.831
19.690356969833374,0.82,1.31,-166.491,-0.366,0.183,1.831
19.695414066314697,0.819,1.309,-166.49,-0.366,0.244,1.831
19.700391054153442,0.817,1.309,-166.488,-0.427,0.244,1.892
19.70539093017578,0.816,1.308,-166.486,-0.427,0.244,1.831
19.71034598350525,0.814,1.308,-166.483,-0.366,0.305,1.831
19.715379238128662,0.813,1.307,-166.479,-0.366,0.305,1.892
19.720379114151,0.81,1.307,-166.476,-0.366,0.183,1.892
19.72534489631653,0.809,1.307,-166.473,-0.366,0.183,1.892
19.730345964431763,0.807,1.307,-166.47,-0.366,0.183,1.892
19.735388040542603,0.805,1.307,-166.467,-0.427,0.183,1.892
19.740368127822876,0.804,1.307,-166.465,-0.366,0.244,1.831
19.745365858078003,0.802,1.307,-166.462,-0.366,0.244,1.831
19.75036096572876,0.801,1.307,-166.459,-0.366,0.244,1.892
19.755362033843994,0.8,1.307,-166.457,-0.366,0.244,1.892
19.760370016098022,0.799,1.307,-166.454,-0.305,0.183,1.892
19.76534914970398,0.798,1.305,-166.451,-0.305,0.244,1.892
19.770344018936157,0.796,1.305,-166.448,-0.488,0.244,1.953
19.775327920913696,0.794,1.304,-166.445,-0.488,0.122,1.953
19.780360221862793,0.793,1.304,-166.443,-0.366,0.183,1.892
19.785404205322266,0.793,1.304,-166.441,-0.366,0.244,1.892
19.79035520553589,0.792,1.304,-166.438,-0.305,0.183,1.892
19.795423984527588,0.792,1.304,-166.436,-0.305,0.183,1.892
19.800379991531372,0.791,1.303,-166.434,-0.305,0.183,1.892
19.8053240776062,0.79,1.302,-166.431,-0.366,0.183,1.892
19.810359001159668,0.789,1.303,-166.429,-0.427,0.183,1.892
19.815372943878174,0.788,1.303,-166.427,-0.427,0.183,1.892
19.820335149765015,0.787,1.303,-166.425,-0.427,0.183,1.892
19.825329065322876,0.786,1.304,-166.423,-0.427,0.183,1.892
19.830316066741943,0.786,1.303,-166.421,-0.366,0.244,1.892
19.835366010665894,0.785,1.303,-166.419,-0.305,0.244,1.892
19.840367078781128,0.785,1.303,-166.417,-0.305,0.244,1.892
19.8453369140625,0.784,1.302,-166.415,-0.366,0.244,1.892
19.850330114364624,0.784,1.302,-166.413,-0.366,0.244,1.892
19.85534405708313,0.783,1.301,-166.411,-0.427,0.244,1.892
19.860366106033325,0.782,1.301,-166.409,-0.427,0.305,1.892
19.865365982055664,0.781,1.301,-166.407,-0.427,0.183,1.892
19.87034010887146,0.781,1.301,-166.406,-0.305,0.183,1.77
19.875324010849,0.781,1.3,-166.404,-0.305,0.183,1.892
19.88033699989319,0.781,1.3,-166.402,-0.305,0.244,1.892
19.885324001312256,0.78,1.3,-166.4,-0.305,0.244,1.953
19.890350103378296,0.78,1.3,-166.398,-0.305,0.244,1.953
19.8953378200531,0.779,1.299,-166.396,-0.427,0.244,1.892
19.900437831878662,0.777,1.299,-166.392,-0.427,0.244,1.892
19.90532112121582,0.775,1.299,-166.388,-0.427,0.244,1.892
19.910319089889526,0.773,1.298,-166.384,-0.427,0.244,1.892
19.915326833724976,0.772,1.298,-166.38,-0.305,0.183,1.892
19.920313119888306,0.772,1.298,-166.377,-0.183,0.183,1.892
19.925334930419922,0.771,1.298,-166.373,-0.183,0.183,1.831
19.9303138256073,0.769,1.298,-166.37,-0.427,0.183,1.892
19.93531584739685,0.767,1.297,-166.367,-0.488,0.183,1.831
19.94031310081482,0.765,1.297,-166.364,-0.488,0.183,1.831
19.94532799720764,0.764,1.297,-166.361,-0.427,0.244,1.831
19.95034909248352,0.762,1.297,-166.357,-0.427,0.244,1.892
19.955392837524414,0.761,1.298,-166.354,-0.366,0.244,1.892
19.960304021835327,0.76,1.297,-166.351,-0.305,0.244,1.892
19.965315103530884,0.76,1.297,-166.348,-0.244,0.183,1.892
19.97029399871826,0.759,1.297,-166.345,-0.305,0.366,1.892
19.975404024124146,0.758,1.297,-166.342,-0.366,0.305,1.831
19.980299949645996,0.757,1.297,-166.339,-0.366,0.183,1.831
19.985374212265015,0.755,1.297,-166.336,-0.488,0.183,1.892
19.99029302597046,0.754,1.297,-166.334,-0.427,0.183,1.892
19.995311975479126,0.753,1.297,-166.331,-0.427,0.244,1.892
20.000298976898193,0.752,1.296,-166.329,-0.427,0.244,1.831
20.00526785850525,0.751,1.296,-166.327,-0.366,0.244,1.831
20.010283946990967,0.751,1.296,-166.324,-0.244,0.183,1.953
20.015445947647095,0.751,1.295,-166.322,-0.244,0.244,1.953
20.020286798477173,0.751,1.295,-166.319,-0.366,0.305,1.892
20.025285959243774,0.75,1.295,-166.317,-0.427,0.244,1.831
20.030298948287964,0.749,1.294,-166.315,-0.427,0.183,1.831
20.035264015197754,0.749,1.294,-166.314,-0.427,0.183,1.831
20.040257930755615,0.748,1.294,-166.312,-0.427,0.244,1.831
20.04529309272766,0.747,1.294,-166.309,-0.427,0.244,1.953
20.05026388168335,0.747,1.294,-166.307,-0.366,0.244,1.892
20.055305004119873,0.747,1.294,-166.305,-0.244,0.244,1.892
20.060280084609985,0.748,1.294,-166.303,-0.244,0.244,1.892
20.065305948257446,0.747,1.294,-166.302,-0.366,0.244,1.831
20.070291996002197,0.747,1.294,-166.3,-0.366,0.183,1.831
20.075271129608154,0.746,1.294,-166.298,-0.488,0.183,1.831
20.080256938934326,0.745,1.294,-166.297,-0.488,0.183,1.831
20.08528208732605,0.745,1.294,-166.295,-0.427,0.183,1.831
20.09031105041504,0.745,1.294,-166.294,-0.366,0.244,1.831
20.095244884490967,0.746,1.294,-166.292,-0.244,0.183,1.892
20.099514961242676,0.747,1.294,-166.291,-0.183,0.183,1.892
20.104553937911987,0.747,1.294,-166.29,-0.244,0.183,1.831
20.10954523086548,0.747,1.293,-166.289,-0.427,0.305,1.831
20.11449694633484,0.746,1.293,-166.288,-0.549,0.244,1.831
20.119579076766968,0.745,1.292,-166.288,-0.549,0.244,1.831
20.125314950942993,0.745,1.293,-166.287,-0.488,0.183,1.831
20.129521131515503,0.745,1.292,-166.286,-0.427,0.244,1.831
20.134621143341064,0.746,1.292,-166.285,-0.183,0.244,1.892
20.139606952667236,0.747,1.292,-166.284,-0.122,0.244,1.892
20.144563913345337,0.748,1.293,-166.283,-0.183,0.183,1.892
20.14951801300049,0.749,1.293,-166.282,-0.305,0.183,1.892
20.154567003250122,0.749,1.292,-166.281,-0.488,0.244,1.892
20.159523010253906,0.748,1.292,-166.28,-0.671,0.244,1.831
20.164597034454346,0.746,1.291,-166.279,-0.671,0.244,1.831
20.1695499420166,0.746,1.291,-166.279,-0.488,0.244,1.831
20.174520015716553,0.747,1.291,-166.277,-0.244,0.244,1.953
20.17955183982849,0.749,1.291,-166.276,-0.122,0.305,1.953
20.18458890914917,0.751,1.291,-166.275,-0.122,0.305,1.953
20.189518928527832,0.752,1.291,-166.274,-0.183,0.183,1.953
20.194546222686768,0.753,1.292,-166.274,-0.427,0.183,1.892
20.199504137039185,0.753,1.292,-166.275,-0.671,0.244,1.831
20.20451593399048,0.754,1.292,-166.277,-0.671,0.244,1.77
20.209558963775635,0.754,1.292,-166.278,-0.549,0.244,1.831
20.214603900909424,0.755,1.292,-166.279,-0.305,0.244,1.831
20.21950888633728,0.757,1.292,-166.28,-0.244,0.244,1.892
20.224562168121338,0.759,1.292,-166.281,-0.183,0.305,1.892
20.229444980621338,0.761,1.292,-166.281,-0.244,0.244,1.892
20.234540939331055,0.761,1.292,-166.282,-0.366,0.122,1.831
20.240396976470947,0.762,1.292,-166.284,-0.549,0.183,1.77
20.24478006362915,0.763,1.293,-166.285,-0.549,0.183,1.77
20.249633073806763,0.763,1.293,-166.286,-0.549,0.183,1.831
20.254539012908936,0.764,1.292,-166.286,-0.427,0.244,1.892
20.259539127349854,0.766,1.292,-166.287,-0.305,0.244,1.892
20.264554977416992,0.768,1.292,-166.287,-0.183,0.305,1.892
20.26953411102295,0.77,1.292,-166.289,-0.183,0.305,1.77
20.274590969085693,0.771,1.292,-166.289,-0.244,0.183,1.831
20.279556035995483,0.771,1.293,-166.29,-0.488,0.183,1.831
20.28449296951294,0.77,1.293,-166.291,-0.671,0.244,1.892
20.289477109909058,0.769,1.293,-166.291,-0.671,0.244,1.831
20.294553995132446,0.771,1.293,-166.294,-0.488,0.183,1.831
20.299525022506714,0.773,1.294,-166.297,-0.366,0.183,1.831
20.304548978805542,0.777,1.295,-166.299,-0.183,0.183,2.014
20.309470891952515,0.781,1.296,-166.303,-0.122,0.183,1.953
20.314470052719116,0.785,1.296,-166.307,-0.183,0.244,1.953
20.319504976272583,0.787,1.296,-166.311,-0.427,0.244,1.831
20.32449197769165,0.789,1.296,-166.315,-0.61,0.244,1.831
20.329545974731445,0.791,1.296,-166.319,-0.61,0.183,1.831
20.33447289466858,0.794,1.297,-166.323,-0.488,0.244,1.831
20.339516162872314,0.797,1.297,-166.327,-0.366,0.244,1.831
20.34444522857666,0.8,1.297,-166.331,-0.183,0.244,1.892
20.349495887756348,0.804,1.298,-166.334,-0.122,0.244,1.953
20.355414867401123,0.807,1.299,-166.337,-0.244,0.183,1.953
20.35945415496826,0.808,1.3,-166.34,-0.427,0.183,1.953
20.36444091796875,0.809,1.3,-166.344,-0.61,0.183,1.831
20.369476079940796,0.81,1.301,-166.347,-0.61,0.183,1.831
20.37446403503418,0.811,1.302,-166.351,-0.61,0.183,1.831
20.37943387031555,0.813,1.302,-166.354,-0.427,0.183,1.831
20.384489059448242,0.815,1.303,-166.357,-0.183,0.244,1.953
20.389514923095703,0.819,1.304,-166.36,-0.061,0.244,1.953
20.394493103027344,0.821,1.305,-166.362,-0.183,0.183,1.953
20.399443864822388,0.822,1.306,-166.364,-0.427,0.183,1.892
20.40444302558899,0.821,1.306,-166.366,-0.671,0.183,1.831
20.409502029418945,0.821,1.307,-166.367,-0.671,0.244,1.831
20.41446805000305,0.822,1.307,-166.369,-0.61,0.183,1.831
20.419497966766357,0.822,1.308,-166.371,-0.488,0.183,1.831
20.424481868743896,0.824,1.308,-166.372,-0.244,0.183,1.892
20.429476976394653,0.827,1.309,-166.373,-0.061,0.183,1.953
20.434451818466187,0.831,1.309,-166.374,-0.061,0.183,1.892
20.4395170211792,0.833,1.309,-166.375,-0.244,0.244,1.892
20.444504976272583,0.834,1.309,-166.377,-0.488,0.122,1.77
20.449458122253418,0.834,1.31,-166.379,-0.671,0.122,1.77
20.454472064971924,0.834,1.31,-166.381,-0.671,0.183,1.77
20.459538221359253,0.836,1.31,-166.382,-0.549,0.183,1.831
20.464465141296387,0.837,1.31,-166.383,-0.427,0.244,1.831
20.469538927078247,0.839,1.311,-166.384,-0.183,0.244,1.953
20.474442958831787,0.841,1.311,-166.385,-0.122,0.244,1.953
20.47949194908142,0.842,1.312,-166.385,-0.122,0.244,1.953
20.48447608947754,0.842,1.312,-166.386,-0.366,0.244,1.892
20.489479064941406,0.842,1.312,-166.387,-0.61,0.183,1.892
20.494503021240234,0.841,1.312,-166.388,-0.732,0.183,1.831
20.499467849731445,0.841,1.311,-166.389,-0.61,0.305,1.831
20.504444122314453,0.842,1.311,-166.39,-0.366,0.305,1.831
20.509498119354248,0.845,1.311,-166.391,-0.244,0.244,1.892
20.51467204093933,0.847,1.311,-166.391,-0.122,0.244,1.892
20.519536018371582,0.849,1.312,-166.391,-0.122,0.244,1.892
20.52443504333496,0.849,1.312,-166.392,-0.305,0.244,1.892
20.52948021888733,0.85,1.312,-166.392,-0.427,0.183,1.892
20.53448486328125,0.849,1.312,-166.393,-0.671,0.183,1.77
20.539535999298096,0.848,1.312,-166.394,-0.61,0.183,1.831
20.54449987411499,0.848,1.311,-166.394,-0.549,0.183,1.892
20.549453020095825,0.848,1.311,-166.395,-0.366,0.305,1.831
20.554473876953125,0.85,1.312,-166.396,-0.183,0.183,1.831
20.559444904327393,0.852,1.313,-166.396,-0.183,0.183,1.892
20.56446409225464,0.854,1.313,-166.396,-0.183,0.183,1.892
20.56946611404419,0.854,1.313,-166.397,-0.427,0.244,1.831
20.574463844299316,0.853,1.313,-166.397,-0.549,0.244,1.892
20.58032202720642,0.853,1.313,-166.398,-0.549,0.244,1.831
20.58443307876587,0.852,1.313,-166.398,-0.488,0.183,1.831
20.58937096595764,0.852,1.313,-166.399,-0.305,0.244,1.892
20.59437108039856,0.853,1.313,-166.398,-0.183,0.244,1.892
20.59943389892578,0.853,1.313,-166.397,-0.183,0.244,1.892
20.604429960250854,0.853,1.313,-166.396,-0.183,0.244,1.892
20.609437227249146,0.852,1.312,-166.395,-0.366,0.244,1.831
20.614413022994995,0.851,1.312,-166.394,-0.427,0.244,1.831
20.619450092315674,0.849,1.312,-166.394,-0.61,0.244,1.77
20.624425172805786,0.847,1.312,-166.393,-0.61,0.244,1.831
20.629438877105713,0.847,1.312,-166.393,-0.427,0.183,1.831
20.63444709777832,0.847,1.313,-166.392,-0.366,0.183,1.831
20.639446020126343,0.847,1.312,-166.391,-0.244,0.305,1.892
20.64440393447876,0.847,1.312,-166.391,-0.305,0.305,1.892
20.64937996864319,0.847,1.311,-166.389,-0.366,0.244,1.953
20.654408931732178,0.846,1.311,-166.389,-0.366,0.244,1.831
20.659454822540283,0.845,1.31,-166.388,-0.427,0.244,1.831
20.664406061172485,0.845,1.31,-166.388,-0.427,0.244,1.831
20.669424057006836,0.844,1.31,-166.387,-0.427,0.244,1.892
20.674387216567993,0.844,1.31,-166.386,-0.305,0.122,1.892
20.679383993148804,0.844,1.31,-166.386,-0.305,0.244,1.892
20.684376001358032,0.843,1.31,-166.385,-0.305,0.244,1.892
20.68943190574646,0.843,1.309,-166.384,-0.427,0.244,1.892
20.695374011993408,0.842,1.309,-166.383,-0.427,0.244,1.892
20.69938611984253,0.841,1.308,-166.382,-0.488,0.244,1.892
20.704385995864868,0.84,1.308,-166.381,-0.427,0.305,1.831
20.70942711830139,0.839,1.308,-166.38,-0.366,0.183,1.831
20.71438503265381,0.838,1.308,-166.378,-0.305,0.183,1.831
20.719372034072876,0.838,1.308,-166.377,-0.305,0.183,1.892
20.724416971206665,0.837,1.308,-166.375,-0.305,0.183,1.953
20.72939896583557,0.837,1.308,-166.374,-0.366,0.244,1.892
20.73439884185791,0.835,1.308,-166.373,-0.488,0.244,1.831
20.739380836486816,0.834,1.307,-166.372,-0.488,0.183,1.831
20.744431018829346,0.833,1.307,-166.37,-0.427,0.183,1.892
20.749409914016724,0.833,1.307,-166.369,-0.366,0.183,1.831
20.754369974136353,0.832,1.307,-166.368,-0.366,0.244,1.831
20.759373903274536,0.831,1.307,-166.367,-0.427,0.244,1.892
20.764375925064087,0.831,1.307,-166.365,-0.366,0.244,2.014
20.769397020339966,0.831,1.307,-166.364,-0.488,0.244,1.892
20.77437996864319,0.831,1.306,-166.363,-0.488,0.244,1.892
20.779396057128906,0.832,1.306,-166.361,-0.305,0.244,1.892
20.78442907333374,0.833,1.306,-166.36,-0.244,0.183,1.892
20.789371013641357,0.833,1.305,-166.359,-0.061,0.244,1.892
20.794403076171875,0.833,1.305,-166.357,-0.061,0.244,1.892
20.799423933029175,0.833,1.305,-166.356,-0.183,0.244,1.892
20.80436611175537,0.832,1.306,-166.354,-0.366,0.183,1.892
20.809419870376587,0.83,1.307,-166.352,-0.61,0.183,1.831
20.8143949508667,0.827,1.307,-166.35,-0.854,0.183,1.831
20.81935715675354,0.825,1.306,-166.349,-0.854,0.244,1.831
20.82437491416931,0.824,1.305,-166.347,-0.671,0.244,1.831
20.829349040985107,0.825,1.305,-166.345,-0.305,0.305,1.892
20.83436107635498,0.828,1.304,-166.343,-0.0,0.305,1.953
20.839358806610107,0.83,1.304,-166.34,0.183,0.305,2.014
20.84433913230896,0.831,1.304,-166.338,0.061,0.305,2.014
20.849376916885376,0.83,1.305,-166.336,-0.244,0.183,1.953
20.854378938674927,0.827,1.305,-166.335,-0.671,0.183,1.77
20.859373092651367,0.823,1.305,-166.333,-0.916,0.183,1.77
20.864339113235474,0.82,1.305,-166.332,-0.916,0.183,1.831
20.86932897567749,0.82,1.305,-166.331,-0.61,0.183,1.831
20.874366998672485,0.82,1.305,-166.328,-0.244,0.244,2.014
20.879311084747314,0.822,1.305,-166.326,-0.0,0.244,2.014
20.88432812690735,0.823,1.305,-166.324,0.061,0.305,2.014
20.889343976974487,0.825,1.305,-166.322,-0.0,0.305,1.892
20.894340991973877,0.824,1.305,-166.321,-0.366,0.183,1.892
20.899325132369995,0.822,1.305,-166.32,-0.732,0.183,1.77
20.90434193611145,0.819,1.305,-166.319,-0.916,0.183,1.709
20.90934109687805,0.817,1.305,-166.318,-0.793,0.244,1.77
20.914326906204224,0.818,1.305,-166.317,-0.427,0.244,1.831
20.919356107711792,0.82,1.305,-166.316,-0.0,0.244,1.892
20.92443299293518,0.823,1.305,-166.314,0.183,0.244,2.014
20.92936110496521,0.825,1.304,-166.312,0.122,0.305,2.014
20.934329986572266,0.826,1.304,-166.31,-0.183,0.244,1.953
20.939356088638306,0.825,1.305,-166.309,-0.61,0.183,1.831
20.944358110427856,0.822,1.306,-166.308,-0.916,0.183,1.831
20.949320793151855,0.82,1.306,-166.307,-0.977,0.183,1.831
20.954342126846313,0.82,1.307,-166.306,-0.732,0.183,1.77
20.959351062774658,0.822,1.306,-166.305,-0.244,0.183,1.892
20.96432089805603,0.826,1.305,-166.303,-0.0,0.305,2.014
20.96934223175049,0.829,1.305,-166.301,0.183,0.305,2.014
20.97435688972473,0.83,1.304,-166.299,0.183,0.305,2.075
20.97930908203125,0.83,1.305,-166.298,-0.061,0.244,1.892
20.98429298400879,0.827,1.305,-166.297,-0.488,0.244,1.831
20.989307165145874,0.823,1.305,-166.296,-0.854,0.183,1.77
20.99429488182068,0.82,1.305,-166.295,-1.038,0.183,1.831
20.99934196472168,0.819,1.306,-166.294,-0.793,0.183,1.831
21.004334926605225,0.82,1.305,-166.293,-0.488,0.244,1.831
21.00934910774231,0.823,1.305,-166.292,-0.061,0.244,1.892
21.014317989349365,0.828,1.304,-166.291,0.122,0.244,1.953
21.019283056259155,0.831,1.304,-166.29,0.061,0.244,1.892
21.024296045303345,0.832,1.304,-166.289,-0.122,0.244,1.892
21.029311895370483,0.832,1.304,-166.288,-0.366,0.244,1.831
21.034317016601562,0.83,1.305,-166.287,-0.671,0.244,1.831
21.039427995681763,0.828,1.307,-166.286,-0.854,0.061,1.831
21.044281005859375,0.827,1.308,-166.286,-0.732,0.183,1.77
21.04934287071228,0.826,1.308,-166.285,-0.671,0.244,1.77
21.05435585975647,0.827,1.308,-166.285,-0.427,0.244,1.831
21.059291124343872,0.83,1.308,-166.283,-0.183,0.183,1.953
21.06433391571045,0.832,1.307,-166.282,-0.122,0.244,1.953
21.069310903549194,0.834,1.307,-166.281,-0.122,0.305,1.953
21.074300050735474,0.834,1.306,-166.279,-0.244,0.305,1.953
21.079327821731567,0.833,1.306,-166.278,-0.305,0.244,1.892
21.084336042404175,0.832,1.305,-166.277,-0.549,0.244,1.892
21.08929204940796,0.83,1.305,-166.276,-0.61,0.244,1.831
21.09434700012207,0.828,1.303,-166.275,-0.61,0.244,1.831
21.099288940429688,0.828,1.303,-166.273,-0.366,0.244,1.892
21.104329824447632,0.829,1.303,-166.272,-0.305,0.244,1.892
21.109311819076538,0.829,1.303,-166.27,-0.305,0.244,1.892
21.114282846450806,0.829,1.303,-166.269,-0.244,0.244,1.892
21.11933994293213,0.828,1.304,-166.267,-0.305,0.183,1.892
21.124300003051758,0.828,1.305,-166.266,-0.427,0.183,1.831
21.12930202484131,0.826,1.305,-166.265,-0.549,0.244,1.831
21.134302854537964,0.825,1.305,-166.264,-0.549,0.244,1.831
21.13930583000183,0.823,1.305,-166.262,-0.488,0.183,1.892
21.14426898956299,0.823,1.305,-166.261,-0.305,0.183,1.892
21.14931297302246,0.823,1.304,-166.259,-0.183,0.244,1.953
21.154312133789062,0.824,1.304,-166.258,-0.183,0.305,1.953
21.15928602218628,0.824,1.304,-166.256,-0.183,0.244,1.892
21.16429615020752,0.822,1.303,-166.255,-0.366,0.244,1.892
21.16934609413147,0.82,1.304,-166.254,-0.488,0.183,1.892
21.174333095550537,0.819,1.304,-166.253,-0.61,0.244,1.831
21.17930507659912,0.817,1.305,-166.252,-0.671,0.305,1.831
21.184314966201782,0.817,1.306,-166.251,-0.549,0.183,1.831
21.1892671585083,0.818,1.307,-166.251,-0.366,0.183,1.892
21.194283962249756,0.821,1.307,-166.253,-0.183,0.183,1.892
21.199257135391235,0.825,1.308,-166.254,-0.122,0.305,1.892
21.204296112060547,0.828,1.308,-166.256,-0.122,0.305,1.892
21.20927405357361,0.831,1.308,-166.256,-0.122,0.183,2.014
21.214311122894287,0.832,1.309,-166.258,-0.244,0.183,1.892
21.219271183013916,0.833,1.309,-166.259,-0.366,0.244,1.892
21.224261045455933,0.834,1.31,-166.26,-0.61,0.244,1.892
21.2292640209198,0.834,1.31,-166.262,-0.61,0.122,1.831
21.234268188476562,0.834,1.311,-166.263,-0.61,0.122,1.831
21.239273071289062,0.836,1.31,-166.265,-0.488,0.183,1.831
21.244286060333252,0.838,1.31,-166.265,-0.366,0.305,1.953
21.249311923980713,0.84,1.311,-166.266,-0.183,0.244,1.953
21.25358510017395,0.843,1.311,-166.267,-0.0,0.183,1.953
21.2593891620636,0.845,1.312,-166.268,-0.183,0.183,1.892
21.265732049942017,0.845,1.312,-166.269,-0.366,0.305,1.892
21.269412994384766,0.845,1.313,-166.27,-0.488,0.244,1.892
21.273525953292847,0.844,1.314,-166.271,-0.671,0.122,1.892
21.2784481048584,0.844,1.315,-166.272,-0.549,0.122,1.892
21.28343391418457,0.845,1.316,-166.273,-0.488,0.183,1.892
21.288408994674683,0.849,1.316,-166.275,-0.305,0.305,1.892
21.293503999710083,0.852,1.317,-166.278,-0.183,0.183,1.892
21.29841184616089,0.856,1.318,-166.281,-0.061,0.183,1.892
21.303436994552612,0.858,1.318,-166.284,-0.244,0.244,1.831
21.308480978012085,0.859,1.319,-166.287,-0.488,0.244,1.831
21.313431978225708,0.86,1.32,-166.29,-0.732,0.183,1.77
21.318419933319092,0.86,1.32,-166.293,-0.732,0.183,1.77
21.323433876037598,0.862,1.32,-166.295,-0.488,0.183,1.892
21.328445196151733,0.865,1.321,-166.297,-0.244,0.305,1.892
21.33347511291504,0.868,1.321,-166.3,-0.0,0.305,1.892
21.33845281600952,0.871,1.322,-166.302,-0.0,0.305,1.892
21.343432188034058,0.873,1.322,-166.304,-0.183,0.244,1.892
21.3484787940979,0.872,1.322,-166.306,-0.549,0.244,1.831
21.35345983505249,0.871,1.323,-166.309,-0.732,0.244,1.831
21.35844397544861,0.871,1.322,-166.311,-0.854,0.244,1.831
21.36342215538025,0.872,1.323,-166.314,-0.671,0.122,1.77
21.368455171585083,0.874,1.323,-166.316,-0.305,0.183,1.831
21.373433113098145,0.877,1.324,-166.318,-0.061,0.244,1.892
21.379426956176758,0.881,1.324,-166.319,-0.0,0.305,1.953
21.38342595100403,0.885,1.324,-166.321,-0.0,0.305,2.014
21.388438940048218,0.888,1.325,-166.322,-0.122,0.122,1.892
21.393462896347046,0.888,1.326,-166.325,-0.488,0.183,1.831
21.398471117019653,0.888,1.327,-166.327,-0.732,0.183,1.831
21.403509855270386,0.887,1.328,-166.33,-0.916,0.183,1.709
21.408499240875244,0.888,1.328,-166.333,-0.671,0.183,1.77
21.41349506378174,0.89,1.329,-166.335,-0.305,0.244,1.831
21.418492078781128,0.894,1.329,-166.337,-0.0,0.244,1.953
21.423435926437378,0.897,1.329,-166.339,-0.0,0.244,1.953
21.428457975387573,0.899,1.329,-166.341,-0.122,0.244,1.953
21.433502197265625,0.899,1.33,-166.343,-0.427,0.183,1.831
21.43846297264099,0.898,1.33,-166.345,-0.793,0.183,1.831
21.443482160568237,0.897,1.331,-166.347,-0.793,0.244,1.831
21.448477029800415,0.897,1.33,-166.35,-0.671,0.244,1.831
21.453531980514526,0.9,1.331,-166.351,-0.244,0.183,1.892
21.458516836166382,0.903,1.332,-166.353,-0.0,0.183,2.014
21.46344804763794,0.906,1.333,-166.354,0.061,0.244,2.014
21.468446969985962,0.908,1.334,-166.355,-0.0,0.366,2.014
21.473567962646484,0.908,1.335,-166.356,-0.366,0.183,1.892
21.478477954864502,0.907,1.336,-166.358,-0.793,0.061,1.892
21.483463048934937,0.905,1.337,-166.36,-0.977,0.122,1.831
21.48855209350586,0.905,1.337,-166.362,-0.793,0.244,1.831
21.493497133255005,0.906,1.337,-166.364,-0.549,0.244,1.831
21.498473167419434,0.909,1.337,-166.365,-0.061,0.244,1.892
21.50351881980896,0.913,1.337,-166.366,0.183,0.244,1.953
21.50848889350891,0.916,1.337,-166.367,0.122,0.305,1.953
21.513487100601196,0.918,1.338,-166.368,-0.061,0.244,1.892
21.518473863601685,0.917,1.338,-166.369,-0.549,0.183,1.892
21.52349615097046,0.914,1.338,-166.37,-0.793,0.183,1.831
21.528446197509766,0.912,1.338,-166.372,-0.854,0.183,1.831
21.533546924591064,0.912,1.338,-166.373,-0.732,0.244,1.831
21.538438081741333,0.913,1.338,-166.374,-0.427,0.244,1.892
21.543485164642334,0.916,1.338,-166.375,-0.122,0.183,1.892
21.548424005508423,0.918,1.338,-166.376,-0.0,0.183,1.892
21.55346393585205,0.92,1.338,-166.377,-0.122,0.244,1.892
21.558568239212036,0.92,1.338,-166.378,-0.305,0.183,1.892
21.56341004371643,0.92,1.339,-166.379,-0.549,0.183,1.892
21.56841802597046,0.919,1.339,-166.381,-0.671,0.183,1.709
21.573407888412476,0.918,1.339,-166.382,-0.671,0.244,1.831
21.578441858291626,0.919,1.338,-166.383,-0.488,0.244,1.831
21.58348298072815,0.919,1.338,-166.384,-0.244,0.244,1.892
21.58843207359314,0.921,1.337,-166.385,-0.0,0.244,1.953
21.593411922454834,0.923,1.337,-166.386,-0.061,0.183,1.953
21.59845495223999,0.923,1.337,-166.388,-0.305,0.183,1.892
21.604315996170044,0.922,1.337,-166.39,-0.549,0.244,1.831
21.608439922332764,0.921,1.336,-166.392,-0.671,0.244,1.831
21.613574981689453,0.92,1.336,-166.394,-0.61,0.183,1.831
21.6184401512146,0.921,1.337,-166.396,-0.366,0.183,1.831
21.62345600128174,0.923,1.337,-166.398,-0.244,0.244,1.892
21.62842321395874,0.924,1.337,-166.4,-0.244,0.244,1.953
21.6334331035614,0.924,1.337,-166.401,-0.366,0.183,1.953
21.63841700553894,0.924,1.337,-166.403,-0.427,0.183,1.892
21.64338707923889,0.924,1.337,-166.405,-0.549,0.183,1.892
21.648432970046997,0.923,1.337,-166.406,-0.549,0.244,1.892
21.653434991836548,0.924,1.337,-166.408,-0.305,0.244,1.892
21.658446073532104,0.925,1.337,-166.409,-0.183,0.244,1.953
21.663427114486694,0.926,1.337,-166.411,-0.183,0.244,1.953
21.668492078781128,0.926,1.337,-166.412,-0.244,0.244,1.953
21.673436164855957,0.926,1.338,-166.413,-0.488,0.244,1.953
21.67844796180725,0.925,1.339,-166.415,-0.61,0.122,1.831
21.68345308303833,0.924,1.34,-166.417,-0.671,0.122,1.831
21.688431978225708,0.924,1.34,-166.419,-0.61,0.183,1.831
21.693454027175903,0.924,1.339,-166.42,-0.427,0.305,1.892
21.6984760761261,0.925,1.338,-166.422,-0.183,0.305,1.892
21.703465938568115,0.927,1.339,-166.423,-0.061,0.244,1.892
21.70844793319702,0.929,1.338,-166.424,-0.122,0.244,1.892
21.713515996932983,0.929,1.338,-166.426,-0.305,0.244,1.892
21.719359874725342,0.928,1.338,-166.427,-0.61,0.244,1.831
21.72342801094055,0.927,1.338,-166.429,-0.671,0.244,1.77
21.72838807106018,0.926,1.338,-166.431,-0.671,0.244,1.77
21.73338007926941,0.926,1.338,-166.433,-0.488,0.244,1.831
21.738439083099365,0.928,1.339,-166.434,-0.305,0.244,1.831
21.74335813522339,0.931,1.339,-166.436,-0.061,0.244,1.892
21.74840211868286,0.934,1.339,-166.437,-0.061,0.244,1.892
21.753363847732544,0.935,1.339,-166.438,-0.183,0.244,1.892
21.758365154266357,0.935,1.339,-166.439,-0.427,0.183,1.831
21.76337194442749,0.933,1.339,-166.441,-0.671,0.183,1.831
21.76836919784546,0.931,1.339,-166.442,-0.671,0.183,1.831
21.773421049118042,0.931,1.339,-166.443,-0.488,0.183,1.831
21.77840495109558,0.931,1.339,-166.445,-0.244,0.183,1.892
21.783377170562744,0.932,1.34,-166.446,-0.183,0.183,1.892
21.788371801376343,0.932,1.34,-166.445,-0.183,0.183,1.892
21.793421030044556,0.931,1.34,-166.445,-0.427,0.183,1.831
21.798377990722656,0.93,1.34,-166.446,-0.61,0.183,1.831
21.803401947021484,0.929,1.34,-166.446,-0.61,0.183,1.831
21.80840015411377,0.928,1.34,-166.446,-0.549,0.244,1.831
21.81343984603882,0.928,1.341,-166.446,-0.366,0.244,1.892
21.818397045135498,0.929,1.341,-166.446,-0.183,0.244,1.892
21.823389053344727,0.931,1.341,-166.446,-0.183,0.244,1.892
21.828418970108032,0.931,1.341,-166.446,-0.244,0.244,1.892
21.833389043807983,0.93,1.341,-166.446,-0.427,0.183,1.831
21.83839702606201,0.929,1.34,-166.446,-0.488,0.183,1.892
21.84339714050293,0.928,1.34,-166.446,-0.549,0.183,1.892
21.848429918289185,0.926,1.339,-166.446,-0.488,0.244,1.892
21.853494882583618,0.926,1.339,-166.446,-0.305,0.244,1.892
21.858412981033325,0.926,1.338,-166.445,-0.183,0.244,1.953
21.86340022087097,0.927,1.339,-166.445,-0.183,0.244,1.892
21.868393898010254,0.926,1.338,-166.445,-0.305,0.244,1.892
21.87339687347412,0.925,1.339,-166.445,-0.488,0.183,1.831
21.87837791442871,0.923,1.338,-166.446,-0.61,0.183,1.831
21.883347034454346,0.922,1.338,-166.446,-0.61,0.183,1.831
21.888361930847168,0.921,1.337,-166.446,-0.488,0.244,1.831
21.89336585998535,0.922,1.337,-166.448,-0.244,0.244,1.892
21.898394107818604,0.924,1.338,-166.449,-0.061,0.244,2.075
21.903373956680298,0.926,1.338,-166.45,-0.061,0.305,2.075
21.908358097076416,0.928,1.338,-166.453,-0.244,0.244,1.953
21.913347959518433,0.928,1.338,-166.456,-0.488,0.244,1.892
21.918388843536377,0.928,1.339,-166.458,-0.671,0.244,1.892
21.923383951187134,0.927,1.339,-166.461,-0.732,0.244,1.831
21.928386926651,0.927,1.339,-166.464,-0.61,0.244,1.831
21.93340516090393,0.928,1.34,-166.467,-0.366,0.183,1.892
21.938395977020264,0.931,1.341,-166.469,-0.122,0.183,1.892
21.943377017974854,0.934,1.341,-166.471,-0.061,0.244,1.953
21.948489904403687,0.937,1.341,-166.473,-0.122,0.244,1.892
21.953383207321167,0.938,1.341,-166.476,-0.305,0.244,1.892
21.958362102508545,0.938,1.342,-166.478,-0.488,0.122,1.892
21.963354110717773,0.937,1.343,-166.48,-0.671,0.122,1.892
21.968343019485474,0.936,1.343,-166.483,-0.671,0.122,1.831
21.97335696220398,0.937,1.344,-166.485,-0.549,0.122,1.831
21.978379011154175,0.938,1.343,-166.487,-0.366,0.244,1.892
21.983350038528442,0.94,1.343,-166.49,-0.244,0.244,1.892
21.988417863845825,0.942,1.342,-166.492,-0.061,0.244,1.831
21.9933660030365,0.944,1.343,-166.494,-0.122,0.244,1.892
21.99834704399109,0.944,1.343,-166.496,-0.305,0.244,1.892
22.003332138061523,0.943,1.343,-166.497,-0.549,0.244,1.892
22.00834608078003,0.942,1.344,-166.499,-0.671,0.183,1.892
22.0133318901062,0.942,1.345,-166.501,-0.671,0.183,1.892
22.018348932266235,0.943,1.345,-166.503,-0.549,0.244,1.892
22.02336311340332,0.945,1.345,-166.505,-0.305,0.305,1.892
22.028332948684692,0.948,1.346,-166.507,-0.061,0.183,1.892
22.033331155776978,0.95,1.346,-166.509,-0.061,0.183,1.892
22.038312196731567,0.951,1.346,-166.511,-0.122,0.244,1.831
22.04334306716919,0.951,1.346,-166.513,-0.427,0.244,1.831
22.04835605621338,0.95,1.346,-166.515,-0.671,0.183,1.831
22.053321838378906,0.949,1.346,-166.518,-0.732,0.183,1.709
22.059273958206177,0.948,1.347,-166.521,-0.793,0.244,1.709
22.06338405609131,0.949,1.347,-166.523,-0.549,0.244,1.831
22.068336009979248,0.951,1.347,-166.525,-0.244,0.305,1.892
22.073288202285767,0.955,1.346,-166.526,-0.0,0.244,1.953
22.07831907272339,0.957,1.347,-166.527,-0.0,0.244,1.953
22.083343029022217,0.959,1.347,-166.528,-0.061,0.366,1.953
22.088316202163696,0.957,1.346,-166.528,-0.305,0.305,1.892
22.093292951583862,0.955,1.346,-166.526,-0.61,0.183,1.892
22.09835696220398,0.951,1.346,-166.524,-0.793,0.122,1.892
22.103331089019775,0.947,1.346,-166.522,-0.793,0.122,1.892
22.108330965042114,0.944,1.345,-166.52,-0.549,0.183,1.892
22.11336588859558,0.943,1.344,-166.517,-0.305,0.244,1.892
22.11831498146057,0.943,1.343,-166.515,-0.061,0.244,1.892
22.12328791618347,0.943,1.343,-166.512,-0.0,0.244,2.014
22.128295183181763,0.942,1.342,-166.51,-0.183,0.305,1.953
22.133291959762573,0.939,1.342,-166.508,-0.427,0.244,1.831
22.138331174850464,0.936,1.343,-166.506,-0.671,0.183,1.892
22.14331889152527,0.933,1.343,-166.504,-0.732,0.183,1.77
22.148344039916992,0.93,1.343,-166.503,-0.732,0.183,1.831
22.153337955474854,0.928,1.342,-166.501,-0.549,0.183,1.892
22.158318042755127,0.928,1.341,-166.499,-0.244,0.244,1.892
22.163275957107544,0.929,1.341,-166.497,-0.0,0.244,1.892
22.168349027633667,0.93,1.34,-166.495,0.061,0.305,1.953
22.1733500957489,0.93,1.339,-166.493,-0.122,0.244,1.953
22.17830801010132,0.928,1.339,-166.491,-0.366,0.244,1.953
22.183290004730225,0.926,1.338,-166.489,-0.61,0.244,1.892
22.188309907913208,0.922,1.337,-166.487,-0.854,0.183,1.892
22.19331192970276,0.919,1.337,-166.485,-0.793,0.183,1.77
22.198346853256226,0.918,1.337,-166.484,-0.488,0.183,1.831
22.20331311225891,0.918,1.336,-166.481,-0.183,0.244,1.892
22.208319902420044,0.918,1.335,-166.479,-0.0,0.244,1.892
22.213291883468628,0.917,1.335,-166.476,-0.0,0.244,1.953
22.218283891677856,0.916,1.334,-166.473,-0.183,0.183,1.953
22.223284006118774,0.913,1.335,-166.471,-0.427,0.244,1.892
22.22827696800232,0.909,1.335,-166.469,-0.671,0.244,1.831
22.233273029327393,0.906,1.334,-166.467,-0.732,0.183,1.831
22.2382709980011,0.903,1.334,-166.466,-0.732,0.183,1.831
22.24330997467041,0.902,1.334,-166.464,-0.488,0.183,1.892
22.24827790260315,0.902,1.334,-166.462,-0.244,0.183,1.892
22.25330090522766,0.903,1.333,-166.459,-0.061,0.244,1.953
22.25827407836914,0.905,1.333,-166.457,-0.0,0.244,1.953
22.263389110565186,0.905,1.333,-166.455,-0.122,0.244,1.953
22.26832604408264,0.903,1.333,-166.453,-0.427,0.244,1.892
22.273332834243774,0.9,1.332,-166.451,-0.61,0.244,1.831
22.278277158737183,0.897,1.332,-166.45,-0.732,0.183,1.709
22.283281087875366,0.896,1.332,-166.449,-0.549,0.183,1.831
22.288371086120605,0.895,1.331,-166.447,-0.427,0.244,1.892
22.293269872665405,0.894,1.331,-166.446,-0.305,0.305,1.892
22.29827904701233,0.894,1.331,-166.444,-0.061,0.305,1.892
22.30326008796692,0.894,1.33,-166.442,-0.122,0.305,1.892
22.308300018310547,0.892,1.33,-166.441,-0.305,0.244,1.892
22.313255071640015,0.891,1.329,-166.439,-0.366,0.244,1.831
22.318249940872192,0.889,1.329,-166.438,-0.549,0.244,1.831
22.323288917541504,0.888,1.329,-166.437,-0.549,0.244,1.831
22.328280925750732,0.885,1.329,-166.436,-0.549,0.183,1.831
22.333359956741333,0.884,1.329,-166.434,-0.366,0.183,1.831
22.338277101516724,0.883,1.329,-166.433,-0.366,0.183,1.892
22.343284845352173,0.882,1.328,-166.432,-0.305,0.244,1.892
22.34829616546631,0.881,1.328,-166.43,-0.305,0.244,1.892
22.353291988372803,0.88,1.327,-166.429,-0.305,0.244,1.892
22.358283042907715,0.879,1.326,-166.428,-0.305,0.183,1.892
22.36331582069397,0.878,1.326,-166.426,-0.305,0.183,1.892
22.368279933929443,0.877,1.326,-166.425,-0.427,0.183,1.831
22.37327003479004,0.875,1.326,-166.424,-0.488,0.183,1.831
22.378279209136963,0.874,1.326,-166.423,-0.488,0.183,1.831
22.383307933807373,0.873,1.326,-166.423,-0.549,0.244,1.831
22.38825798034668,0.872,1.326,-166.421,-0.366,0.244,1.892
22.39325785636902,0.871,1.326,-166.42,-0.305,0.244,1.892
22.398300170898438,0.871,1.326,-166.419,-0.244,0.244,1.892
22.403478860855103,0.871,1.326,-166.418,-0.183,0.305,1.892
22.408274173736572,0.87,1.325,-166.417,-0.183,0.366,1.953
22.41326403617859,0.869,1.325,-166.415,-0.305,0.244,1.953
22.41824507713318,0.868,1.325,-166.415,-0.488,0.244,1.831
22.423252820968628,0.867,1.324,-166.413,-0.549,0.244,1.953
22.428264141082764,0.865,1.324,-166.412,-0.549,0.244,1.892
22.43332004547119,0.864,1.323,-166.411,-0.488,0.244,1.892
22.438290119171143,0.864,1.323,-166.41,-0.366,0.244,1.892
22.4425630569458,0.866,1.323,-166.409,-0.122,0.244,2.014
22.447680950164795,0.866,1.323,-166.408,-0.122,0.244,1.953
22.452572107315063,0.866,1.323,-166.407,-0.244,0.244,1.892
22.457520008087158,0.866,1.322,-166.406,-0.366,0.244,1.892
22.46256399154663,0.863,1.322,-166.405,-0.61,0.122,1.892
22.46767497062683,0.861,1.322,-166.404,-0.671,0.183,1.892
22.472575902938843,0.859,1.322,-166.404,-0.61,0.305,1.831
22.477607011795044,0.86,1.321,-166.403,-0.427,0.305,1.831
22.482529878616333,0.861,1.32,-166.403,-0.305,0.305,1.892
22.487618923187256,0.863,1.32,-166.403,-0.061,0.305,1.892
22.492533922195435,0.866,1.319,-166.404,-0.061,0.305,1.892
22.497491121292114,0.867,1.318,-166.405,-0.122,0.244,1.892
22.50255298614502,0.868,1.318,-166.405,-0.366,0.244,1.892
22.507561922073364,0.867,1.317,-166.406,-0.671,0.183,1.892
22.513262033462524,0.866,1.317,-166.407,-0.732,0.183,1.831
22.517536878585815,0.866,1.317,-166.408,-0.61,0.244,1.831
22.52250099182129,0.867,1.318,-166.409,-0.366,0.244,1.831
22.527482986450195,0.869,1.317,-166.409,-0.122,0.244,1.892
22.53247618675232,0.871,1.317,-166.41,-0.061,0.244,1.892
22.53745698928833,0.873,1.317,-166.41,-0.061,0.244,1.892
22.542528867721558,0.872,1.318,-166.411,-0.305,0.244,1.831
22.54748010635376,0.871,1.318,-166.412,-0.549,0.244,1.831
22.55262303352356,0.87,1.319,-166.413,-0.61,0.183,1.831
22.55749797821045,0.868,1.319,-166.413,-0.671,0.183,1.831
22.562488079071045,0.868,1.319,-166.414,-0.549,0.183,1.831
22.56749677658081,0.87,1.319,-166.415,-0.366,0.244,1.831
22.572574853897095,0.872,1.319,-166.415,-0.244,0.244,1.953
22.577502250671387,0.874,1.318,-166.415,-0.122,0.244,1.953
22.582494020462036,0.875,1.318,-166.416,-0.122,0.244,1.892
22.58750891685486,0.874,1.318,-166.415,-0.244,0.305,1.953
22.592511892318726,0.872,1.318,-166.414,-0.488,0.244,1.831
22.597502946853638,0.87,1.317,-166.412,-0.61,0.183,1.831
22.602493047714233,0.867,1.317,-166.41,-0.61,0.183,1.831
22.607506036758423,0.866,1.315,-166.408,-0.488,0.366,1.892
22.612508058547974,0.865,1.314,-166.406,-0.366,0.366,1.831
22.617491245269775,0.865,1.314,-166.404,-0.183,0.183,1.953
22.622498035430908,0.865,1.314,-166.401,-0.183,0.183,1.953
22.62834906578064,0.865,1.315,-166.399,-0.244,0.183,1.953
22.632489919662476,0.863,1.315,-166.397,-0.427,0.244,1.953
22.637489080429077,0.861,1.315,-166.395,-0.549,0.183,1.892
22.642588138580322,0.859,1.315,-166.393,-0.549,0.122,1.831
22.647517204284668,0.858,1.315,-166.392,-0.488,0.244,1.831
22.6524920463562,0.857,1.314,-166.39,-0.366,0.305,1.892
22.657495975494385,0.857,1.314,-166.388,-0.244,0.305,1.892
22.662508010864258,0.856,1.314,-166.386,-0.244,0.244,1.892
22.667508840560913,0.855,1.314,-166.385,-0.244,0.183,1.892
22.672749996185303,0.854,1.315,-166.383,-0.244,0.183,1.892
22.67742109298706,0.853,1.315,-166.382,-0.427,0.183,1.831
22.682781219482422,0.851,1.316,-166.381,-0.61,0.244,1.831
22.68744397163391,0.85,1.316,-166.38,-0.549,0.183,1.831
22.69243311882019,0.849,1.316,-166.379,-0.427,0.183,1.831
22.697454929351807,0.85,1.315,-166.378,-0.305,0.244,1.892
22.702437162399292,0.85,1.315,-166.377,-0.244,0.305,1.892
22.707507133483887,0.85,1.314,-166.377,-0.244,0.305,1.892
22.712435960769653,0.851,1.314,-166.376,-0.244,0.183,1.892
22.717504024505615,0.851,1.315,-166.375,-0.305,0.183,1.77
22.72253108024597,0.85,1.315,-166.375,-0.427,0.183,1.77
22.727504014968872,0.849,1.315,-166.375,-0.61,0.183,1.77
22.73247718811035,0.847,1.315,-166.375,-0.549,0.183,1.77
22.737619876861572,0.847,1.315,-166.374,-0.488,0.122,1.831
22.743571996688843,0.848,1.315,-166.374,-0.305,0.183,1.831
22.74743914604187,0.849,1.315,-166.373,-0.305,0.244,1.831
22.752457857131958,0.849,1.314,-166.372,-0.305,0.244,1.892
22.75757098197937,0.849,1.314,-166.371,-0.305,0.244,1.892
22.762444972991943,0.849,1.314,-166.371,-0.366,0.244,1.892
22.76746702194214,0.848,1.314,-166.369,-0.488,0.244,1.953
22.772456169128418,0.847,1.314,-166.369,-0.427,0.244,1.892
22.77746081352234,0.847,1.314,-166.368,-0.427,0.244,1.953
22.782450199127197,0.847,1.313,-166.367,-0.427,0.244,1.892
22.787569046020508,0.847,1.313,-166.367,-0.305,0.244,1.953
22.792526960372925,0.848,1.313,-166.367,-0.244,0.244,1.892
22.797423124313354,0.85,1.314,-166.369,-0.244,0.244,1.892
22.802396059036255,0.851,1.314,-166.37,-0.366,0.244,1.953
22.80748414993286,0.852,1.314,-166.372,-0.427,0.244,1.831
22.81247615814209,0.853,1.314,-166.374,-0.427,0.244,1.831
22.81771421432495,0.854,1.314,-166.376,-0.427,0.183,1.831
22.82239603996277,0.855,1.314,-166.377,-0.427,0.183,1.831
22.82744789123535,0.857,1.314,-166.379,-0.305,0.183,1.892
22.832664966583252,0.858,1.314,-166.38,-0.244,0.183,1.892
22.837493896484375,0.86,1.315,-166.381,-0.183,0.244,1.892
22.842444896697998,0.862,1.316,-166.383,-0.305,0.244,1.892
22.84741997718811,0.862,1.316,-166.384,-0.427,0.244,1.892
22.852458953857422,0.863,1.317,-166.386,-0.427,0.183,1.831
22.8575599193573,0.863,1.317,-166.387,-0.488,0.244,1.831
22.862467050552368,0.864,1.317,-166.389,-0.488,0.183,1.831
22.867411136627197,0.865,1.317,-166.39,-0.488,0.183,1.831
22.872416019439697,0.866,1.317,-166.392,-0.366,0.183,1.831
22.877432107925415,0.867,1.317,-166.393,-0.305,0.183,1.892
22.882435083389282,0.869,1.316,-166.395,-0.305,0.244,1.831
22.88742709159851,0.872,1.316,-166.399,-0.305,0.244,1.831
22.892450094223022,0.874,1.316,-166.403,-0.366,0.244,1.892
22.89740800857544,0.875,1.316,-166.406,-0.366,0.244,1.892
22.90243101119995,0.877,1.317,-166.41,-0.427,0.183,1.892
22.90741801261902,0.878,1.316,-166.413,-0.427,0.244,1.892
22.91245985031128,0.88,1.316,-166.417,-0.427,0.244,1.892
22.917418956756592,0.881,1.316,-166.42,-0.366,0.244,1.953
22.922425985336304,0.883,1.317,-166.423,-0.366,0.244,1.892
22.927411794662476,0.885,1.317,-166.426,-0.366,0.244,1.831
22.932582139968872,0.886,1.317,-166.43,-0.366,0.244,1.831
22.937471866607666,0.888,1.318,-166.433,-0.427,0.244,1.831
22.942441940307617,0.889,1.318,-166.436,-0.488,0.244,1.892
22.94741916656494,0.89,1.319,-166.439,-0.427,0.244,1.892
22.95243000984192,0.891,1.32,-166.442,-0.366,0.244,1.892
22.957449913024902,0.893,1.32,-166.444,-0.366,0.244,1.892
22.962423086166382,0.894,1.32,-166.447,-0.366,0.244,1.953
22.968267917633057,0.895,1.32,-166.45,-0.366,0.244,1.831
22.972434043884277,0.896,1.321,-166.453,-0.366,0.183,1.831
22.977459192276,0.897,1.321,-166.456,-0.366,0.244,1.831
22.98238205909729,0.898,1.321,-166.459,-0.427,0.244,1.831
22.987422227859497,0.898,1.321,-166.461,-0.427,0.244,1.831
22.99244785308838,0.899,1.321,-166.464,-0.366,0.244,1.831
22.997438192367554,0.9,1.321,-166.466,-0.366,0.244,1.892
23.002483129501343,0.901,1.321,-166.468,-0.366,0.305,1.892
23.007415056228638,0.902,1.321,-166.471,-0.366,0.244,1.892
23.012449026107788,0.903,1.321,-166.473,-0.366,0.244,1.892
23.01737117767334,0.904,1.321,-166.475,-0.366,0.244,1.892
23.02236795425415,0.904,1.321,-166.477,-0.427,0.244,1.892
23.027405977249146,0.905,1.321,-166.479,-0.427,0.305,1.831
23.03238606452942,0.905,1.322,-166.481,-0.427,0.244,1.831
23.037402153015137,0.906,1.322,-166.484,-0.366,0.244,1.831
23.042399883270264,0.906,1.322,-166.486,-0.366,0.244,1.892
23.047389030456543,0.907,1.323,-166.487,-0.366,0.244,1.892
23.052376985549927,0.908,1.323,-166.49,-0.305,0.244,1.831
23.05736994743347,0.909,1.324,-166.492,-0.366,0.244,1.831
23.062347888946533,0.909,1.325,-166.493,-0.366,0.244,1.892
23.067363023757935,0.91,1.325,-166.495,-0.366,0.244,1.892
23.072445154190063,0.911,1.326,-166.497,-0.366,0.244,1.77
23.07740306854248,0.911,1.326,-166.499,-0.366,0.244,1.831
23.083319902420044,0.911,1.326,-166.5,-0.366,0.183,1.831
23.08735203742981,0.911,1.326,-166.5,-0.366,0.183,1.892
23.092339038848877,0.91,1.326,-166.501,-0.366,0.183,1.892
23.09737992286682,0.91,1.326,-166.501,-0.366,0.305,1.77
23.10235595703125,0.91,1.326,-166.502,-0.366,0.244,1.77
23.107365131378174,0.91,1.327,-166.503,-0.366,0.183,1.831
23.112371921539307,0.909,1.327,-166.503,-0.366,0.183,1.831
23.117423057556152,0.909,1.327,-166.504,-0.366,0.183,1.892
23.122318983078003,0.909,1.327,-166.504,-0.366,0.244,1.953
23.127327919006348,0.908,1.327,-166.504,-0.366,0.244,1.892
23.132313013076782,0.908,1.326,-166.504,-0.427,0.244,1.831
23.137288093566895,0.907,1.326,-166.505,-0.427,0.183,1.831
23.142308950424194,0.906,1.326,-166.506,-0.427,0.183,1.831
23.14741015434265,0.906,1.326,-166.506,-0.427,0.183,1.831
23.1523220539093,0.906,1.326,-166.507,-0.366,0.183,1.831
23.157342195510864,0.906,1.325,-166.507,-0.366,0.183,1.831
23.16236901283264,0.905,1.325,-166.508,-0.366,0.244,1.831
23.16739296913147,0.905,1.326,-166.508,-0.366,0.244,1.892
23.172349214553833,0.904,1.326,-166.508,-0.366,0.244,1.892
23.17737889289856,0.904,1.326,-166.508,-0.366,0.244,1.892
23.182384967803955,0.904,1.326,-166.508,-0.305,0.244,1.892
23.18733787536621,0.904,1.326,-166.508,-0.305,0.244,1.892
23.19234800338745,0.903,1.325,-166.508,-0.305,0.244,1.892
23.19738483428955,0.903,1.325,-166.507,-0.305,0.183,1.892
23.20233416557312,0.903,1.325,-166.507,-0.305,0.183,1.892
23.207347869873047,0.903,1.325,-166.506,-0.305,0.183,1.892
23.21234393119812,0.902,1.325,-166.506,-0.366,0.183,1.953
23.217331886291504,0.902,1.325,-166.505,-0.366,0.183,1.953
23.222344875335693,0.901,1.325,-166.504,-0.366,0.183,1.953
23.22733783721924,0.9,1.325,-166.505,-0.366,0.183,1.77
23.2323260307312,0.9,1.325,-166.504,-0.305,0.244,1.892
23.237362146377563,0.9,1.325,-166.504,-0.305,0.183,1.831
23.242355823516846,0.9,1.326,-166.504,-0.366,0.183,1.831
23.247334003448486,0.899,1.325,-166.504,-0.427,0.244,1.892
23.252362966537476,0.898,1.325,-166.504,-0.427,0.183,1.892
23.257386922836304,0.897,1.326,-166.503,-0.427,0.183,1.892
23.26237416267395,0.897,1.326,-166.503,-0.366,0.183,1.892
23.26735210418701,0.896,1.326,-166.503,-0.305,0.244,1.892
23.27237105369568,0.896,1.326,-166.502,-0.244,0.244,1.953
23.277318000793457,0.896,1.326,-166.502,-0.244,0.305,1.953
23.282341957092285,0.895,1.327,-166.501,-0.305,0.244,1.892
23.28735899925232,0.895,1.327,-166.502,-0.427,0.183,1.831
23.29236078262329,0.894,1.328,-166.503,-0.549,0.244,1.831
23.297307014465332,0.893,1.327,-166.504,-0.549,0.244,1.831
23.30233907699585,0.893,1.327,-166.505,-0.427,0.244,1.953
23.307326793670654,0.894,1.327,-166.505,-0.305,0.244,1.953
23.312463998794556,0.894,1.326,-166.506,-0.183,0.244,1.892
23.317331790924072,0.895,1.326,-166.506,-0.183,0.244,1.892
23.32231116294861,0.896,1.326,-166.507,-0.305,0.244,1.892
23.327332019805908,0.896,1.326,-166.508,-0.427,0.183,1.892
23.332334995269775,0.895,1.326,-166.508,-0.549,0.183,1.892
23.337337970733643,0.894,1.326,-166.509,-0.488,0.183,1.831
23.342350959777832,0.894,1.327,-166.51,-0.427,0.183,1.831
23.34734606742859,0.894,1.326,-166.511,-0.366,0.183,1.831
23.352360010147095,0.894,1.326,-166.512,-0.244,0.183,1.831
23.357420921325684,0.895,1.327,-166.513,-0.244,0.183,1.892
23.362428188323975,0.895,1.327,-166.513,-0.244,0.244,1.892
23.36732316017151,0.895,1.327,-166.514,-0.427,0.244,1.892
23.372313022613525,0.894,1.327,-166.515,-0.488,0.244,1.831
23.377336978912354,0.893,1.327,-166.516,-0.549,0.244,1.831
23.382320165634155,0.893,1.327,-166.518,-0.549,0.183,1.831
23.387314081192017,0.894,1.328,-166.521,-0.305,0.244,1.831
23.39230704307556,0.895,1.328,-166.524,-0.305,0.244,1.892
23.397384881973267,0.897,1.328,-166.526,-0.244,0.244,1.892
23.40230107307434,0.899,1.327,-166.529,-0.244,0.244,1.892
23.407294988632202,0.9,1.327,-166.532,-0.366,0.244,1.892
23.41233992576599,0.9,1.328,-166.534,-0.488,0.244,1.892
23.417284965515137,0.901,1.328,-166.537,-0.549,0.244,1.892
23.42233109474182,0.902,1.328,-166.539,-0.488,0.183,1.892
23.427293062210083,0.903,1.328,-166.542,-0.366,0.183,1.892
23.432286977767944,0.904,1.329,-166.544,-0.366,0.183,1.892
23.437270879745483,0.905,1.329,-166.547,-0.366,0.183,1.892
23.442271947860718,0.906,1.329,-166.549,-0.305,0.183,1.892
23.447268962860107,0.908,1.33,-166.551,-0.305,0.183,1.892
23.452306032180786,0.909,1.33,-166.554,-0.366,0.183,1.892
23.457296133041382,0.909,1.33,-166.556,-0.427,0.183,1.831
23.46231484413147,0.91,1.33,-166.559,-0.427,0.244,1.831
23.467334032058716,0.91,1.33,-166.561,-0.427,0.244,1.831
23.472304105758667,0.911,1.331,-166.563,-0.366,0.244,1.892
23.477293014526367,0.912,1.331,-166.565,-0.305,0.244,1.892
23.482264041900635,0.913,1.331,-166.567,-0.366,0.244,1.892
23.487340927124023,0.913,1.331,-166.568,-0.427,0.183,1.831
23.492293119430542,0.912,1.331,-166.569,-0.427,0.183,1.831
23.49729609489441,0.912,1.331,-166.571,-0.427,0.122,1.831
23.502312183380127,0.912,1.331,-166.572,-0.427,0.183,1.831
23.50730299949646,0.911,1.33,-166.573,-0.427,0.244,1.831
23.512308835983276,0.911,1.331,-166.574,-0.305,0.244,1.831
23.517261028289795,0.912,1.331,-166.575,-0.305,0.244,1.831
23.522316932678223,0.912,1.331,-166.576,-0.244,0.244,1.892
23.527288913726807,0.912,1.331,-166.577,-0.305,0.244,1.831
23.532273054122925,0.912,1.331,-166.578,-0.427,0.244,1.831
23.53732705116272,0.911,1.331,-166.579,-0.488,0.183,1.831
23.542256116867065,0.911,1.331,-166.58,-0.488,0.183,1.831
23.547286987304688,0.911,1.331,-166.581,-0.366,0.244,1.831
23.552252054214478,0.911,1.331,-166.582,-0.305,0.244,1.831
23.557291984558105,0.912,1.331,-166.582,-0.183,0.244,1.892
23.56228017807007,0.913,1.331,-166.583,-0.183,0.183,1.953
23.567272186279297,0.913,1.332,-166.583,-0.244,0.183,1.892
23.572261095046997,0.912,1.332,-166.584,-0.427,0.244,1.892
23.577291011810303,0.911,1.332,-166.585,-0.61,0.244,1.831
23.58234214782715,0.909,1.332,-166.584,-0.61,0.244,1.831
23.58726215362549,0.907,1.331,-166.583,-0.549,0.183,1.831
23.59227991104126,0.905,1.331,-166.581,-0.305,0.244,1.892
23.596517086029053,0.904,1.33,-166.579,-0.122,0.305,1.892
23.60145902633667,0.904,1.33,-166.577,-0.061,0.244,1.892
23.606536149978638,0.903,1.33,-166.575,-0.183,0.244,1.953
23.611496210098267,0.901,1.329,-166.573,-0.427,0.244,1.892
23.61649799346924,0.899,1.329,-166.571,-0.61,0.183,1.892
23.62152600288391,0.896,1.329,-166.57,-0.732,0.183,1.892
23.6265971660614,0.893,1.328,-166.568,-0.671,0.183,1.892
23.631531953811646,0.892,1.328,-166.567,-0.427,0.183,1.831
23.636603116989136,0.891,1.328,-166.565,-0.183,0.244,1.892
23.641584157943726,0.891,1.328,-166.564,-0.061,0.244,1.892
23.64652419090271,0.891,1.328,-166.562,-0.122,0.244,1.892
23.652388095855713,0.89,1.327,-166.561,-0.305,0.183,1.892
23.656541109085083,0.888,1.327,-166.56,-0.549,0.183,1.831
23.661522150039673,0.885,1.327,-166.559,-0.732,0.305,1.831
23.66652798652649,0.883,1.326,-166.557,-0.732,0.305,1.831
23.67154812812805,0.881,1.326,-166.556,-0.488,0.183,1.831
23.67658805847168,0.881,1.326,-166.555,-0.183,0.183,1.831
23.681507110595703,0.881,1.326,-166.554,-0.061,0.244,1.892
23.686520099639893,0.882,1.326,-166.553,-0.061,0.244,1.953
23.691549062728882,0.881,1.326,-166.551,-0.244,0.244,1.892
23.696593046188354,0.879,1.326,-166.55,-0.488,0.183,1.892
23.701470851898193,0.876,1.326,-166.549,-0.671,0.183,1.831
23.70644497871399,0.873,1.326,-166.548,-0.732,0.183,1.831
23.711509943008423,0.872,1.326,-166.548,-0.671,0.183,1.831
23.71649980545044,0.872,1.326,-166.547,-0.366,0.183,1.831
23.721519947052002,0.874,1.326,-166.546,-0.122,0.244,1.892
23.72646689414978,0.876,1.325,-166.544,-0.0,0.305,1.953
23.731492042541504,0.877,1.325,-166.543,-0.0,0.305,1.953
23.736638069152832,0.877,1.325,-166.542,-0.244,0.183,1.953
23.741501092910767,0.875,1.326,-166.541,-0.61,0.183,1.892
23.74647307395935,0.872,1.325,-166.54,-0.854,0.183,1.892
23.75152087211609,0.87,1.325,-166.539,-0.854,0.183,1.831
23.75649094581604,0.868,1.325,-166.538,-0.671,0.183,1.831
23.761499166488647,0.868,1.325,-166.537,-0.366,0.183,1.892
23.76743793487549,0.87,1.325,-166.536,-0.0,0.183,1.953
23.771525144577026,0.873,1.324,-166.535,0.061,0.305,1.892
23.776463985443115,0.873,1.324,-166.534,-0.122,0.244,1.892
23.781455039978027,0.872,1.324,-166.533,-0.366,0.244,1.892
23.786526203155518,0.869,1.324,-166.532,-0.671,0.183,1.892
23.791505098342896,0.866,1.324,-166.532,-0.854,0.183,1.831
23.796480894088745,0.864,1.324,-166.531,-0.793,0.183,1.831
23.801544904708862,0.864,1.324,-166.531,-0.488,0.183,1.831
23.80651307106018,0.865,1.324,-166.531,-0.122,0.183,1.831
23.81146216392517,0.867,1.324,-166.53,-0.0,0.244,1.831
23.816466093063354,0.868,1.324,-166.529,-0.0,0.305,1.892
23.821609258651733,0.867,1.325,-166.528,-0.244,0.244,1.892
23.826592922210693,0.865,1.325,-166.528,-0.549,0.183,1.77
23.83148503303528,0.863,1.325,-166.528,-0.793,0.122,1.77
23.836524963378906,0.86,1.325,-166.528,-0.916,0.122,1.77
23.841471910476685,0.859,1.325,-166.528,-0.671,0.244,1.77
23.846514225006104,0.859,1.324,-166.527,-0.305,0.305,1.892
23.851475954055786,0.86,1.324,-166.527,-0.0,0.244,1.892
23.856504917144775,0.862,1.323,-166.526,0.122,0.244,1.892
23.861464023590088,0.863,1.323,-166.525,-0.0,0.244,1.892
23.86646008491516,0.861,1.322,-166.524,-0.366,0.244,1.892
23.871461153030396,0.859,1.322,-166.524,-0.732,0.183,1.831
23.876521110534668,0.856,1.321,-166.524,-0.916,0.183,1.77
23.881526947021484,0.855,1.321,-166.526,-0.732,0.183,1.77
23.886443853378296,0.857,1.321,-166.527,-0.366,0.244,1.831
23.89147686958313,0.861,1.321,-166.528,-0.122,0.183,1.892
23.89644503593445,0.864,1.322,-166.529,0.061,0.183,1.892
23.901478052139282,0.867,1.322,-166.53,-0.0,0.183,1.953
23.906419038772583,0.869,1.323,-166.531,-0.244,0.244,1.831
23.911476850509644,0.869,1.322,-166.533,-0.549,0.244,1.77
23.91643524169922,0.868,1.322,-166.535,-0.793,0.244,1.77
23.921462059020996,0.867,1.322,-166.536,-0.793,0.244,1.892
23.926512002944946,0.868,1.323,-166.536,-0.549,0.244,1.953
23.931467056274414,0.869,1.323,-166.537,-0.244,0.244,1.892
23.936425924301147,0.872,1.323,-166.538,-0.0,0.305,1.953
23.941421031951904,0.874,1.323,-166.539,-0.0,0.305,1.953
23.946531057357788,0.875,1.324,-166.54,-0.244,0.183,1.892
23.951416015625,0.874,1.324,-166.541,-0.488,0.183,1.831
23.956398963928223,0.872,1.323,-166.542,-0.732,0.244,1.831
23.961457014083862,0.871,1.324,-166.543,-0.793,0.183,1.77
23.96645712852478,0.87,1.324,-166.544,-0.61,0.183,1.831
23.971439123153687,0.87,1.324,-166.545,-0.305,0.183,1.953
23.97642683982849,0.872,1.324,-166.546,-0.061,0.244,1.953
23.981402158737183,0.873,1.323,-166.545,-0.0,0.305,1.953
23.986430883407593,0.873,1.323,-166.544,-0.183,0.244,1.953
23.992300987243652,0.872,1.324,-166.544,-0.488,0.122,1.892
23.996424198150635,0.87,1.324,-166.544,-0.671,0.183,1.77
24.001445055007935,0.868,1.324,-166.544,-0.732,0.244,1.77
24.00648593902588,0.866,1.323,-166.544,-0.671,0.244,1.831
24.011454105377197,0.867,1.322,-166.543,-0.366,0.244,1.892
24.016465187072754,0.868,1.322,-166.543,-0.183,0.244,1.892
24.021435022354126,0.87,1.322,-166.543,-0.061,0.244,1.892
24.026437997817993,0.871,1.322,-166.543,-0.122,0.244,1.892
24.031394004821777,0.871,1.322,-166.543,-0.366,0.244,1.831
24.03645896911621,0.87,1.322,-166.544,-0.549,0.183,1.831
24.041406869888306,0.869,1.322,-166.544,-0.671,0.183,1.831
24.046398162841797,0.868,1.322,-166.544,-0.732,0.183,1.831
24.051422834396362,0.867,1.322,-166.544,-0.549,0.183,1.892
24.056392192840576,0.867,1.323,-166.544,-0.305,0.183,1.892
24.061405181884766,0.868,1.323,-166.544,-0.061,0.183,1.892
24.066398859024048,0.87,1.323,-166.544,-0.061,0.244,1.892
24.071422815322876,0.87,1.323,-166.544,-0.305,0.244,1.831
24.076409101486206,0.867,1.322,-166.541,-0.488,0.183,1.831
24.081393003463745,0.863,1.321,-166.537,-0.671,0.183,1.831
24.08638620376587,0.859,1.321,-166.533,-0.671,0.183,1.831
24.0914089679718,0.854,1.321,-166.528,-0.61,0.183,1.831
24.096426963806152,0.851,1.32,-166.522,-0.366,0.244,1.892
24.101361989974976,0.849,1.32,-166.517,-0.122,0.244,1.892
24.107362985610962,0.847,1.319,-166.511,-0.0,0.244,1.892
24.11143398284912,0.845,1.318,-166.506,-0.122,0.244,1.953
24.11638593673706,0.842,1.318,-166.5,-0.366,0.244,1.953
24.121387004852295,0.839,1.317,-166.496,-0.549,0.244,1.831
24.12639093399048,0.835,1.317,-166.491,-0.671,0.183,1.831
24.13136911392212,0.832,1.317,-166.487,-0.671,0.183,1.77
24.136361122131348,0.829,1.315,-166.483,-0.488,0.305,1.77
24.141383171081543,0.828,1.315,-166.478,-0.244,0.305,1.892
24.14638614654541,0.827,1.315,-166.473,-0.122,0.183,1.892
24.151416063308716,0.828,1.315,-166.469,-0.0,0.244,1.892
24.15637493133545,0.827,1.314,-166.464,-0.183,0.244,1.892
24.16142511367798,0.825,1.313,-166.46,-0.427,0.244,1.831
24.166387796401978,0.822,1.313,-166.456,-0.61,0.183,1.831
24.171392917633057,0.819,1.313,-166.453,-0.671,0.183,1.77
24.17644691467285,0.816,1.312,-166.449,-0.61,0.183,1.831
24.181428909301758,0.815,1.311,-166.445,-0.427,0.305,1.831
24.18644905090332,0.814,1.31,-166.441,-0.244,0.305,1.892
24.19141912460327,0.814,1.309,-166.437,-0.061,0.305,1.892
24.196442127227783,0.814,1.308,-166.433,-0.061,0.183,1.953
24.201380968093872,0.812,1.307,-166.429,-0.244,0.244,1.953
24.206414937973022,0.81,1.307,-166.426,-0.488,0.244,1.77
24.211411237716675,0.807,1.307,-166.423,-0.61,0.244,1.77
24.216345071792603,0.803,1.307,-166.42,-0.61,0.183,1.77
24.221373081207275,0.801,1.306,-166.417,-0.549,0.183,1.77
24.226313829421997,0.8,1.306,-166.414,-0.305,0.305,1.892
24.231321096420288,0.799,1.304,-166.41,-0.122,0.305,1.892
24.23629903793335,0.799,1.303,-166.407,-0.122,0.244,1.892
24.241350173950195,0.797,1.303,-166.404,-0.244,0.183,1.892
24.246299028396606,0.796,1.302,-166.401,-0.427,0.244,1.892
24.251366138458252,0.793,1.301,-166.398,-0.61,0.305,1.831
24.25633716583252,0.791,1.301,-166.395,-0.61,0.244,1.831
24.261341094970703,0.789,1.301,-166.392,-0.549,0.122,1.831
24.26637601852417,0.789,1.301,-166.39,-0.366,0.244,1.831
24.271390199661255,0.789,1.3,-166.387,-0.305,0.305,1.831
24.27640700340271,0.79,1.299,-166.385,-0.244,0.305,1.892
24.281348943710327,0.791,1.299,-166.384,-0.244,0.244,1.892
24.286375045776367,0.791,1.299,-166.382,-0.305,0.244,1.892
24.291311025619507,0.79,1.299,-166.38,-0.427,0.244,1.892
24.296350955963135,0.79,1.298,-166.379,-0.488,0.244,1.892
24.301367044448853,0.789,1.298,-166.377,-0.488,0.244,1.892
24.306398153305054,0.79,1.297,-166.376,-0.366,0.244,1.892
24.31136202812195,0.791,1.297,-166.374,-0.244,0.183,1.953
24.316359043121338,0.792,1.297,-166.372,-0.244,0.244,1.953
24.321374893188477,0.792,1.297,-166.371,-0.244,0.244,1.831
24.32637619972229,0.792,1.297,-166.37,-0.305,0.183,1.831
24.3313729763031,0.792,1.297,-166.368,-0.366,0.183,1.892
24.336468935012817,0.791,1.297,-166.367,-0.427,0.244,1.892
24.341315984725952,0.791,1.298,-166.365,-0.427,0.244,1.953
24.34635591506958,0.79,1.298,-166.363,-0.427,0.183,1.892
24.351325035095215,0.79,1.298,-166.362,-0.366,0.183,1.892
24.356372833251953,0.79,1.298,-166.361,-0.366,0.244,1.892
24.361346006393433,0.789,1.298,-166.359,-0.366,0.305,1.892
24.366343021392822,0.789,1.298,-166.358,-0.366,0.244,1.892
24.37132215499878,0.789,1.298,-166.357,-0.366,0.183,1.892
24.376375913619995,0.789,1.299,-166.357,-0.366,0.183,1.892
24.381383180618286,0.791,1.3,-166.358,-0.366,0.305,1.892
24.386335849761963,0.792,1.3,-166.359,-0.366,0.305,1.892
24.391367197036743,0.794,1.301,-166.362,-0.366,0.183,1.892
24.39637017250061,0.796,1.301,-166.364,-0.366,0.244,1.892
24.401355028152466,0.798,1.302,-166.367,-0.488,0.122,1.892
24.406371116638184,0.8,1.303,-166.369,-0.427,0.122,1.892
24.41134786605835,0.801,1.304,-166.372,-0.427,0.183,1.892
24.4163339138031,0.804,1.305,-166.374,-0.244,0.183,1.892
24.421311855316162,0.806,1.306,-166.376,-0.244,0.183,2.014
24.42635989189148,0.809,1.306,-166.378,-0.183,0.183,1.892
24.431363105773926,0.812,1.307,-166.38,-0.244,0.183,1.892
24.436342000961304,0.813,1.307,-166.382,-0.488,0.183,1.892
24.44132709503174,0.814,1.308,-166.385,-0.488,0.183,1.831
24.447299003601074,0.815,1.308,-166.387,-0.549,0.183,1.831
24.451343059539795,0.816,1.309,-166.389,-0.488,0.244,1.831
24.456336975097656,0.818,1.309,-166.391,-0.244,0.183,1.892
24.461323976516724,0.82,1.31,-166.393,-0.183,0.183,1.953
24.466361045837402,0.822,1.31,-166.395,-0.183,0.183,1.953
24.471346139907837,0.824,1.311,-166.396,-0.244,0.305,1.892
24.476321935653687,0.825,1.311,-166.399,-0.366,0.305,1.892
24.48136305809021,0.826,1.312,-166.402,-0.427,0.244,1.831
24.486370086669922,0.827,1.313,-166.404,-0.488,0.183,1.892
24.49133801460266,0.828,1.313,-166.406,-0.549,0.183,1.892
24.49635910987854,0.829,1.314,-166.408,-0.488,0.183,1.892
24.501341104507446,0.831,1.314,-166.41,-0.427,0.183,1.892
24.506319046020508,0.832,1.315,-166.412,-0.427,0.183,1.892
24.511311054229736,0.833,1.315,-166.414,-0.305,0.244,1.892
24.51635193824768,0.836,1.315,-166.416,-0.183,0.244,1.892
24.521319150924683,0.838,1.315,-166.418,-0.244,0.244,1.892
24.526313066482544,0.84,1.315,-166.42,-0.305,0.244,1.892
24.53131890296936,0.841,1.315,-166.422,-0.488,0.244,1.892
24.536309957504272,0.842,1.316,-166.424,-0.488,0.244,1.892
24.541325092315674,0.842,1.315,-166.426,-0.488,0.244,1.892
24.546308994293213,0.843,1.315,-166.428,-0.427,0.244,1.831
24.55128788948059,0.844,1.315,-166.43,-0.366,0.244,1.892
24.556298971176147,0.846,1.315,-166.431,-0.183,0.244,1.892
24.56136703491211,0.848,1.315,-166.433,-0.183,0.244,1.892
24.566303968429565,0.85,1.316,-166.434,-0.183,0.244,1.892
24.571315050125122,0.852,1.317,-166.436,-0.244,0.183,1.892
24.57631206512451,0.852,1.317,-166.437,-0.488,0.183,1.892
24.581280946731567,0.851,1.317,-166.437,-0.549,0.183,1.831
24.58630895614624,0.85,1.317,-166.437,-0.549,0.183,1.77
24.59134292602539,0.849,1.318,-166.438,-0.488,0.244,1.77
24.596296072006226,0.849,1.318,-166.437,-0.305,0.244,1.831
24.60128879547119,0.85,1.318,-166.437,-0.244,0.244,1.892
24.606292963027954,0.851,1.318,-166.436,-0.122,0.244,1.953
24.61132001876831,0.851,1.318,-166.436,-0.244,0.244,1.892
24.616327047348022,0.851,1.318,-166.436,-0.427,0.244,1.831
24.621304988861084,0.85,1.318,-166.436,-0.61,0.244,1.831
24.626283884048462,0.848,1.319,-166.436,-0.61,0.244,1.77
24.631298065185547,0.847,1.319,-166.436,-0.549,0.183,1.77
24.636301040649414,0.847,1.318,-166.437,-0.427,0.244,1.77
24.641352891921997,0.847,1.318,-166.436,-0.305,0.244,1.892
24.646278142929077,0.848,1.317,-166.436,-0.061,0.244,1.892
24.651291131973267,0.85,1.317,-166.436,-0.122,0.305,1.892
24.65628695487976,0.85,1.317,-166.435,-0.244,0.305,1.892
24.661297082901,0.85,1.317,-166.435,-0.427,0.244,1.892
24.666280031204224,0.848,1.317,-166.434,-0.671,0.183,1.892
24.671293020248413,0.848,1.318,-166.434,-0.61,0.183,1.892
24.676412105560303,0.847,1.318,-166.434,-0.61,0.183,1.77
24.681288242340088,0.846,1.317,-166.434,-0.488,0.305,1.77
24.68629813194275,0.847,1.317,-166.434,-0.305,0.305,1.892
24.691272974014282,0.847,1.316,-166.433,-0.122,0.305,1.892
24.696332931518555,0.848,1.316,-166.433,-0.122,0.244,1.892
24.70128607749939,0.849,1.316,-166.432,-0.244,0.244,1.892
24.706284999847412,0.848,1.316,-166.432,-0.488,0.244,1.892
24.71127486228943,0.847,1.315,-166.431,-0.549,0.244,1.892
24.716287851333618,0.846,1.315,-166.431,-0.549,0.244,1.892
24.721272945404053,0.846,1.315,-166.43,-0.488,0.244,1.892
24.726282835006714,0.846,1.315,-166.43,-0.305,0.244,1.892
24.731293201446533,0.847,1.314,-166.429,-0.183,0.305,1.953
24.736307859420776,0.848,1.314,-166.429,-0.183,0.244,1.892
24.741261959075928,0.848,1.314,-166.428,-0.244,0.244,1.892
24.746299982070923,0.848,1.314,-166.428,-0.427,0.305,1.892
24.751282215118408,0.847,1.314,-166.428,-0.549,0.244,1.831
24.756285190582275,0.846,1.314,-166.428,-0.549,0.183,1.831
24.761237859725952,0.845,1.314,-166.427,-0.549,0.183,1.831
24.765569925308228,0.845,1.314,-166.427,-0.427,0.183,1.953
24.77053999900818,0.845,1.314,-166.426,-0.305,0.244,1.892
24.775538206100464,0.847,1.315,-166.427,-0.122,0.244,1.953
24.780538082122803,0.849,1.316,-166.43,-0.122,0.183,1.892
24.785555839538574,0.851,1.316,-166.433,-0.305,0.183,1.892
24.791603803634644,0.852,1.317,-166.436,-0.549,0.244,1.892
24.795512914657593,0.853,1.318,-166.439,-0.549,0.244,1.831
24.80055594444275,0.854,1.319,-166.442,-0.549,0.183,1.831
24.80555510520935,0.856,1.32,-166.445,-0.427,0.183,1.831
24.81062388420105,0.858,1.32,-166.448,-0.305,0.305,1.892
24.815524101257324,0.86,1.32,-166.451,-0.305,0.244,1.831
24.820898056030273,0.863,1.321,-166.454,-0.244,0.183,1.831
24.825665950775146,0.865,1.322,-166.456,-0.244,0.183,1.892
24.830470085144043,0.866,1.323,-166.459,-0.427,0.244,1.892
24.835705041885376,0.866,1.323,-166.461,-0.488,0.244,1.892
24.84057116508484,0.867,1.324,-166.463,-0.488,0.244,1.892
24.84544086456299,0.869,1.325,-166.466,-0.366,0.183,1.831
24.85048794746399,0.87,1.325,-166.469,-0.366,0.183,1.831
24.855584859848022,0.872,1.326,-166.471,-0.366,0.305,1.892
24.86051607131958,0.873,1.325,-166.473,-0.244,0.305,1.892
24.86548089981079,0.875,1.325,-166.475,-0.366,0.244,1.953
24.870609998703003,0.876,1.324,-166.477,-0.366,0.244,1.953
24.875541925430298,0.878,1.325,-166.48,-0.366,0.183,1.831
24.88046407699585,0.879,1.325,-166.484,-0.488,0.183,1.831
24.885498046875,0.881,1.326,-166.487,-0.427,0.183,1.831
24.89046001434326,0.882,1.327,-166.491,-0.366,0.122,1.831
24.895500898361206,0.884,1.328,-166.494,-0.305,0.183,1.831
24.901315927505493,0.886,1.328,-166.497,-0.305,0.244,1.831
24.90554404258728,0.888,1.329,-166.5,-0.366,0.244,1.831
24.91053795814514,0.889,1.329,-166.504,-0.366,0.183,1.831
24.915662050247192,0.89,1.329,-166.507,-0.427,0.183,1.831
24.92045783996582,0.891,1.33,-166.51,-0.427,0.183,1.831
24.925463914871216,0.892,1.33,-166.512,-0.427,0.305,1.892
24.93054723739624,0.893,1.33,-166.515,-0.427,0.305,1.892
24.935453176498413,0.895,1.331,-166.517,-0.305,0.244,1.892
24.940467834472656,0.896,1.331,-166.52,-0.305,0.244,1.892
24.945497035980225,0.897,1.331,-166.522,-0.305,0.244,1.892
24.950481176376343,0.899,1.331,-166.525,-0.366,0.244,1.892
24.95548105239868,0.899,1.332,-166.527,-0.427,0.183,1.892
24.960474967956543,0.9,1.331,-166.53,-0.488,0.244,1.831
24.965485095977783,0.901,1.331,-166.533,-0.488,0.244,1.77
24.970537185668945,0.902,1.331,-166.536,-0.366,0.244,1.77
24.97572898864746,0.903,1.331,-166.538,-0.305,0.244,1.831
24.980520009994507,0.903,1.332,-166.539,-0.244,0.244,1.953
24.985509157180786,0.904,1.332,-166.539,-0.244,0.183,1.892
24.99048686027527,0.904,1.332,-166.54,-0.244,0.183,1.892
24.995457887649536,0.904,1.332,-166.541,-0.427,0.183,1.892
25.000530004501343,0.903,1.333,-166.542,-0.427,0.244,1.831
25.005481958389282,0.903,1.333,-166.543,-0.549,0.244,1.831
25.010451793670654,0.903,1.333,-166.544,-0.427,0.244,1.831
25.016448974609375,0.902,1.333,-166.545,-0.427,0.244,1.831
25.020468950271606,0.902,1.333,-166.546,-0.366,0.244,1.892
25.025534868240356,0.903,1.333,-166.547,-0.244,0.244,1.892
25.03053903579712,0.904,1.334,-166.547,-0.244,0.244,1.892
25.035515069961548,0.904,1.333,-166.548,-0.305,0.305,1.892
25.040458917617798,0.904,1.333,-166.549,-0.427,0.244,1.892
25.045450925827026,0.904,1.333,-166.549,-0.488,0.244,1.831
25.05042290687561,0.903,1.333,-166.55,-0.549,0.183,1.953
25.055413961410522,0.902,1.334,-166.551,-0.427,0.183,1.831
25.060420036315918,0.902,1.334,-166.552,-0.366,0.244,1.831
25.065460920333862,0.903,1.334,-166.552,-0.305,0.244,1.953
25.070449113845825,0.903,1.334,-166.552,-0.305,0.244,1.953
25.07544207572937,0.903,1.334,-166.553,-0.305,0.244,1.831
25.080413103103638,0.903,1.335,-166.554,-0.305,0.244,1.831
25.08543300628662,0.903,1.334,-166.555,-0.488,0.244,1.831
25.090403079986572,0.901,1.333,-166.556,-0.549,0.244,1.831
25.09546685218811,0.901,1.333,-166.557,-0.549,0.244,1.831
25.100406885147095,0.9,1.333,-166.558,-0.488,0.183,1.831
25.10542607307434,0.901,1.332,-166.558,-0.366,0.305,1.892
25.1104679107666,0.902,1.332,-166.559,-0.244,0.366,1.892
25.11543107032776,0.903,1.332,-166.559,-0.183,0.366,1.892
25.1204891204834,0.905,1.332,-166.559,-0.183,0.183,1.953
25.12556004524231,0.906,1.332,-166.56,-0.244,0.183,1.831
25.131402015686035,0.905,1.332,-166.561,-0.488,0.305,1.77
25.13541603088379,0.904,1.331,-166.562,-0.671,0.244,1.77
25.140446186065674,0.903,1.331,-166.563,-0.671,0.244,1.77
25.14544987678528,0.903,1.331,-166.564,-0.488,0.244,1.77
25.150448083877563,0.904,1.33,-166.565,-0.244,0.244,1.831
25.15545105934143,0.906,1.329,-166.565,-0.183,0.305,1.892
25.160603046417236,0.908,1.33,-166.566,-0.183,0.305,1.892
25.165444135665894,0.909,1.33,-166.566,-0.183,0.244,1.892
25.170434951782227,0.908,1.33,-166.566,-0.366,0.122,1.892
25.17543387413025,0.907,1.329,-166.567,-0.488,0.244,1.892
25.180410146713257,0.906,1.329,-166.567,-0.549,0.366,1.831
25.185389041900635,0.906,1.329,-166.568,-0.488,0.244,1.831
25.19051694869995,0.906,1.33,-166.569,-0.488,-0.0,1.831
25.195362091064453,0.906,1.331,-166.569,-0.488,0.122,1.831
25.20041799545288,0.906,1.33,-166.57,-0.488,0.366,1.77
25.20539093017578,0.907,1.329,-166.571,-0.488,0.366,1.892
25.2104070186615,0.907,1.33,-166.571,-0.366,0.122,1.953
25.215425968170166,0.908,1.33,-166.571,-0.122,0.183,1.892
25.220407962799072,0.909,1.33,-166.571,-0.061,0.305,1.892
25.225409984588623,0.909,1.331,-166.571,-0.244,0.305,1.892
25.23043394088745,0.908,1.33,-166.572,-0.488,0.183,1.892
25.235419034957886,0.906,1.33,-166.573,-0.732,0.122,1.77
25.240410089492798,0.903,1.329,-166.573,-0.977,0.183,1.77
25.245540142059326,0.903,1.328,-166.574,-0.793,0.305,1.77
25.250477075576782,0.905,1.327,-166.575,-0.427,0.244,1.831
25.25537395477295,0.908,1.327,-166.575,-0.0,0.244,1.953
25.260411024093628,0.911,1.326,-166.575,0.305,0.427,2.014
25.265476942062378,0.914,1.327,-166.574,0.305,0.305,2.014
25.27041983604431,0.912,1.326,-166.572,-0.0,0.305,1.892
25.275393962860107,0.908,1.326,-166.569,-0.488,0.183,1.831
25.28042197227478,0.903,1.325,-166.566,-0.977,0.122,1.831
25.285394191741943,0.896,1.324,-166.562,-1.221,0.183,1.77
25.290398120880127,0.892,1.322,-166.559,-0.977,0.305,1.831
25.295362949371338,0.892,1.321,-166.555,-0.427,0.305,1.953
25.300413131713867,0.893,1.32,-166.55,0.122,0.244,2.075
25.305444955825806,0.895,1.32,-166.545,0.488,0.305,2.075
25.310359001159668,0.895,1.319,-166.541,0.244,0.305,2.075
25.315379858016968,0.892,1.319,-166.537,-0.183,0.305,1.892
25.320478200912476,0.886,1.32,-166.534,-0.671,0.122,1.77
25.325390100479126,0.879,1.32,-166.531,-1.16,0.061,1.77
25.330368041992188,0.872,1.319,-166.528,-1.221,0.183,1.709
25.335444927215576,0.869,1.318,-166.526,-0.793,0.244,1.77
25.340396881103516,0.869,1.318,-166.522,-0.183,0.244,1.953
25.34538197517395,0.871,1.318,-166.519,0.305,0.244,1.953
25.350382089614868,0.873,1.318,-166.515,0.488,0.366,1.953
25.35556197166443,0.873,1.317,-166.512,0.244,0.366,1.953
25.360571146011353,0.871,1.317,-166.509,-0.244,0.305,1.953
25.365410089492798,0.865,1.317,-166.506,-0.916,0.183,1.831
25.37054991722107,0.859,1.317,-166.504,-1.221,0.183,1.77
25.37546992301941,0.855,1.317,-166.502,-1.221,0.183,1.77
25.380401134490967,0.853,1.316,-166.5,-0.671,0.244,1.831
25.38538098335266,0.856,1.315,-166.497,-0.0,0.244,1.953
25.390456914901733,0.86,1.315,-166.494,0.427,0.244,2.014
25.39541506767273,0.863,1.315,-166.491,0.427,0.305,2.014
25.40039896965027,0.863,1.314,-166.489,0.061,0.305,1.953
25.405524015426636,0.86,1.314,-166.486,-0.488,0.183,1.831
25.410398244857788,0.854,1.315,-166.484,-0.977,0.122,1.831
25.41548204421997,0.848,1.315,-166.483,-1.221,0.183,1.709
25.420412063598633,0.845,1.315,-166.482,-1.038,0.183,1.709
25.425420999526978,0.845,1.315,-166.481,-0.549,0.183,1.77
25.430434942245483,0.847,1.315,-166.478,-0.061,0.244,1.953
25.43543314933777,0.85,1.314,-166.476,0.244,0.305,1.953
25.44037699699402,0.852,1.314,-166.474,0.244,0.244,1.953
25.445406198501587,0.852,1.314,-166.471,-0.0,0.305,1.892
25.450381994247437,0.85,1.314,-166.47,-0.427,0.244,1.831
25.455394983291626,0.846,1.313,-166.469,-0.916,0.183,1.709
25.460443019866943,0.842,1.313,-166.467,-1.099,0.183,1.77
25.46538519859314,0.839,1.313,-166.466,-0.916,0.183,1.77
25.471304893493652,0.839,1.313,-166.464,-0.427,0.244,1.892
25.475407123565674,0.842,1.313,-166.463,-0.0,0.244,1.892
25.480387926101685,0.845,1.313,-166.46,0.183,0.244,2.014
25.485448837280273,0.846,1.313,-166.458,0.061,0.244,1.953
25.490411043167114,0.846,1.312,-166.457,-0.244,0.244,1.892
25.495405912399292,0.844,1.312,-166.456,-0.61,0.244,1.77
25.50039315223694,0.841,1.312,-166.455,-0.854,0.244,1.77
25.505385160446167,0.839,1.312,-166.453,-0.793,0.244,1.831
25.510419845581055,0.839,1.312,-166.452,-0.488,0.244,1.892
25.515505075454712,0.84,1.312,-166.45,-0.244,0.244,1.892
25.520395040512085,0.841,1.312,-166.449,-0.0,0.244,1.892
25.525391101837158,0.842,1.312,-166.447,-0.0,0.244,2.014
25.53065586090088,0.842,1.312,-166.445,-0.061,0.244,1.953
25.535428047180176,0.84,1.312,-166.443,-0.366,0.244,1.892
25.540430068969727,0.837,1.31,-166.442,-0.61,0.244,1.831
25.545404195785522,0.835,1.312,-166.441,-0.549,0.244,1.831
25.550473928451538,0.833,1.314,-166.44,-0.793,0.244,1.831
25.555390119552612,0.831,1.312,-166.439,-1.282,0.244,1.831
25.560400009155273,0.831,1.311,-166.438,-0.549,-0.0,1.831
25.56538200378418,0.835,1.311,-166.437,0.244,0.244,1.953
25.570483922958374,0.839,1.311,-166.435,0.305,0.488,2.014
25.575355052947998,0.841,1.31,-166.432,0.244,0.61,2.014
25.580332040786743,0.84,1.308,-166.43,0.122,0.305,1.953
25.586332082748413,0.837,1.309,-166.428,-0.488,-0.0,1.831
25.590312004089355,0.831,1.31,-166.426,-1.221,-0.0,1.831
25.595306873321533,0.825,1.31,-166.425,-1.404,0.244,1.77
25.60031819343567,0.822,1.311,-166.423,-1.16,0.244,1.77
25.605406045913696,0.823,1.309,-166.422,-0.61,0.244,1.831
25.610293865203857,0.827,1.308,-166.42,0.061,-0.0,1.953
25.615304946899414,0.831,1.308,-166.418,0.427,0.305,1.953
25.620318174362183,0.834,1.307,-166.416,-0.0,0.671,1.953
25.625339031219482,0.833,1.305,-166.413,-0.244,0.427,2.014
25.63034200668335,0.83,1.307,-166.411,-0.244,-0.0,1.892
25.635320901870728,0.827,1.309,-166.409,-0.427,-0.0,1.892
25.640362977981567,0.824,1.309,-166.408,-0.916,0.244,1.831
25.645310878753662,0.82,1.309,-166.407,-0.916,0.305,1.77
25.650327920913696,0.819,1.307,-166.406,-0.916,0.244,1.77
25.655333995819092,0.818,1.307,-166.404,-0.61,0.061,1.953
25.66033101081848,0.821,1.308,-166.403,-0.0,0.244,1.831
25.665319204330444,0.824,1.308,-166.401,0.244,0.305,2.014
25.670323848724365,0.826,1.308,-166.398,0.183,0.305,2.014
25.675287008285522,0.827,1.308,-166.398,-0.0,0.244,1.953
25.680344104766846,0.825,1.308,-166.398,-0.488,0.183,1.831
25.685328006744385,0.824,1.309,-166.401,-0.916,0.305,1.77
25.690333127975464,0.822,1.31,-166.403,-1.038,0.183,1.77
25.69534206390381,0.823,1.31,-166.405,-0.854,0.122,1.77
25.70042586326599,0.826,1.31,-166.407,-0.488,0.122,1.892
25.70530605316162,0.832,1.309,-166.408,-0.0,0.366,2.014
25.710313081741333,0.837,1.308,-166.409,0.244,0.366,1.953
25.715325117111206,0.841,1.309,-166.41,0.366,0.366,2.014
25.720314025878906,0.843,1.31,-166.411,-0.0,0.183,2.014
25.725303888320923,0.842,1.31,-166.412,-0.61,0.183,1.892
25.73034906387329,0.84,1.31,-166.414,-1.16,0.183,1.709
25.735294818878174,0.837,1.31,-166.416,-1.404,0.183,1.709
25.740302085876465,0.837,1.31,-166.419,-1.038,0.183,1.709
25.74532389640808,0.841,1.311,-166.42,-0.305,0.183,1.892
25.750477075576782,0.847,1.312,-166.421,0.366,0.244,2.014
25.75530505180359,0.853,1.311,-166.421,0.61,0.427,2.075
25.760306119918823,0.856,1.311,-166.421,0.305,0.427,2.075
25.765308141708374,0.855,1.311,-166.422,-0.244,0.244,1.953
25.770297050476074,0.852,1.312,-166.423,-0.793,0.183,1.831
25.775295972824097,0.847,1.313,-166.425,-1.221,0.183,1.709
25.780294179916382,0.843,1.313,-166.426,-1.282,0.183,1.709
25.78531813621521,0.843,1.313,-166.428,-0.977,0.183,1.831
25.79030203819275,0.846,1.313,-166.428,-0.366,0.183,1.892
25.795268058776855,0.852,1.312,-166.429,0.183,0.305,1.892
25.800267934799194,0.858,1.313,-166.429,0.488,0.366,2.014
25.805288076400757,0.862,1.313,-166.43,0.305,0.366,1.953
25.810290098190308,0.862,1.313,-166.43,-0.244,0.305,1.953
25.81552815437317,0.859,1.313,-166.43,-0.793,0.122,1.892
25.820306062698364,0.855,1.313,-166.432,-1.16,0.122,1.648
25.825286149978638,0.852,1.313,-166.434,-1.16,0.183,1.709
25.830293893814087,0.852,1.314,-166.435,-0.732,0.183,1.831
25.835263967514038,0.856,1.315,-166.435,-0.061,0.183,1.953
25.840298891067505,0.861,1.315,-166.435,0.244,0.244,2.075
25.84526515007019,0.865,1.314,-166.435,0.244,0.305,2.014
25.850279092788696,0.867,1.314,-166.434,-0.061,0.305,2.014
25.857319116592407,0.866,1.314,-166.435,-0.488,0.244,1.892
25.860610008239746,0.862,1.315,-166.436,-0.916,0.122,1.77
25.865307092666626,0.859,1.316,-166.437,-0.977,0.061,1.77
25.870366096496582,0.858,1.316,-166.438,-0.854,0.183,1.77
25.875962018966675,0.858,1.315,-166.438,-0.549,0.244,1.892
25.87952494621277,0.862,1.315,-166.438,-0.0,0.244,1.953
25.8852641582489,0.865,1.315,-166.437,0.183,0.244,1.953
25.890254020690918,0.867,1.316,-166.437,0.122,0.244,2.014
25.895246982574463,0.867,1.317,-166.436,-0.183,0.244,1.892
25.900264024734497,0.865,1.317,-166.437,-0.671,0.244,1.831
25.905235052108765,0.862,1.317,-166.437,-0.977,0.122,1.831
25.910236120224,0.86,1.317,-166.437,-0.977,0.244,1.831
25.91526699066162,0.86,1.317,-166.437,-0.61,0.244,1.831
25.920253038406372,0.863,1.317,-166.437,-0.183,0.244,2.014
25.924382209777832,0.866,1.317,-166.436,0.061,0.244,2.014
25.93034601211548,0.869,1.317,-166.435,0.122,0.244,2.014
25.93448495864868,0.871,1.317,-166.436,-0.061,0.244,1.831
25.939502000808716,0.871,1.316,-166.436,-0.366,0.244,1.831
25.944496154785156,0.87,1.317,-166.436,-0.671,0.183,1.77
25.94951891899109,0.868,1.317,-166.437,-0.916,0.183,1.77
25.954648971557617,0.867,1.317,-166.437,-0.793,0.183,1.892
25.959644079208374,0.866,1.317,-166.437,-0.549,0.244,1.892
25.964632987976074,0.868,1.317,-166.436,-0.122,0.244,1.892
25.969495058059692,0.869,1.317,-166.435,-0.0,0.305,1.892
25.974529027938843,0.869,1.316,-166.431,-0.0,0.244,1.953
25.97951602935791,0.868,1.315,-166.428,-0.122,0.244,1.953
25.984510898590088,0.865,1.315,-166.425,-0.366,0.244,1.953
25.989662170410156,0.861,1.314,-166.422,-0.671,0.244,1.831
25.99462103843689,0.857,1.314,-166.42,-0.732,0.122,1.831
25.999567985534668,0.854,1.314,-166.418,-0.61,0.183,1.77
26.004475116729736,0.853,1.314,-166.416,-0.366,0.183,1.831
26.009544849395752,0.854,1.314,-166.413,-0.122,0.244,1.892
26.014453887939453,0.855,1.314,-166.41,-0.061,0.244,1.953
26.019479990005493,0.855,1.314,-166.407,-0.183,0.183,1.953
26.024453163146973,0.854,1.314,-166.405,-0.244,0.244,1.892
26.029433012008667,0.852,1.314,-166.403,-0.488,0.244,1.77
26.03446102142334,0.85,1.314,-166.401,-0.671,0.244,1.831
26.039414882659912,0.848,1.313,-166.399,-0.671,0.183,1.831
26.045406103134155,0.846,1.313,-166.397,-0.427,0.244,1.831
26.049438953399658,0.846,1.312,-166.395,-0.244,0.305,1.831
26.054380893707275,0.846,1.312,-166.393,-0.122,0.244,1.953
26.059406042099,0.846,1.312,-166.39,-0.122,0.244,1.953
26.064409971237183,0.846,1.312,-166.388,-0.183,0.183,1.892
26.069370985031128,0.844,1.312,-166.386,-0.427,0.183,1.831
26.07436990737915,0.843,1.312,-166.386,-0.61,0.244,1.831
26.079396963119507,0.841,1.312,-166.386,-0.61,0.122,1.77
26.08444905281067,0.84,1.313,-166.385,-0.61,0.183,1.892
26.089436054229736,0.84,1.313,-166.384,-0.427,0.183,1.953
26.094428062438965,0.842,1.312,-166.383,-0.183,0.305,1.892
26.099392890930176,0.844,1.312,-166.383,-0.122,0.305,1.831
26.104414224624634,0.846,1.312,-166.382,-0.122,0.244,1.892
26.109403133392334,0.846,1.312,-166.381,-0.305,0.244,1.953
26.11442494392395,0.846,1.311,-166.381,-0.366,0.244,1.831
26.119415998458862,0.845,1.311,-166.381,-0.549,0.244,1.831
26.1244900226593,0.845,1.311,-166.38,-0.549,0.183,1.831
26.129435062408447,0.845,1.311,-166.38,-0.488,0.183,1.831
26.134793996810913,0.845,1.311,-166.379,-0.366,0.183,1.892
26.13974905014038,0.846,1.312,-166.379,-0.244,0.183,1.892
26.144731998443604,0.847,1.312,-166.378,-0.183,0.244,1.953
26.149720907211304,0.847,1.312,-166.377,-0.244,0.244,1.831
26.155328035354614,0.847,1.312,-166.377,-0.366,0.244,1.831
26.159754991531372,0.846,1.312,-166.377,-0.427,0.244,1.77
26.164710998535156,0.845,1.312,-166.377,-0.427,0.244,1.77
26.16965103149414,0.845,1.313,-166.376,-0.427,0.183,1.892
26.174444913864136,0.843,1.313,-166.375,-0.427,0.183,1.892
26.17951202392578,0.842,1.312,-166.373,-0.366,0.244,1.892
26.184507131576538,0.841,1.312,-166.37,-0.366,0.244,1.892
26.189478158950806,0.84,1.312,-166.368,-0.427,0.244,1.831
26.19442081451416,0.838,1.311,-166.365,-0.427,0.244,1.953
26.199464082717896,0.837,1.311,-166.362,-0.427,0.244,1.892
26.204609870910645,0.835,1.311,-166.359,-0.427,0.244,1.831
26.209502935409546,0.833,1.31,-166.357,-0.427,0.244,1.831
26.214376211166382,0.832,1.31,-166.355,-0.366,0.244,1.831
26.219438076019287,0.831,1.311,-166.353,-0.366,0.183,1.831
26.224403858184814,0.831,1.311,-166.35,-0.366,0.244,1.892
26.22959613800049,0.83,1.311,-166.348,-0.366,0.244,1.892
26.234536170959473,0.829,1.31,-166.345,-0.427,0.305,1.892
26.239861011505127,0.828,1.31,-166.343,-0.427,0.244,1.892
26.244627952575684,0.828,1.309,-166.341,-0.305,0.244,1.831
26.24935007095337,0.827,1.309,-166.339,-0.305,0.244,1.831
26.254407167434692,0.827,1.308,-166.337,-0.244,0.305,1.831
26.25935196876526,0.826,1.308,-166.335,-0.366,0.244,1.831
26.264354944229126,0.825,1.308,-166.333,-0.488,0.183,1.831
26.270370960235596,0.823,1.307,-166.331,-0.549,0.244,1.831
26.274380922317505,0.822,1.307,-166.33,-0.488,0.244,1.831
26.279354095458984,0.821,1.307,-166.328,-0.366,0.244,1.831
26.284377098083496,0.822,1.307,-166.327,-0.244,0.244,1.831
26.289340019226074,0.822,1.307,-166.325,-0.183,0.183,1.953
26.294434070587158,0.822,1.307,-166.323,-0.183,0.244,1.892
26.299451112747192,0.822,1.307,-166.321,-0.366,0.244,1.892
26.304463148117065,0.82,1.306,-166.32,-0.549,0.244,1.892
26.309473991394043,0.818,1.306,-166.318,-0.671,0.244,1.831
26.31450581550598,0.817,1.305,-166.316,-0.61,0.244,1.892
26.31952714920044,0.817,1.305,-166.315,-0.427,0.244,1.892
26.32459592819214,0.817,1.305,-166.313,-0.244,0.244,1.892
26.329459190368652,0.817,1.305,-166.311,-0.122,0.244,1.953
26.33451795578003,0.818,1.304,-166.31,-0.183,0.305,1.953
26.339505195617676,0.817,1.304,-166.308,-0.244,0.305,1.892
26.34455704689026,0.815,1.304,-166.307,-0.488,0.244,1.892
26.349611043930054,0.813,1.304,-166.305,-0.671,0.244,1.831
26.35469889640808,0.812,1.304,-166.304,-0.671,0.183,1.831
26.3596510887146,0.811,1.304,-166.303,-0.549,0.244,1.831
26.36440110206604,0.812,1.304,-166.302,-0.305,0.244,1.831
26.369712114334106,0.813,1.304,-166.3,-0.183,0.244,1.892
26.374433994293213,0.814,1.304,-166.298,-0.122,0.244,1.953
26.379431009292603,0.814,1.304,-166.295,-0.183,0.244,1.953
26.385404109954834,0.813,1.304,-166.294,-0.366,0.244,1.831
26.38966703414917,0.811,1.304,-166.292,-0.61,0.244,1.831
26.394622087478638,0.809,1.303,-166.291,-0.671,0.244,1.77
26.399379014968872,0.807,1.303,-166.29,-0.671,0.244,1.77
26.404671907424927,0.806,1.303,-166.288,-0.427,0.244,1.77
26.40937113761902,0.807,1.303,-166.286,-0.183,0.244,1.953
26.414653062820435,0.808,1.304,-166.284,-0.061,0.244,2.014
26.41953992843628,0.809,1.304,-166.282,-0.122,0.183,1.953
26.424594163894653,0.809,1.305,-166.28,-0.366,0.183,1.953
26.42966914176941,0.807,1.305,-166.278,-0.61,0.183,1.831
26.434624910354614,0.805,1.305,-166.277,-0.732,0.183,1.831
26.43962001800537,0.804,1.305,-166.276,-0.671,0.183,1.831
26.444941997528076,0.804,1.306,-166.275,-0.427,0.183,1.831
26.44965696334839,0.806,1.305,-166.273,-0.122,0.183,1.892
26.454585075378418,0.809,1.305,-166.271,-0.0,0.244,1.953
26.459596872329712,0.81,1.305,-166.269,-0.061,0.244,1.953
26.464449882507324,0.811,1.305,-166.267,-0.244,0.244,1.953
26.469593048095703,0.81,1.305,-166.266,-0.549,0.244,1.892
26.474579095840454,0.807,1.305,-166.265,-0.732,0.183,1.77
26.479578971862793,0.806,1.305,-166.264,-0.793,0.183,1.77
26.484539031982422,0.805,1.305,-166.263,-0.671,0.183,1.77
26.489585161209106,0.806,1.305,-166.262,-0.366,0.244,1.892
26.494640111923218,0.808,1.305,-166.26,-0.061,0.244,1.892
26.499861001968384,0.81,1.305,-166.259,-0.0,0.244,1.953
26.504575967788696,0.812,1.305,-166.257,-0.122,0.305,1.953
26.509557008743286,0.811,1.305,-166.256,-0.366,0.244,1.892
26.514655828475952,0.81,1.305,-166.255,-0.671,0.183,1.77
26.519556999206543,0.808,1.305,-166.254,-0.732,0.183,1.831
26.524599075317383,0.807,1.305,-166.253,-0.61,0.183,1.831
26.52950382232666,0.808,1.305,-166.252,-0.366,0.244,1.892
26.53447914123535,0.809,1.306,-166.25,-0.122,0.183,1.892
26.539347887039185,0.811,1.305,-166.249,-0.122,0.244,1.953
26.544536113739014,0.812,1.305,-166.247,-0.244,0.244,1.892
26.549466133117676,0.812,1.304,-166.246,-0.305,0.305,1.892
26.554517030715942,0.811,1.305,-166.245,-0.366,0.305,1.892
26.559603929519653,0.811,1.306,-166.244,-0.366,0.183,1.892
26.564584016799927,0.81,1.306,-166.242,-0.427,0.183,1.892
26.56957721710205,0.809,1.306,-166.242,-0.549,0.244,1.831
26.574553966522217,0.808,1.305,-166.24,-0.61,0.183,1.892
26.57952308654785,0.807,1.305,-166.239,-0.549,0.183,1.892
26.58453106880188,0.808,1.305,-166.238,-0.366,0.183,1.892
26.589550018310547,0.809,1.305,-166.237,-0.244,0.305,1.892
26.594513177871704,0.812,1.305,-166.236,-0.122,0.305,1.892
26.599558115005493,0.813,1.305,-166.235,-0.122,0.305,1.892
26.604564905166626,0.814,1.305,-166.234,-0.244,0.244,1.892
26.61033320426941,0.814,1.305,-166.233,-0.488,0.244,1.892
26.614527940750122,0.812,1.304,-166.232,-0.671,0.305,1.77
26.61951208114624,0.811,1.304,-166.232,-0.732,0.183,1.831
26.624417066574097,0.81,1.303,-166.231,-0.549,0.183,1.831
26.629512071609497,0.811,1.302,-166.23,-0.427,0.305,1.831
26.63434100151062,0.813,1.302,-166.229,-0.183,0.305,1.892
26.6395161151886,0.815,1.303,-166.228,-0.0,0.305,1.892
26.6443510055542,0.817,1.304,-166.227,-0.0,0.183,1.953
26.649413108825684,0.818,1.305,-166.226,-0.122,0.183,1.953
26.654517889022827,0.816,1.305,-166.225,-0.61,0.183,1.831
26.659430980682373,0.814,1.305,-166.224,-0.916,0.183,1.831
26.664467811584473,0.813,1.305,-166.225,-1.038,0.183,1.831
26.669508934020996,0.814,1.305,-166.227,-0.732,0.183,1.831
26.67451310157776,0.817,1.305,-166.228,-0.244,0.244,1.953
26.67941403388977,0.823,1.306,-166.231,0.122,0.305,1.953
26.684488773345947,0.829,1.306,-166.232,0.244,0.305,2.075
26.68948006629944,0.833,1.307,-166.234,0.061,0.183,2.014
26.694475889205933,0.835,1.307,-166.237,-0.366,0.183,1.831
26.699594020843506,0.835,1.308,-166.24,-0.793,0.244,1.709
26.70445203781128,0.835,1.308,-166.244,-1.038,0.244,1.709
26.709469079971313,0.835,1.308,-166.247,-1.038,0.183,1.77
26.71448016166687,0.837,1.309,-166.25,-0.61,0.183,1.77
26.719465255737305,0.842,1.309,-166.252,-0.061,0.305,1.892
26.725426197052002,0.848,1.31,-166.253,0.244,0.305,2.075
26.729427814483643,0.852,1.31,-166.254,0.244,0.305,2.075
26.734472036361694,0.855,1.311,-166.256,-0.122,0.244,1.953
26.73944401741028,0.855,1.311,-166.258,-0.549,0.244,1.892
26.744431972503662,0.853,1.312,-166.261,-0.916,0.244,1.77
26.749478101730347,0.852,1.313,-166.263,-0.977,0.122,1.77
26.75444197654724,0.852,1.314,-166.265,-0.732,0.122,1.892
26.759461164474487,0.855,1.315,-166.267,-0.244,0.183,1.892
26.764493942260742,0.859,1.315,-166.27,-0.0,0.305,1.953
26.769443035125732,0.864,1.315,-166.273,0.061,0.305,1.953
26.774415969848633,0.867,1.316,-166.276,-0.061,0.305,1.953
26.77950406074524,0.869,1.317,-166.279,-0.427,0.183,1.831
26.7844660282135,0.868,1.317,-166.283,-0.732,0.183,1.77
26.78941512107849,0.867,1.318,-166.286,-0.854,0.183,1.77
26.79446506500244,0.866,1.319,-166.29,-0.793,0.183,1.831
26.79942011833191,0.868,1.32,-166.293,-0.488,0.183,1.831
26.804413080215454,0.871,1.32,-166.295,-0.122,0.305,1.953
26.809401988983154,0.875,1.321,-166.298,0.061,0.305,1.953
26.814369916915894,0.878,1.321,-166.3,-0.0,0.305,1.953
26.819396018981934,0.88,1.322,-166.303,-0.244,0.244,1.953
26.824414253234863,0.88,1.322,-166.305,-0.549,0.244,1.831
26.829397916793823,0.879,1.322,-166.308,-0.793,0.244,1.831
26.83439612388611,0.878,1.323,-166.311,-0.793,0.183,1.831
26.83955693244934,0.88,1.323,-166.314,-0.549,0.244,1.831
26.844388961791992,0.882,1.323,-166.316,-0.305,0.244,1.892
26.84942603111267,0.887,1.323,-166.319,-0.061,0.244,1.892
26.854350090026855,0.891,1.323,-166.321,-0.0,0.305,1.953
26.859398126602173,0.893,1.323,-166.323,-0.183,0.244,1.953
26.8643901348114,0.894,1.323,-166.324,-0.427,0.244,1.953
26.869406938552856,0.894,1.323,-166.327,-0.671,0.244,1.77
26.874366998672485,0.893,1.324,-166.33,-0.732,0.244,1.831
26.87934899330139,0.894,1.324,-166.332,-0.61,0.244,1.831
26.88438391685486,0.895,1.324,-166.334,-0.427,0.244,1.892
26.889389991760254,0.897,1.325,-166.336,-0.244,0.244,1.892
26.89438509941101,0.9,1.325,-166.337,-0.122,0.244,1.953
26.89936923980713,0.902,1.325,-166.339,-0.122,0.244,1.892
26.904448986053467,0.903,1.325,-166.341,-0.366,0.244,1.892
26.9093120098114,0.903,1.325,-166.343,-0.549,0.183,1.892
26.914361000061035,0.903,1.325,-166.345,-0.549,0.183,1.831
26.919409036636353,0.903,1.327,-166.347,-0.488,0.183,1.831
26.924328088760376,0.904,1.327,-166.349,-0.366,0.122,1.831
26.929331064224243,0.906,1.328,-166.351,-0.244,0.061,1.831
26.93441104888916,0.908,1.329,-166.353,-0.122,0.122,1.831
26.9393630027771,0.91,1.329,-166.354,-0.366,0.366,1.953
26.944350242614746,0.911,1.328,-166.356,-0.549,0.366,1.892
26.94934916496277,0.911,1.329,-166.357,-0.366,0.183,1.892
26.954665184020996,0.912,1.329,-166.359,-0.366,0.244,1.892
26.9593608379364,0.912,1.329,-166.36,-0.366,0.305,1.953
26.964354991912842,0.912,1.329,-166.361,-0.244,0.305,1.953
26.969335079193115,0.914,1.329,-166.363,-0.366,0.305,1.892
26.974363088607788,0.914,1.329,-166.365,-0.549,0.183,1.892
26.979302167892456,0.915,1.33,-166.369,-0.427,0.244,1.892
26.984341859817505,0.917,1.331,-166.372,-0.427,0.183,1.892
26.989309072494507,0.919,1.331,-166.376,-0.549,0.122,1.892
26.99431014060974,0.921,1.331,-166.38,-0.488,0.183,1.77
26.999378204345703,0.924,1.331,-166.383,-0.366,0.366,1.892
27.004305124282837,0.927,1.331,-166.386,-0.122,0.305,1.953
27.009339094161987,0.93,1.332,-166.389,0.061,0.305,1.953
27.014425039291382,0.933,1.333,-166.392,-0.061,0.244,1.953
27.019295930862427,0.934,1.333,-166.395,-0.488,0.244,1.892
27.024301052093506,0.933,1.333,-166.398,-0.793,0.183,1.831
27.029322862625122,0.932,1.333,-166.402,-1.038,0.244,1.77
27.034268140792847,0.931,1.333,-166.405,-0.854,0.244,1.831
27.039233922958374,0.934,1.333,-166.408,-0.366,0.305,1.831
27.04378890991211,0.938,1.333,-166.411,-0.0,0.305,1.892
27.049254179000854,0.943,1.334,-166.413,0.244,0.183,2.014
27.05425715446472,0.946,1.335,-166.415,0.061,0.244,1.953
27.059272050857544,0.946,1.334,-166.418,-0.305,0.366,1.892
27.064297199249268,0.945,1.335,-166.421,-0.732,0.183,1.831
27.069573163986206,0.942,1.335,-166.424,-0.977,0.122,1.77
27.074239015579224,0.941,1.336,-166.427,-0.977,0.122,1.77
27.07927703857422,0.942,1.335,-166.43,-0.671,0.244,1.831
27.084285020828247,0.944,1.335,-166.432,-0.183,0.366,1.892
27.088678121566772,0.948,1.335,-166.434,0.183,0.305,2.014
27.09366798400879,0.951,1.336,-166.436,0.305,0.183,2.014
27.09883999824524,0.953,1.337,-166.438,-0.0,0.183,1.831
27.103940963745117,0.952,1.337,-166.441,-0.549,0.183,1.709
27.108901023864746,0.949,1.337,-166.444,-1.038,0.183,1.709
27.114059925079346,0.946,1.337,-166.447,-1.221,0.183,1.709
27.11894702911377,0.945,1.337,-166.45,-0.977,0.244,1.709
27.12391209602356,0.946,1.338,-166.453,-0.366,0.244,1.892
27.128511905670166,0.95,1.338,-166.455,0.122,0.366,1.892
27.1339008808136,0.954,1.338,-166.456,0.305,0.244,1.953
27.13891911506653,0.956,1.337,-166.458,0.122,0.244,1.953
27.143855094909668,0.955,1.337,-166.46,-0.366,0.244,1.953
27.148918867111206,0.951,1.337,-166.462,-0.854,0.244,1.831
27.153992891311646,0.947,1.337,-166.464,-1.099,0.244,1.77
27.159074068069458,0.946,1.338,-166.467,-0.854,0.122,1.77
27.16379404067993,0.947,1.338,-166.469,-0.427,0.244,1.77
27.168848991394043,0.95,1.338,-166.47,-0.061,0.244,1.953
27.17397117614746,0.953,1.338,-166.471,0.122,0.244,1.953
27.17852520942688,0.956,1.339,-166.472,0.122,0.183,1.892
27.18456482887268,0.957,1.339,-166.473,-0.122,0.183,1.892
27.188538074493408,0.955,1.339,-166.474,-0.61,0.183,1.77
27.193845987319946,0.952,1.339,-166.475,-0.916,0.183,1.77
27.198484897613525,0.949,1.34,-166.477,-1.038,0.183,1.77
27.203838109970093,0.948,1.34,-166.478,-0.793,0.183,1.77
27.20881199836731,0.949,1.34,-166.48,-0.305,0.183,1.77
27.213818073272705,0.952,1.341,-166.481,0.061,0.366,1.831
27.218811988830566,0.955,1.34,-166.482,0.122,0.366,1.892
27.2234890460968,0.957,1.34,-166.482,-0.0,0.305,1.892
27.228798866271973,0.956,1.341,-166.483,-0.427,0.183,1.892
27.233782052993774,0.953,1.341,-166.484,-0.793,0.183,1.831
27.238588094711304,0.95,1.342,-166.485,-0.977,0.183,1.77
27.2435200214386,0.948,1.342,-166.487,-0.854,0.244,1.77
27.248947858810425,0.948,1.342,-166.487,-0.427,0.244,1.892
27.25375986099243,0.949,1.341,-166.488,-0.122,0.305,1.892
27.258795976638794,0.951,1.341,-166.489,0.061,0.305,1.892
27.263805150985718,0.951,1.341,-166.489,-0.0,0.305,1.953
27.268691062927246,0.95,1.341,-166.488,-0.244,0.244,1.953
27.273691177368164,0.947,1.342,-166.488,-0.61,0.183,1.892
27.278636932373047,0.944,1.341,-166.488,-0.854,0.244,1.831
27.28364896774292,0.941,1.341,-166.488,-0.854,0.183,1.831
27.28877305984497,0.939,1.341,-166.488,-0.671,0.183,1.831
27.294370889663696,0.939,1.341,-166.488,-0.305,0.183,1.892
27.299198865890503,0.941,1.341,-166.488,-0.0,0.244,1.892
27.303524017333984,0.942,1.34,-166.487,0.061,0.305,1.953
27.30888319015503,0.943,1.34,-166.487,-0.061,0.244,1.953
27.313529014587402,0.942,1.34,-166.486,-0.366,0.183,1.953
27.31850790977478,0.941,1.34,-166.486,-0.671,0.183,1.892
27.323508977890015,0.938,1.34,-166.486,-0.854,0.183,1.77
27.32854390144348,0.937,1.34,-166.486,-0.61,0.183,1.892
27.3335120677948,0.938,1.34,-166.486,-0.366,0.244,1.892
27.338502168655396,0.939,1.341,-166.486,-0.122,0.244,1.892
27.343700885772705,0.941,1.341,-166.485,-0.0,0.244,1.953
27.34875798225403,0.941,1.341,-166.485,-0.061,0.244,1.953
27.353434085845947,0.941,1.341,-166.484,-0.305,0.244,1.953
27.358704090118408,0.939,1.342,-166.484,-0.61,0.244,1.892
27.36371612548828,0.935,1.342,-166.483,-0.732,0.183,1.77
27.36846399307251,0.933,1.342,-166.483,-0.61,0.183,1.831
27.373714208602905,0.932,1.342,-166.482,-0.488,0.244,1.831
27.378707885742188,0.932,1.342,-166.481,-0.244,0.183,1.831
27.38340401649475,0.933,1.342,-166.48,-0.061,0.183,1.831
27.388718128204346,0.934,1.343,-166.479,-0.061,0.183,1.892
27.39349913597107,0.933,1.342,-166.478,-0.244,0.244,1.892
27.398588180541992,0.932,1.341,-166.478,-0.488,0.244,1.709
27.40363597869873,0.93,1.341,-166.477,-0.671,0.244,1.892
27.40942096710205,0.928,1.34,-166.476,-0.671,0.244,1.831
27.413403034210205,0.927,1.34,-166.475,-0.427,0.244,1.892
27.418737173080444,0.927,1.341,-166.475,-0.305,0.244,1.831
27.423717975616455,0.927,1.34,-166.473,-0.122,0.305,2.014
27.4286949634552,0.927,1.34,-166.472,-0.122,0.244,1.953
27.433735132217407,0.926,1.34,-166.471,-0.183,0.183,1.953
27.43868613243103,0.924,1.34,-166.47,-0.427,0.183,1.953
27.443674087524414,0.921,1.34,-166.469,-0.61,0.244,1.892
27.44849705696106,0.919,1.339,-166.468,-0.671,0.183,1.892
27.453713178634644,0.918,1.339,-166.467,-0.488,0.183,1.831
27.458667993545532,0.917,1.339,-166.467,-0.427,0.183,1.892
27.463670015335083,0.917,1.339,-166.465,-0.183,0.244,1.892
27.468658208847046,0.916,1.338,-166.462,-0.122,0.244,1.892
27.473671197891235,0.915,1.337,-166.459,-0.122,0.244,1.892
27.478674173355103,0.913,1.336,-166.455,-0.244,0.244,1.892
27.483667135238647,0.909,1.336,-166.451,-0.488,0.183,1.892
27.488659858703613,0.905,1.335,-166.448,-0.61,0.244,1.892
27.493551015853882,0.902,1.335,-166.444,-0.61,0.183,1.892
27.49865484237671,0.899,1.334,-166.44,-0.488,0.183,1.892
27.503670930862427,0.896,1.334,-166.437,-0.305,0.183,1.892
27.508634090423584,0.894,1.333,-166.433,-0.244,0.305,1.892
27.51347804069519,0.893,1.331,-166.43,-0.183,0.305,1.892
27.518468141555786,0.891,1.331,-166.426,-0.183,0.244,1.892
27.524354934692383,0.89,1.331,-166.423,-0.305,0.183,1.892
27.52871799468994,0.887,1.331,-166.42,-0.488,0.183,1.892
27.5335750579834,0.884,1.331,-166.417,-0.61,0.183,1.831
27.53864097595215,0.881,1.331,-166.415,-0.61,0.183,1.77
27.543659925460815,0.878,1.33,-166.412,-0.549,0.183,1.77
27.548544883728027,0.876,1.33,-166.41,-0.427,0.183,1.831
27.553498029708862,0.874,1.329,-166.407,-0.244,0.305,1.831
27.558494806289673,0.873,1.328,-166.405,-0.183,0.305,1.831
27.563425064086914,0.872,1.328,-166.402,-0.183,0.244,1.892
27.568602085113525,0.87,1.327,-166.399,-0.366,0.244,1.892
27.573400020599365,0.868,1.327,-166.397,-0.488,0.183,1.77
27.578611135482788,0.866,1.327,-166.395,-0.549,0.183,1.77
27.58364701271057,0.863,1.327,-166.392,-0.549,0.183,1.892
27.588443994522095,0.862,1.326,-166.39,-0.427,0.183,1.892
27.593421936035156,0.863,1.326,-166.387,-0.366,0.183,1.892
27.598544120788574,0.863,1.326,-166.385,-0.244,0.244,1.953
27.60342288017273,0.863,1.325,-166.382,-0.183,0.244,1.892
27.608546018600464,0.863,1.325,-166.38,-0.244,0.183,1.892
27.613598108291626,0.861,1.325,-166.378,-0.427,0.244,1.831
27.618440866470337,0.859,1.324,-166.376,-0.549,0.244,1.831
27.62362790107727,0.857,1.323,-166.374,-0.61,0.244,1.892
27.628365993499756,0.855,1.323,-166.371,-0.61,0.244,1.892
27.63358211517334,0.854,1.322,-166.369,-0.366,0.244,1.892
27.63867211341858,0.855,1.322,-166.367,-0.244,0.244,1.892
27.643582820892334,0.856,1.322,-166.365,-0.122,0.244,1.892
27.648604154586792,0.856,1.321,-166.363,-0.244,0.244,1.831
27.653580904006958,0.855,1.321,-166.362,-0.244,0.244,1.831
27.65838313102722,0.853,1.321,-166.36,-0.488,0.244,1.831
27.663623094558716,0.851,1.32,-166.359,-0.549,0.244,1.77
27.66836404800415,0.849,1.32,-166.357,-0.549,0.183,1.892
27.673381090164185,0.847,1.32,-166.356,-0.488,0.183,1.831
27.678359031677246,0.847,1.319,-166.355,-0.305,0.244,1.831
27.68358588218689,0.846,1.319,-166.353,-0.244,0.244,1.892
27.688544034957886,0.846,1.319,-166.352,-0.244,0.244,1.892
27.69354796409607,0.845,1.32,-166.35,-0.244,0.183,1.953
27.698668956756592,0.844,1.32,-166.348,-0.427,0.183,1.953
27.703535079956055,0.843,1.32,-166.347,-0.427,0.183,1.831
27.708542823791504,0.842,1.32,-166.346,-0.488,0.305,1.831
27.713557958602905,0.841,1.319,-166.345,-0.488,0.305,1.892
27.71856713294983,0.84,1.319,-166.343,-0.366,0.183,1.892
27.72357487678528,0.84,1.319,-166.342,-0.305,0.183,1.892
27.728562116622925,0.84,1.319,-166.341,-0.305,0.183,1.892
27.73354697227478,0.839,1.318,-166.339,-0.427,0.244,1.892
27.738458156585693,0.838,1.318,-166.338,-0.427,0.244,1.831
27.743475914001465,0.838,1.318,-166.337,-0.427,0.183,1.892
27.749315977096558,0.837,1.318,-166.336,-0.488,0.183,1.831
27.75333595275879,0.836,1.319,-166.336,-0.427,0.183,1.831
27.75852108001709,0.836,1.319,-166.334,-0.427,0.244,1.892
27.763545036315918,0.835,1.319,-166.332,-0.366,0.244,1.953
27.768353939056396,0.834,1.318,-166.329,-0.366,0.244,1.892
27.77352809906006,0.833,1.317,-166.327,-0.366,0.244,1.892
27.77854895591736,0.832,1.317,-166.325,-0.366,0.244,1.892
27.783488988876343,0.831,1.316,-166.323,-0.427,0.244,1.892
27.78833293914795,0.83,1.315,-166.321,-0.427,0.244,1.831
27.793543100357056,0.83,1.315,-166.319,-0.427,0.244,1.831
27.7983341217041,0.83,1.314,-166.318,-0.427,0.244,1.831
27.803510904312134,0.83,1.313,-166.316,-0.366,0.244,1.831
27.80852198600769,0.83,1.313,-166.314,-0.305,0.183,1.892
27.81350588798523,0.831,1.313,-166.312,-0.183,0.183,1.892
27.8183650970459,0.831,1.314,-166.31,-0.244,0.244,1.892
27.82340693473816,0.83,1.314,-166.308,-0.244,0.244,1.892
27.82845711708069,0.829,1.314,-166.306,-0.427,0.244,1.892
27.833449840545654,0.827,1.314,-166.305,-0.549,0.244,1.831
27.838483810424805,0.827,1.314,-166.303,-0.549,0.244,1.831
27.843430042266846,0.825,1.313,-166.302,-0.549,0.244,1.77
27.84854793548584,0.824,1.313,-166.301,-0.366,0.244,1.831
27.85343599319458,0.824,1.313,-166.299,-0.244,0.244,1.892
27.85834312438965,0.824,1.312,-166.297,-0.183,0.244,1.953
27.86440110206604,0.824,1.312,-166.295,-0.183,0.244,1.953
27.868376970291138,0.823,1.312,-166.293,-0.305,0.244,1.892
27.873350143432617,0.821,1.312,-166.292,-0.488,0.244,1.831
27.878551959991455,0.819,1.312,-166.291,-0.61,0.244,1.77
27.883453130722046,0.818,1.312,-166.29,-0.61,0.244,1.831
27.888445138931274,0.817,1.311,-166.289,-0.549,0.244,1.831
27.8934109210968,0.818,1.311,-166.288,-0.305,0.244,1.831
27.898457050323486,0.818,1.31,-166.287,-0.244,0.244,1.831
27.90344500541687,0.819,1.31,-166.285,-0.183,0.244,1.953
27.908478021621704,0.819,1.31,-166.283,-0.183,0.183,1.953
27.91345715522766,0.819,1.31,-166.282,-0.366,0.183,1.953
27.91844606399536,0.819,1.31,-166.28,-0.488,0.183,1.892
27.923320055007935,0.818,1.31,-166.28,-0.549,0.183,1.77
27.92845106124878,0.817,1.31,-166.279,-0.549,0.183,1.77
27.933430910110474,0.817,1.31,-166.278,-0.366,0.244,1.77
27.938483238220215,0.817,1.31,-166.277,-0.244,0.244,1.831
27.943302154541016,0.817,1.31,-166.276,-0.183,0.244,1.892
27.948362827301025,0.818,1.31,-166.275,-0.183,0.244,1.892
27.95329713821411,0.818,1.31,-166.274,-0.244,0.244,1.892
27.958428144454956,0.817,1.31,-166.273,-0.427,0.244,1.831
27.963337898254395,0.816,1.31,-166.272,-0.488,0.244,1.831
27.96836018562317,0.816,1.31,-166.271,-0.488,0.244,1.831
27.97333812713623,0.815,1.31,-166.27,-0.488,0.244,1.831
27.978580951690674,0.814,1.31,-166.269,-0.427,0.183,1.831
27.983440160751343,0.814,1.31,-166.268,-0.366,0.183,1.953
27.988356113433838,0.815,1.309,-166.267,-0.183,0.183,1.953
27.993376970291138,0.815,1.309,-166.265,-0.183,0.244,1.953
27.99846911430359,0.816,1.308,-166.264,-0.183,0.244,1.892
28.00346302986145,0.816,1.308,-166.263,-0.305,0.244,1.892
28.00838017463684,0.816,1.307,-166.262,-0.427,0.183,1.892
28.013367891311646,0.814,1.308,-166.261,-0.61,0.183,1.831
28.018316984176636,0.812,1.307,-166.261,-0.671,0.183,1.831
28.023364067077637,0.811,1.307,-166.26,-0.549,0.183,1.831
28.02834916114807,0.813,1.307,-166.259,-0.305,0.244,1.892
28.033334016799927,0.816,1.307,-166.258,-0.122,0.244,1.892
28.03830122947693,0.818,1.307,-166.257,-0.061,0.244,1.892
28.04331111907959,0.819,1.307,-166.256,-0.183,0.305,1.892
28.048307180404663,0.819,1.307,-166.255,-0.366,0.305,1.892
28.053319215774536,0.817,1.307,-166.255,-0.549,0.244,1.831
28.058295965194702,0.816,1.307,-166.254,-0.549,0.183,1.831
28.06333899497986,0.815,1.308,-166.254,-0.61,0.183,1.831
28.06834387779236,0.814,1.308,-166.253,-0.549,0.183,1.831
28.073305130004883,0.815,1.308,-166.252,-0.366,0.244,1.892
28.078360080718994,0.816,1.308,-166.251,-0.244,0.244,1.953
28.08333110809326,0.817,1.308,-166.25,-0.122,0.244,1.953
28.088268995285034,0.818,1.308,-166.249,-0.183,0.305,1.892
28.093719959259033,0.818,1.308,-166.249,-0.366,0.244,1.831
28.098376989364624,0.818,1.308,-166.248,-0.549,0.183,1.831
28.103384017944336,0.816,1.308,-166.248,-0.61,0.183,1.831
28.108296155929565,0.816,1.308,-166.247,-0.61,0.183,1.831
28.11329984664917,0.816,1.308,-166.247,-0.427,0.244,1.831
28.1183500289917,0.817,1.308,-166.246,-0.244,0.244,1.831
28.123345136642456,0.819,1.308,-166.246,-0.183,0.183,1.892
28.128363847732544,0.82,1.308,-166.245,-0.183,0.244,1.892
28.133343935012817,0.821,1.307,-166.244,-0.305,0.305,1.892
28.138333082199097,0.82,1.307,-166.243,-0.488,0.305,1.892
28.14326500892639,0.819,1.307,-166.243,-0.549,0.183,1.892
28.148329257965088,0.818,1.306,-166.242,-0.61,0.183,1.831
28.153350114822388,0.818,1.306,-166.242,-0.549,0.305,1.831
28.158323049545288,0.818,1.306,-166.242,-0.366,0.305,1.831
28.163250207901,0.82,1.307,-166.242,-0.122,0.305,1.953
28.168313026428223,0.822,1.307,-166.242,-0.061,0.244,1.953
28.173346996307373,0.824,1.308,-166.243,-0.122,0.244,1.892
28.178255081176758,0.824,1.308,-166.243,-0.366,0.244,1.892
28.183309078216553,0.823,1.309,-166.244,-0.671,0.183,1.892
28.18827795982361,0.822,1.309,-166.246,-0.732,0.122,1.77
28.193326950073242,0.822,1.31,-166.247,-0.732,0.183,1.77
28.198344230651855,0.823,1.309,-166.248,-0.488,0.366,1.831
28.203310012817383,0.825,1.309,-166.249,-0.061,0.305,1.892
28.207632064819336,0.829,1.309,-166.25,-0.0,0.183,1.892
28.213258981704712,0.831,1.309,-166.251,-0.061,0.183,1.892
28.218278169631958,0.833,1.31,-166.251,-0.244,0.183,1.892
28.223292112350464,0.833,1.31,-166.252,-0.549,0.183,1.831
28.228249073028564,0.832,1.31,-166.253,-0.793,0.183,1.831
28.233235836029053,0.831,1.311,-166.255,-0.793,0.122,1.77
28.238291025161743,0.832,1.31,-166.255,-0.549,0.244,1.831
28.243239164352417,0.835,1.31,-166.256,-0.244,0.244,1.892
28.247838020324707,0.838,1.31,-166.256,-0.0,0.305,1.953
28.252527952194214,0.841,1.311,-166.257,-0.0,0.244,1.953
28.258236169815063,0.841,1.311,-166.257,-0.122,0.244,1.953
28.262709856033325,0.84,1.311,-166.257,-0.366,0.183,1.831
28.26791000366211,0.838,1.311,-166.257,-0.732,0.183,1.831
28.27266001701355,0.835,1.311,-166.257,-0.916,0.183,1.831
28.279038906097412,0.834,1.31,-166.257,-0.732,0.244,1.77
28.282646894454956,0.834,1.31,-166.257,-0.366,0.244,1.831
28.28767204284668,0.837,1.31,-166.256,-0.061,0.305,1.892
28.292510986328125,0.84,1.31,-166.256,-0.0,0.305,1.953
28.297441959381104,0.841,1.31,-166.255,-0.0,0.305,1.892
28.30289912223816,0.842,1.31,-166.255,-0.305,0.122,1.892
28.307881832122803,0.841,1.311,-166.254,-0.61,0.122,1.892
28.312583208084106,0.839,1.311,-166.254,-0.854,0.244,1.831
28.318448066711426,0.838,1.31,-166.254,-0.793,0.244,1.77
28.32255721092224,0.838,1.31,-166.254,-0.549,0.244,1.831
28.327869176864624,0.841,1.31,-166.254,-0.122,0.244,1.953
28.332444190979004,0.844,1.31,-166.253,-0.0,0.244,1.953
28.337777137756348,0.847,1.31,-166.252,0.061,0.244,1.953
28.342811107635498,0.848,1.31,-166.251,-0.122,0.244,1.953
28.347827196121216,0.848,1.31,-166.251,-0.427,0.183,1.892
28.35245418548584,0.846,1.31,-166.251,-0.732,0.183,1.831
28.357451915740967,0.845,1.311,-166.251,-0.793,0.183,1.831
28.362905025482178,0.844,1.311,-166.251,-0.732,0.183,1.831
28.36760115623474,0.846,1.312,-166.25,-0.366,0.183,1.892
28.372788906097412,0.849,1.313,-166.25,-0.061,0.244,1.953
28.37777805328369,0.852,1.313,-166.249,-0.0,0.244,1.892
28.382445096969604,0.854,1.313,-166.248,-0.061,0.244,1.953
28.38743019104004,0.854,1.312,-166.248,-0.305,0.244,1.892
28.392441987991333,0.853,1.312,-166.248,-0.549,0.244,1.892
28.39793300628662,0.851,1.312,-166.247,-0.732,0.244,1.892
28.40284514427185,0.85,1.312,-166.247,-0.732,0.244,1.892
28.40752601623535,0.85,1.312,-166.246,-0.488,0.244,1.892
28.412877082824707,0.851,1.311,-166.246,-0.244,0.244,1.953
28.417906045913696,0.852,1.311,-166.245,-0.122,0.244,1.953
28.422816038131714,0.854,1.31,-166.244,-0.122,0.244,1.953
28.427772045135498,0.854,1.31,-166.244,-0.305,0.305,1.892
28.43358612060547,0.853,1.31,-166.244,-0.488,0.183,1.892
28.43781805038452,0.852,1.31,-166.244,-0.549,0.244,1.831
28.44243812561035,0.851,1.31,-166.243,-0.549,0.183,1.831
28.44749617576599,0.851,1.311,-166.243,-0.427,0.183,1.831
28.45265507698059,0.851,1.311,-166.243,-0.244,0.244,1.953
28.45780611038208,0.852,1.311,-166.242,-0.061,0.244,1.892
28.462438106536865,0.853,1.311,-166.242,-0.183,0.183,1.892
28.46775221824646,0.853,1.311,-166.242,-0.366,0.244,1.892
28.472745895385742,0.851,1.31,-166.242,-0.61,0.244,1.831
28.477412939071655,0.85,1.31,-166.242,-0.671,0.244,1.831
28.482417106628418,0.849,1.309,-166.242,-0.488,0.244,1.831
28.487460136413574,0.85,1.31,-166.241,-0.122,0.244,1.892
28.49273991584778,0.851,1.311,-166.241,-0.0,0.244,1.953
28.49771213531494,0.853,1.311,-166.24,-0.0,0.244,1.953
28.502714157104492,0.853,1.311,-166.24,-0.305,0.183,1.831
28.507724046707153,0.852,1.31,-166.24,-0.671,0.183,1.831
28.512728929519653,0.85,1.31,-166.24,-0.854,0.305,1.77
28.517405033111572,0.849,1.31,-166.24,-0.61,0.305,1.77
28.522742986679077,0.85,1.31,-166.24,-0.244,0.305,1.831
28.527398109436035,0.852,1.31,-166.24,-0.0,0.244,1.953
28.532683849334717,0.854,1.311,-166.239,-0.0,0.183,1.953
28.537427186965942,0.854,1.311,-166.239,-0.122,0.183,1.953
28.542698860168457,0.853,1.311,-166.238,-0.549,0.183,1.892
28.548742055892944,0.85,1.311,-166.238,-0.916,0.183,1.831
28.552744150161743,0.847,1.311,-166.239,-0.977,0.122,1.77
28.557600021362305,0.846,1.311,-166.239,-0.732,0.183,1.831
28.562589168548584,0.847,1.311,-166.238,-0.366,0.244,1.953
28.567402839660645,0.85,1.311,-166.237,-0.0,0.244,1.953
28.572766065597534,0.854,1.311,-166.236,0.244,0.244,2.014
28.577651977539062,0.856,1.311,-166.235,-0.0,0.244,2.014
28.58271598815918,0.856,1.311,-166.235,-0.427,0.122,1.892
28.587398052215576,0.853,1.311,-166.235,-0.916,0.183,1.77
28.592687129974365,0.851,1.311,-166.236,-1.16,0.183,1.77
28.597704887390137,0.85,1.311,-166.236,-0.854,0.183,1.77
28.60269784927368,0.852,1.311,-166.236,-0.244,0.244,1.831
28.60768985748291,0.856,1.311,-166.235,0.305,0.305,1.953
28.612692832946777,0.86,1.312,-166.234,0.488,0.305,2.014
28.617697954177856,0.861,1.312,-166.233,-0.0,0.183,2.014
28.62266993522644,0.859,1.312,-166.233,-0.61,0.183,1.831
28.62770390510559,0.854,1.311,-166.234,-1.16,0.183,1.648
28.632673025131226,0.849,1.311,-166.235,-1.404,0.183,1.648
28.63754892349243,0.847,1.311,-166.236,-1.099,0.122,1.648
28.642558813095093,0.849,1.311,-166.236,-0.366,0.305,1.831
28.647539138793945,0.854,1.311,-166.235,0.244,0.366,1.953
28.65268087387085,0.859,1.31,-166.234,0.61,0.305,2.014
28.657471895217896,0.861,1.311,-166.233,0.305,0.305,2.014
28.66257095336914,0.859,1.31,-166.233,-0.305,0.305,1.831
28.667473077774048,0.855,1.31,-166.234,-0.977,0.183,1.709
28.67264699935913,0.849,1.31,-166.234,-1.404,0.122,1.709
28.677390098571777,0.846,1.311,-166.235,-1.16,0.122,1.709
28.682636976242065,0.845,1.311,-166.234,-0.549,0.244,1.892
28.687619924545288,0.849,1.311,-166.234,0.122,0.305,1.953
28.692616939544678,0.854,1.311,-166.232,0.488,0.366,2.075
28.69769310951233,0.859,1.311,-166.231,0.427,0.305,2.014
28.70259404182434,0.859,1.312,-166.231,-0.183,0.244,1.831
28.707546949386597,0.856,1.313,-166.231,-0.916,0.122,1.831
28.712558031082153,0.852,1.313,-166.232,-1.282,0.122,1.709
28.71743607521057,0.849,1.313,-166.233,-1.282,0.122,1.648
28.722563982009888,0.848,1.313,-166.233,-0.793,0.122,1.831
28.727381944656372,0.852,1.313,-166.232,-0.122,0.244,1.953
28.732616901397705,0.857,1.313,-166.231,0.305,0.305,2.014
28.737619876861572,0.861,1.313,-166.23,0.427,0.305,2.014
28.742468118667603,0.862,1.313,-166.229,0.061,0.305,2.014
28.747398138046265,0.86,1.314,-166.229,-0.427,0.122,1.892
28.75265407562256,0.856,1.314,-166.229,-0.916,0.122,1.77
28.75748610496521,0.851,1.315,-166.23,-1.282,0.122,1.648
28.762521028518677,0.849,1.315,-166.231,-1.038,0.183,1.648
28.767518997192383,0.85,1.314,-166.231,-0.549,0.305,1.831
28.772478103637695,0.854,1.315,-166.23,0.061,0.244,1.953
28.777661085128784,0.858,1.315,-166.229,0.366,0.305,2.075
28.782438039779663,0.86,1.314,-166.228,0.244,0.305,2.014
28.787437915802002,0.86,1.314,-166.227,-0.122,0.244,1.892
28.792550086975098,0.857,1.313,-166.227,-0.793,0.122,1.831
28.797504901885986,0.853,1.314,-166.228,-1.16,0.122,1.77
28.802377939224243,0.85,1.314,-166.228,-1.16,0.183,1.77
28.80759310722351,0.849,1.314,-166.228,-0.793,0.244,1.831
28.812578916549683,0.852,1.314,-166.228,-0.122,0.244,1.892
28.817587852478027,0.857,1.314,-166.227,0.366,0.244,2.014
28.82247805595398,0.861,1.314,-166.226,0.366,0.305,2.014
28.827554941177368,0.863,1.314,-166.225,-0.0,0.305,2.014
28.832584857940674,0.862,1.314,-166.225,-0.549,0.244,1.831
28.837568044662476,0.858,1.314,-166.225,-1.038,0.183,1.77
28.84257197380066,0.855,1.314,-166.225,-1.099,0.183,1.77
28.847561836242676,0.855,1.314,-166.226,-0.854,0.244,1.77
28.852403163909912,0.857,1.313,-166.225,-0.305,0.244,1.953
28.857553005218506,0.86,1.313,-166.223,0.183,0.244,2.014
28.862547874450684,0.863,1.313,-166.22,0.427,0.244,2.014
28.867480039596558,0.864,1.313,-166.217,0.183,0.244,2.014
28.87254500389099,0.862,1.313,-166.215,-0.366,0.244,1.831
28.877551078796387,0.858,1.313,-166.214,-0.854,0.183,1.77
28.88278102874756,0.854,1.313,-166.213,-1.16,0.183,1.709
28.88832998275757,0.85,1.313,-166.212,-0.977,0.183,1.709
28.892558097839355,0.85,1.314,-166.21,-0.549,0.183,1.831
28.897576093673706,0.851,1.314,-166.208,-0.061,0.305,1.953
28.90251588821411,0.853,1.313,-166.205,0.244,0.305,1.953
28.907366037368774,0.855,1.312,-166.203,0.244,0.305,1.953
28.91245412826538,0.856,1.312,-166.201,-0.0,0.244,1.892
28.917487144470215,0.853,1.312,-166.199,-0.549,0.244,1.892
28.922457933425903,0.848,1.312,-166.198,-0.977,0.183,1.77
28.927465200424194,0.844,1.312,-166.197,-1.038,0.183,1.709
28.93250298500061,0.842,1.312,-166.196,-0.793,0.183,1.77
28.9375159740448,0.842,1.311,-166.195,-0.305,0.305,1.77
28.94250202178955,0.845,1.311,-166.193,0.122,0.305,1.953
28.94754695892334,0.848,1.311,-166.191,0.305,0.305,1.953
28.95244789123535,0.849,1.311,-166.189,0.061,0.244,2.014
28.957353830337524,0.849,1.31,-166.188,-0.366,0.244,1.892
28.962337017059326,0.845,1.309,-166.187,-0.854,0.244,1.77
28.967419147491455,0.842,1.308,-166.186,-1.038,0.183,1.77
28.97249984741211,0.84,1.308,-166.184,-0.854,0.183,1.831
28.9773371219635,0.84,1.308,-166.183,-0.488,0.244,1.892
28.982472896575928,0.842,1.308,-166.181,-0.061,0.244,2.014
28.98769998550415,0.845,1.308,-166.179,0.122,0.305,2.014
28.992416858673096,0.846,1.307,-166.177,0.122,0.305,1.953
28.997481107711792,0.845,1.307,-166.175,-0.244,0.183,1.953
29.003384113311768,0.842,1.307,-166.175,-0.61,0.183,1.77
29.00750994682312,0.839,1.306,-166.174,-0.854,0.244,1.77
29.012374877929688,0.837,1.306,-166.174,-0.854,0.183,1.709
29.017369031906128,0.836,1.307,-166.173,-0.61,0.183,1.831
29.022402048110962,0.838,1.307,-166.172,-0.183,0.244,1.831
29.027384996414185,0.84,1.308,-166.17,-0.0,0.244,1.953
29.032325983047485,0.842,1.308,-166.169,-0.0,0.305,1.953
29.03740906715393,0.842,1.308,-166.167,-0.183,0.244,1.953
29.0423641204834,0.841,1.308,-166.166,-0.488,0.183,1.892
29.047362089157104,0.839,1.308,-166.165,-0.732,0.183,1.831
29.052338123321533,0.837,1.309,-166.164,-0.732,0.183,1.831
29.057404041290283,0.836,1.308,-166.163,-0.671,0.183,1.892
29.062389850616455,0.836,1.309,-166.162,-0.427,0.183,1.892
29.067391872406006,0.838,1.309,-166.161,-0.061,0.183,1.892
29.0723078250885,0.84,1.308,-166.161,-0.0,0.305,1.892
29.07736301422119,0.841,1.309,-166.16,-0.122,0.305,1.892
29.082391023635864,0.84,1.308,-166.16,-0.366,0.305,1.892
29.08738613128662,0.839,1.308,-166.16,-0.549,0.244,1.831
29.092393159866333,0.837,1.307,-166.16,-0.732,0.244,1.831
29.097309112548828,0.836,1.307,-166.16,-0.732,0.244,1.831
29.102415084838867,0.837,1.306,-166.16,-0.488,0.244,1.77
29.1073100566864,0.84,1.306,-166.16,-0.244,0.244,1.831
29.112476110458374,0.842,1.307,-166.159,-0.0,0.244,1.953
29.117470026016235,0.845,1.308,-166.158,0.061,0.244,1.953
29.12239718437195,0.846,1.308,-166.157,-0.061,0.244,1.953
29.12743902206421,0.845,1.309,-166.157,-0.488,0.183,1.953
29.13248300552368,0.843,1.309,-166.157,-0.854,0.183,1.77
29.137405157089233,0.841,1.308,-166.157,-1.038,0.183,1.77
29.142303943634033,0.84,1.308,-166.158,-0.916,0.244,1.709
29.147417068481445,0.843,1.308,-166.158,-0.427,0.244,1.77
29.15228796005249,0.846,1.308,-166.157,-0.0,0.244,1.953
29.157427072525024,0.849,1.308,-166.156,0.244,0.305,2.014
29.162405014038086,0.851,1.308,-166.155,0.183,0.305,2.014
29.167397022247314,0.851,1.308,-166.154,-0.183,0.305,1.953
29.17235493659973,0.848,1.308,-166.154,-0.732,0.244,1.831
29.177330017089844,0.844,1.308,-166.154,-1.099,0.183,1.77
29.182403087615967,0.842,1.308,-166.154,-1.038,0.183,1.77
29.18737506866455,0.842,1.308,-166.155,-0.671,0.244,1.77
29.192342042922974,0.845,1.308,-166.154,-0.183,0.244,1.892
29.197415113449097,0.849,1.307,-166.153,0.183,0.427,2.014
29.202362060546875,0.853,1.306,-166.152,0.244,0.305,2.014
29.207375049591064,0.854,1.306,-166.151,0.061,0.305,1.953
29.21239399909973,0.854,1.307,-166.151,-0.366,0.183,1.953
29.217358112335205,0.85,1.307,-166.151,-1.038,0.061,1.709
29.222317934036255,0.845,1.307,-166.152,-1.221,0.244,1.709
29.22740602493286,0.842,1.306,-166.152,-1.099,0.244,1.709
29.232346057891846,0.843,1.306,-166.152,-0.61,0.244,1.831
29.237268924713135,0.846,1.306,-166.151,-0.0,0.244,2.014
29.24228811264038,0.851,1.306,-166.15,0.366,0.305,2.014
29.24732804298401,0.854,1.306,-166.149,0.305,0.305,2.014
29.25235915184021,0.854,1.306,-166.148,-0.122,0.305,2.014
29.2572820186615,0.853,1.307,-166.149,-0.61,0.183,1.831
29.262339115142822,0.85,1.307,-166.15,-1.038,0.183,1.831
29.267256021499634,0.848,1.307,-166.152,-1.038,0.183,1.77
29.27236795425415,0.847,1.308,-166.153,-0.793,0.183,1.77
29.277255058288574,0.85,1.308,-166.154,-0.244,0.183,1.892
29.282323122024536,0.854,1.308,-166.155,0.122,0.305,1.953
29.28732419013977,0.859,1.308,-166.155,0.305,0.305,2.014
29.292341947555542,0.862,1.308,-166.155,0.061,0.244,1.953
29.297353982925415,0.861,1.309,-166.156,-0.366,0.183,1.831
29.302260875701904,0.859,1.31,-166.157,-0.793,0.183,1.77
29.307279109954834,0.857,1.31,-166.159,-1.038,0.244,1.77
29.312273025512695,0.856,1.31,-166.16,-0.977,0.244,1.77
29.317344903945923,0.857,1.31,-166.161,-0.61,0.183,1.831
29.322352170944214,0.86,1.31,-166.162,-0.122,0.244,1.831
29.32731580734253,0.864,1.31,-166.162,0.122,0.244,1.953
29.332297801971436,0.867,1.31,-166.162,0.122,0.305,2.014
29.337242126464844,0.87,1.311,-166.163,-0.061,0.305,1.892
29.342319011688232,0.87,1.311,-166.164,-0.549,0.305,1.831
29.34769606590271,0.868,1.312,-166.165,-0.854,0.122,1.709
29.352306127548218,0.866,1.312,-166.166,-0.916,0.183,1.77
29.357304096221924,0.866,1.313,-166.167,-0.671,0.183,1.77
29.362348079681396,0.868,1.313,-166.168,-0.427,0.244,1.892
29.36730694770813,0.871,1.313,-166.168,-0.061,0.183,1.953
29.372257947921753,0.875,1.313,-166.168,0.061,0.244,1.953
29.376711130142212,0.877,1.313,-166.168,-0.0,0.244,1.953
29.38232111930847,0.877,1.313,-166.168,-0.183,0.244,1.953
29.387338876724243,0.875,1.314,-166.168,-0.61,0.183,1.892
29.39230990409851,0.872,1.314,-166.169,-0.854,0.183,1.831
29.397289991378784,0.87,1.314,-166.17,-0.977,0.183,1.831
29.402279138565063,0.869,1.313,-166.17,-0.793,0.183,1.831
29.407270193099976,0.87,1.313,-166.171,-0.488,0.244,1.831
29.41181516647339,0.872,1.314,-166.171,-0.0,0.305,1.953
29.416810989379883,0.876,1.315,-166.171,0.427,0.305,2.014
29.42144203186035,0.878,1.316,-166.171,0.244,0.244,2.014
29.426857233047485,0.878,1.316,-166.171,-0.305,0.244,1.892
29.43188714981079,0.874,1.316,-166.172,-0.977,0.122,1.77
29.43715500831604,0.869,1.315,-166.173,-1.404,0.122,1.709
29.44148302078247,0.867,1.316,-166.174,-1.16,0.244,1.709
29.44703722000122,0.869,1.316,-166.175,-0.427,0.244,1.77
29.45188021659851,0.875,1.317,-166.177,0.183,0.244,2.014
29.456883907318115,0.882,1.318,-166.179,0.61,0.244,2.014
29.46267795562744,0.887,1.318,-166.181,0.366,0.244,2.075
29.466811180114746,0.889,1.319,-166.183,-0.122,0.305,2.014
29.471874952316284,0.888,1.319,-166.187,-0.793,0.183,1.77
29.476825952529907,0.886,1.321,-166.191,-1.282,0.122,1.648
29.481858015060425,0.884,1.321,-166.194,-1.282,0.122,1.709
29.486538887023926,0.885,1.322,-166.198,-0.854,0.183,1.77
29.491870164871216,0.89,1.322,-166.201,-0.244,0.305,1.892
29.49683904647827,0.897,1.323,-166.203,0.366,0.305,2.014
29.50170588493347,0.904,1.323,-166.204,0.61,0.244,2.075
29.50648593902588,0.907,1.324,-166.206,0.244,0.183,2.014
29.51179599761963,0.907,1.324,-166.209,-0.427,0.183,1.831
29.516654014587402,0.904,1.324,-166.212,-1.099,0.244,1.709
29.52159309387207,0.9,1.324,-166.215,-1.343,0.183,1.709
29.52644109725952,0.9,1.325,-166.218,-1.038,0.183,1.77
29.531572818756104,0.902,1.325,-166.22,-0.427,0.244,1.892
29.542129039764404,0.907,1.325,-166.222,0.183,0.366,1.892
29.542261838912964,0.913,1.325,-166.224,0.427,0.366,2.075
29.546772956848145,0.917,1.325,-166.225,0.183,0.244,2.014
29.55157709121704,0.92,1.325,-166.228,-0.244,0.244,1.892
29.55644416809082,0.92,1.326,-166.233,-0.793,0.183,1.831
29.56180191040039,0.92,1.326,-166.238,-1.099,0.183,1.77
29.566756010055542,0.92,1.327,-166.243,-1.099,0.183,1.77
29.571578979492188,0.923,1.327,-166.248,-0.793,0.183,1.77
29.57753300666809,0.928,1.328,-166.252,-0.183,0.183,1.953
29.581666946411133,0.934,1.328,-166.256,0.183,0.305,1.953
29.586539030075073,0.939,1.329,-166.26,0.244,0.305,2.014
29.591490983963013,0.942,1.329,-166.263,-0.0,0.305,2.014
29.596638917922974,0.943,1.329,-166.266,-0.427,0.183,1.953
29.601418018341064,0.942,1.329,-166.271,-0.854,0.183,1.77
29.606609106063843,0.94,1.33,-166.275,-1.038,0.183,1.709
29.611730098724365,0.941,1.33,-166.28,-0.854,0.244,1.77
29.616747856140137,0.943,1.331,-166.283,-0.427,0.244,1.892
29.621714115142822,0.947,1.331,-166.287,-0.0,0.244,1.953
29.62674593925476,0.951,1.331,-166.29,0.122,0.305,2.014
29.631699800491333,0.954,1.331,-166.293,-0.0,0.305,1.953
29.636729955673218,0.954,1.332,-166.296,-0.305,0.244,1.892
29.64174795150757,0.953,1.333,-166.3,-0.671,0.244,1.77
29.646740913391113,0.951,1.334,-166.304,-0.916,0.183,1.77
29.65172290802002,0.95,1.334,-166.309,-0.916,0.183,1.77
29.65641689300537,0.951,1.335,-166.314,-0.671,0.183,1.77
29.661497116088867,0.954,1.335,-166.318,-0.305,0.244,1.831
29.66671395301819,0.959,1.336,-166.322,-0.061,0.244,1.953
29.67173194885254,0.964,1.336,-166.326,0.061,0.366,1.953
29.676743030548096,0.968,1.336,-166.33,-0.061,0.366,1.953
29.68173313140869,0.971,1.337,-166.334,-0.305,0.244,1.953
29.6864070892334,0.972,1.338,-166.338,-0.549,0.244,1.892
29.691439151763916,0.973,1.338,-166.342,-0.732,0.244,1.831
29.69680094718933,0.973,1.339,-166.346,-0.732,0.244,1.831
29.701716899871826,0.975,1.339,-166.35,-0.549,0.183,1.831
29.706714153289795,0.977,1.339,-166.354,-0.305,0.183,1.831
29.71170711517334,0.98,1.339,-166.358,-0.061,0.183,1.892
29.71674418449402,0.983,1.339,-166.361,-0.061,0.305,1.892
29.72171401977539,0.985,1.339,-166.364,-0.183,0.305,1.892
29.72640895843506,0.985,1.339,-166.368,-0.366,0.183,1.892
29.73175311088562,0.984,1.339,-166.372,-0.61,0.183,1.77
29.73685383796692,0.983,1.34,-166.375,-0.671,0.183,1.831
29.74170207977295,0.983,1.34,-166.379,-0.671,0.244,1.831
29.746399879455566,0.983,1.34,-166.382,-0.488,0.244,1.831
29.751699924468994,0.986,1.34,-166.386,-0.305,0.244,1.831
29.756736993789673,0.987,1.34,-166.388,-0.183,0.244,1.831
29.761685848236084,0.989,1.34,-166.389,-0.122,0.244,1.892
29.766718864440918,0.989,1.34,-166.389,-0.244,0.244,1.953
29.771689891815186,0.987,1.34,-166.39,-0.427,0.244,1.892
29.776658058166504,0.985,1.34,-166.39,-0.61,0.183,1.831
29.78159499168396,0.983,1.34,-166.391,-0.61,0.183,1.831
29.786586046218872,0.981,1.34,-166.392,-0.61,0.183,1.831
29.79159903526306,0.981,1.34,-166.392,-0.427,0.244,1.831
29.79658317565918,0.981,1.339,-166.393,-0.244,0.244,1.892
29.80234408378601,0.982,1.339,-166.393,-0.122,0.244,1.953
29.80671000480652,0.982,1.339,-166.393,-0.122,0.244,1.953
29.81141185760498,0.982,1.339,-166.393,-0.244,0.244,1.892
29.816636085510254,0.981,1.339,-166.394,-0.427,0.244,1.892
29.821663856506348,0.979,1.338,-166.394,-0.61,0.244,1.831
29.826658010482788,0.977,1.338,-166.395,-0.61,0.244,1.831
29.831637859344482,0.975,1.338,-166.396,-0.61,0.244,1.831
29.836666107177734,0.975,1.337,-166.396,-0.427,0.244,1.831
29.841652870178223,0.975,1.337,-166.397,-0.244,0.183,1.892
29.846651077270508,0.975,1.337,-166.397,-0.183,0.183,1.953
29.85169816017151,0.975,1.337,-166.396,-0.183,0.183,1.892
29.856631994247437,0.972,1.337,-166.394,-0.305,0.183,1.892
29.8615620136261,0.969,1.336,-166.392,-0.427,0.183,1.892
29.86655306816101,0.965,1.336,-166.389,-0.549,0.183,1.892
29.87163519859314,0.962,1.336,-166.388,-0.549,0.244,1.831
29.876610040664673,0.959,1.336,-166.386,-0.488,0.244,1.831
29.881844997406006,0.957,1.335,-166.384,-0.366,0.244,1.892
29.886637926101685,0.956,1.334,-166.382,-0.183,0.244,1.892
29.89144992828369,0.955,1.334,-166.38,-0.183,0.305,1.892
29.896448850631714,0.953,1.332,-166.378,-0.244,0.366,1.892
29.901657104492188,0.951,1.332,-166.377,-0.366,0.305,1.831
29.90649700164795,0.949,1.332,-166.375,-0.427,0.183,1.831
29.91162419319153,0.947,1.331,-166.374,-0.549,0.244,1.77
29.91737413406372,0.944,1.331,-166.373,-0.549,0.244,1.77
29.921585083007812,0.942,1.331,-166.371,-0.427,0.244,1.892
29.926639080047607,0.941,1.331,-166.37,-0.244,0.244,1.892
29.93156909942627,0.941,1.331,-166.368,-0.122,0.244,1.892
29.93644905090332,0.94,1.331,-166.367,-0.183,0.244,1.892
29.94151282310486,0.939,1.331,-166.365,-0.366,0.244,1.892
29.94655704498291,0.937,1.331,-166.364,-0.488,0.244,1.892
29.95156192779541,0.934,1.33,-166.362,-0.61,0.244,1.892
29.956494092941284,0.932,1.33,-166.361,-0.61,0.244,1.831
29.961605072021484,0.93,1.329,-166.36,-0.488,0.305,1.892
29.966604948043823,0.929,1.329,-166.359,-0.244,0.244,1.892
29.97153615951538,0.929,1.329,-166.357,-0.122,0.244,1.892
29.97648811340332,0.929,1.329,-166.356,-0.122,0.244,1.892
29.98150897026062,0.928,1.328,-166.355,-0.244,0.244,1.892
29.986479997634888,0.926,1.329,-166.353,-0.427,0.244,1.892
29.991400241851807,0.923,1.329,-166.353,-0.61,0.183,1.831
29.996487140655518,0.92,1.329,-166.352,-0.671,0.183,1.831
30.001402139663696,0.918,1.329,-166.351,-0.549,0.183,1.831
